lat,lon,presence,elev_approx
51.738667,-3.08756,1,0
53.3,-2.4,1,0
49.98,-5.27,1,0
54.8,-2.2,1,0
52.039956,-3.301164,1,0
50.951222,-0.891674,1,0
53.313343,-1.634664,1,0
57.17426,-2.721064,1,0
51.9,-4.7,1,0
54.1,-2.0,1,0
53.1,-2.2,1,0
53.4,-2.8,1,0
54.195066,-4.461708,1,0
51.557454,-3.227481,1,0
51.327029,-2.782852,1,0
54.2,-4.5,1,0
54.12,-4.71,1,0
54.7,-2.1,1,0
55.84,-4.63,1,0
50.5,-4.3,1,0
51.8,-2.7,1,0
52.080704,-3.467984,1,0
52.730605,-1.30544,1,0
54.1,-1.7,1,0
52.6,-2.9,1,0
54.1,-1.6,1,0
50.8,-2.9,1,0
52.748915,-1.364408,1,0
52.935757,-3.088325,1,0
53.3,-2.5,1,0
54.0,-1.6,1,0
51.7,-4.8,1,0
54.5,-0.9,1,0
53.3,-2.4,1,0
55.8,-5.6,1,0
55.5,-3.9,1,0
53.1,-1.8,1,0
53.3,-2.4,1,0
52.1,-4.7,1,0
53.4,-0.3,1,0
53.0,-3.0,1,0
51.3,-0.8,1,0
54.8,-2.0,1,0
51.6,-4.9,1,0
54.603678,-6.035612,1,0
53.631501,-2.077084,1,0
50.58224,-3.7337,1,0
51.4,-2.7,1,0
52.3,-2.8,1,0
51.3,-2.7,1,0
55.8,-2.4,1,0
55.0,-2.4,1,0
50.8,-2.3,1,0
53.347074,-3.879199,1,0
58.338172,-3.174185,1,0
51.552131,-3.660047,1,0
52.4,-2.3,1,0
51.228581,-3.779355,1,0
51.9,-2.4,1,0
53.1,-3.2,1,0
54.0,-2.0,1,0
52.960514,-1.536233,1,0
51.557454,-3.227481,1,0
53.3,-2.4,1,0
55.0,-2.4,1,0
52.0,-2.9,1,0
53.3,-2.9,1,0
50.6,-3.7,1,0
54.186087,-4.461175,1,0
52.4,-3.1,1,0
57.554934,-4.175832,1,0
54.5,-0.9,1,0
51.557454,-3.227481,1,0
51.3,-0.8,1,0
52.982668,-4.16128,1,0
52.622906,-1.33669,1,0
53.16232,-4.170299,1,0
53.0,-1.5,1,0
51.041667,-0.617167,1,0
52.730775,-1.335055,1,0
54.9,-2.0,1,0
53.2,-3.2,1,0
50.8,-1.5,1,0
54.085704,-4.738119,1,0
54.9,-4.2,1,0
54.042996,-2.688688,1,0
52.001492,-3.676625,1,0
55.641959,-4.671703,1,0
50.2,-5.2,1,0
53.631501,-2.077084,1,0
52.0,-4.8,1,0
53.631501,-2.077084,1,0
53.002112,-1.777932,1,0
50.67,-4.52,1,0
51.648772,-3.085407,1,0
50.5,-4.2,1,0
58.1,-5.0,1,0
52.913843,1.265407,1,0
54.7,-2.2,1,0
55.9,-2.7,1,0
54.124998,-4.587649,1,0
52.694289,-1.246831,1,0
57.275141,-2.026517,1,0
51.231907,-3.779484,1,0
52.1,-3.0,1,0
53.7,-2.2,1,0
56.65,-5.01,1,0
51.7,-5.0,1,0
51.327068,-2.777111,1,0
54.889719,-1.923581,1,0
53.702828,-2.380166,1,0
52.0,-3.1,1,0
57.06,-4.14,1,0
53.3,-1.6,1,0
52.7,-1.2,1,0
54.8,-2.2,1,0
50.960001,0.27485,1,0
53.092185,-2.076114,1,0
54.140945,-4.680516,1,0
51.73563,-3.377122,1,0
50.2,-5.6,1,0
53.4,-1.5,1,0
54.2,-2.9,1,0
51.4,-2.7,1,0
56.63,-5.67,1,0
58.078464,-5.232261,1,0
53.4,-2.8,1,0
50.8,-1.7,1,0
53.4,-0.3,1,0
51.557454,-3.227481,1,0
54.8,-2.0,1,0
53.7,-1.7,1,0
56.987189,-3.540277,1,0
51.4,-2.7,1,0
56.557452,-5.439193,1,0
54.8,-2.0,1,0
51.8,-4.9,1,0
54.7,-2.2,1,0
51.557454,-3.227481,1,0
51.8,-2.7,1,0
58.5,-4.7,1,0
56.429896,-5.25892,1,0
51.645744,-3.374396,1,0
50.5,-5.0,1,0
54.3,-2.5,1,0
51.9,-2.8,1,0
53.3,-1.6,1,0
52.5,-2.0,1,0
53.3,-1.9,1,0
55.0,-2.1,1,0
52.2,-3.0,1,0
53.63919,-2.49983,1,0
52.7,0.7,1,0
52.1,-3.0,1,0
51.459701,-2.425999,1,0
54.889719,-1.923581,1,0
52.4,-2.4,1,0
53.631308,-2.228303,1,0
54.108321,-4.73196,1,0
54.0,-1.6,1,0
56.5,-4.3,1,0
53.454394,-1.580192,1,0
51.8,-2.5,1,0
52.5,-2.0,1,0
52.976881,-4.458906,1,0
52.5,-2.6,1,0
54.5,-1.1,1,0
53.257235,-3.875257,1,0
52.694289,-1.246831,1,0
56.399571,-5.519608,1,0
53.7,-2.1,1,0
53.1,-2.3,1,0
53.8,-1.9,1,0
54.8,-1.9,1,0
57.6,-7.3,1,0
53.349345,-3.729059,1,0
55.3,-2.0,1,0
54.3,-1.0,1,0
51.0,-1.6,1,0
53.0,-3.2,1,0
53.3,-2.9,1,0
53.4,-1.6,1,0
51.8,-3.1,1,0
52.0,-4.9,1,0
50.9,-2.7,1,0
52.641348,-1.425082,1,0
51.737238,-3.232347,1,0
50.6,-4.6,1,0
54.2,-1.2,1,0
52.9,-3.1,1,0
55.0,-2.3,1,0
50.957959,0.397146,1,0
51.532109,-3.285188,1,0
53.8,-2.0,1,0
53.1,-2.0,1,0
53.316421,-1.604872,1,0
53.666162,-2.56145,1,0
56.427858,-5.254365,1,0
50.3,-4.7,1,0
54.6,-2.1,1,0
51.645744,-3.374396,1,0
51.557454,-3.227481,1,0
51.1,-3.2,1,0
52.694097,-1.217241,1,0
51.1,-3.1,1,0
55.0,-1.8,1,0
54.7,-1.9,1,0
52.5,-2.4,1,0
57.216616,-3.723342,1,0
57.2,-3.8,1,0
53.069686,-4.314912,1,0
57.282469,-6.44737,1,0
57.17426,-2.721064,1,0
51.891212,-2.4446,1,0
52.6,-1.4,1,0
53.448877,-2.829611,1,0
51.5,-2.8,1,0
53.188983,-4.112519,1,0
55.1,-2.2,1,0
50.8,-3.5,1,0
53.541621,-1.926021,1,0
55.5,-1.6,1,0
53.3,-2.4,1,0
53.541043,-2.378714,1,0
52.0,-4.7,1,0
53.314965,-1.576006,1,0
56.528925,-5.488499,1,0
53.451735,-2.076757,1,0
53.7,-2.6,1,0
57.4,-6.7,1,0
51.8,-2.7,1,0
52.001492,-3.676625,1,0
57.505586,-6.172114,1,0
51.23094,-3.778014,1,0
57.3,-4.7,1,0
51.6,-3.0,1,0
51.3,-2.7,1,0
52.2,-3.0,1,0
51.737238,-3.232347,1,0
50.807831,-2.832328,1,0
51.1,0.4,1,0
50.8,-2.8,1,0
54.3,-2.5,1,0
56.495139,-5.420055,1,0
57.400698,-2.226292,1,0
51.7,-5.3,1,0
54.3,-2.5,1,0
51.9,-2.8,1,0
57.725266,-4.543451,1,0
51.7,-5.1,1,0
54.6,-3.1,1,0
54.205283,-4.400976,1,0
51.462254,-3.656783,1,0
51.557454,-3.227481,1,0
54.1,-0.9,1,0
51.557454,-3.227481,1,0
52.0,-2.3,1,0
51.2,0.3,1,0
54.186087,-4.461175,1,0
53.448877,-2.829611,1,0
52.906786,1.260413,1,0
53.3,-2.4,1,0
51.1,0.6,1,0
53.3,-2.4,1,0
54.591774,-6.023904,1,0
53.631308,-2.228303,1,0
54.978384,-1.454695,1,0
51.555857,-3.371684,1,0
53.347771,-2.384508,1,0
50.8,-1.4,1,0
50.9,-3.2,1,0
55.84,-4.63,1,0
54.8,-1.5,1,0
52.0,-4.8,1,0
50.6,-4.7,1,0
50.8,-1.7,1,0
51.9,-4.9,1,0
54.3,-2.5,1,0
53.7,-2.6,1,0
55.8,-5.3,1,0
50.0,-5.2,1,0
50.4,-5.0,1,0
51.3,0.2,1,0
50.5,-4.3,1,0
51.643964,-3.51887,1,0
57.869904,-4.633251,1,0
51.094056,0.404893,1,0
53.648578,-2.470446,1,0
52.976881,-4.458906,1,0
53.631501,-2.077084,1,0
54.226402,-4.678382,1,0
52.935757,-3.088325,1,0
50.9,-1.3,1,0
50.9,-1.5,1,0
53.1,-1.9,1,0
54.617253,-6.001285,1,0
54.3,-0.7,1,0
55.94,-4.48,1,0
53.0,-2.1,1,0
50.8,-2.9,1,0
52.564012,-3.039265,1,0
51.63987,-3.80777,1,0
51.2,-3.8,1,0
51.6,-0.6,1,0
54.065812,-4.622176,1,0
51.9,-2.4,1,0
54.124998,-4.587649,1,0
57.6,-4.5,1,0
58.3,-3.2,1,0
52.3,-1.3,1,0
54.6,-2.0,1,0
55.4,-1.9,1,0
50.9,-2.7,1,0
53.7,-2.2,1,0
53.376544,-2.888332,1,0
50.2,-4.9,1,0
50.9,-4.1,1,0
53.1,-4.1,1,0
53.3,-1.6,1,0
52.785315,-1.452841,1,0
51.557454,-3.227481,1,0
51.7,-2.7,1,0
51.557454,-3.227481,1,0
51.645744,-3.374396,1,0
53.314879,-1.577208,1,0
53.313347,-1.635985,1,0
50.9,-3.5,1,0
51.557454,-3.227481,1,0
51.557454,-3.227481,1,0
51.467561,-3.225066,1,0
55.9,-2.7,1,0
52.0,-4.8,1,0
53.316228,-1.577195,1,0
51.557454,-3.227481,1,0
54.9,-2.1,1,0
52.3,-2.8,1,0
51.642006,-3.663328,1,0
53.3,-1.6,1,0
51.642006,-3.663328,1,0
53.702828,-2.380166,1,0
52.623222,-1.395775,1,0
53.541621,-1.926021,1,0
56.555209,-5.442245,1,0
57.870025,-4.700211,1,0
53.1,-2.7,1,0
57.336772,-3.604726,1,0
52.3,-0.2,1,0
53.3,-1.5,1,0
51.9,-4.9,1,0
51.891212,-2.4446,1,0
51.891212,-2.4446,1,0
51.8,-5.1,1,0
50.4,-4.8,1,0
51.552005,-3.189112,1,0
54.6,-2.1,1,0
51.7,-0.7,1,0
54.0,-2.0,1,0
53.5,-2.0,1,0
51.7,-0.1,1,0
52.642537,-1.779755,1,0
52.545952,-2.820587,1,0
51.230011,-3.803474,1,0
50.4,-4.7,1,0
54.2,-1.1,1,0
51.651088,-2.796373,1,0
53.311187,-1.601183,1,0
53.7,-1.7,1,0
55.656925,-4.675823,1,0
51.3,-0.8,1,0
53.315588,-1.574349,1,0
51.0,-3.5,1,0
54.9,-1.7,1,0
51.3,-2.7,1,0
50.8,-2.9,1,0
52.5,-2.9,1,0
52.0,-0.7,1,0
53.3,-1.1,1,0
53.7,-2.1,1,0
52.8,1.2,1,0
50.9,0.3,1,0
54.0,-1.5,1,0
51.4,-2.7,1,0
53.448877,-2.829611,1,0
57.2,-3.7,1,0
53.631308,-2.228303,1,0
54.1,-2.3,1,0
58.4737,-6.2211,1,0
50.4,-4.7,1,0
54.8,-1.6,1,0
52.8,1.2,1,0
57.3,-7.3,1,0
53.361852,-1.926332,1,0
52.7,0.6,1,0
54.14,-4.68,1,0
55.67,-4.14,1,0
53.4,-2.1,1,0
51.557454,-3.227481,1,0
52.642537,-1.779755,1,0
52.9,1.3,1,0
51.741782,-3.393024,1,0
51.557454,-3.227481,1,0
53.176798,-3.123594,1,0
56.4,-4.4,1,0
52.938467,-3.086905,1,0
52.1,-2.3,1,0
53.2,-0.6,1,0
51.557454,-3.227481,1,0
56.391278,-5.433907,1,0
54.7,-1.9,1,0
51.7,-2.8,1,0
53.631308,-2.228303,1,0
51.160932,-0.576324,1,0
53.631308,-2.228303,1,0
56.525464,-5.496476,1,0
57.052158,-6.566312,1,0
58.57253,-3.801054,1,0
54.0,-1.5,1,0
52.040806,-3.305563,1,0
51.4,-1.7,1,0
55.5,-2.9,1,0
52.730605,-1.30544,1,0
50.9,-3.5,1,0
51.9,-4.7,1,0
54.9,-2.0,1,0
54.047676,-4.827286,1,0
50.6,-4.6,1,0
52.7,-1.4,1,0
53.8,-1.6,1,0
53.6,-2.3,1,0
53.1,-1.5,1,0
53.1,-2.0,1,0
54.9,-2.1,1,0
50.6,-3.6,1,0
51.44079,-2.709979,1,0
51.56,-1.02,1,0
52.658333,-1.247449,1,0
53.314418,-1.57376,1,0
50.3,-4.8,1,0
52.698542,-1.209763,1,0
53.4,-1.8,1,0
53.541621,-1.926021,1,0
54.5,-1.5,1,0
54.7,-3.0,1,0
54.7,-3.0,1,0
53.3,0.1,1,0
56.248587,-3.308745,1,0
53.1,-1.5,1,0
53.9,-2.5,1,0
53.0,-2.0,1,0
53.631308,-2.228303,1,0
58.1,-5.3,1,0
56.272707,-5.616364,1,0
53.1,-2.0,1,0
52.4,-0.6,1,0
56.329375,-5.376881,1,0
54.7,-2.2,1,0
54.58746,-6.023579,1,0
53.5,-2.0,1,0
50.5,-4.8,1,0
54.4,-1.2,1,0
51.9,-4.9,1,0
53.2,-3.0,1,0
51.5,-1.0,1,0
53.6,-2.4,1,0
55.5,-3.82,1,0
54.1,-2.3,1,0
53.6,-2.2,1,0
54.23,-4.53,1,0
52.0,-4.8,1,0
54.3,-2.5,1,0
54.0,-1.0,1,0
51.460644,-2.835516,1,0
51.554082,-3.515873,1,0
51.737238,-3.232347,1,0
51.3,-2.7,1,0
57.542149,-5.848211,1,0
52.6,-2.8,1,0
56.6,-5.7,1,0
56.248587,-3.308745,1,0
53.647726,-2.651973,1,0
51.467561,-3.225066,1,0
53.631501,-2.077084,1,0
54.269955,-4.535289,1,0
56.298967,-5.64375,1,0
54.70999,-1.923918,1,0
51.441109,-2.65531,1,0
53.631501,-2.077084,1,0
54.9,-1.7,1,0
53.631501,-2.077084,1,0
57.048868,-2.652699,1,0
51.5,-0.6,1,0
53.31417,-1.579917,1,0
53.631501,-2.077084,1,0
51.647347,-3.229908,1,0
52.278009,-3.100718,1,0
56.248587,-3.308745,1,0
54.619921,-2.233809,1,0
58.2,-5.0,1,0
53.6,-2.1,1,0
56.324407,-2.858571,1,0
51.16,0.82,1,0
54.919518,-1.71681,1,0
53.666162,-2.56145,1,0
57.325403,-2.95652,1,0
51.9,-2.4,1,0
51.73563,-3.377122,1,0
51.460644,-2.835516,1,0
51.557454,-3.227481,1,0
51.6,-3.0,1,0
53.3,-1.6,1,0
53.6,-2.1,1,0
51.3,0.2,1,0
54.195066,-4.461708,1,0
58.065924,-5.010652,1,0
56.476688,-5.561355,1,0
51.44079,-2.709979,1,0
56.892392,-5.790926,1,0
54.0,-1.0,1,0
50.9,-3.5,1,0
54.32,-4.53,1,0
53.631501,-2.077084,1,0
52.913843,1.265407,1,0
51.5,-2.8,1,0
54.8,-2.0,1,0
52.3,-2.8,1,0
54.652913,-5.947004,1,0
51.0,-2.9,1,0
51.0,-0.9,1,0
54.1,-2.3,1,0
54.1,-2.3,1,0
51.552743,-3.372672,1,0
52.803009,-4.152357,1,0
52.1,-3.0,1,0
57.0,-3.4,1,0
55.0,-1.7,1,0
55.6,-2.1,1,0
54.0,-1.7,1,0
51.555857,-3.371684,1,0
52.0,-3.0,1,0
52.366433,-3.249786,1,0
58.0,-4.2,1,0
52.0,-4.9,1,0
57.048868,-2.652699,1,0
51.557454,-3.227481,1,0
51.554082,-3.515873,1,0
51.467561,-3.225066,1,0
53.454568,-1.578533,1,0
53.631308,-2.228303,1,0
53.5,-2.5,1,0
52.748753,-1.334781,1,0
53.4,-2.9,1,0
54.328476,-4.531199,1,0
52.082942,-3.468787,1,0
51.557454,-3.227481,1,0
50.7,-3.3,1,0
54.195066,-4.461708,1,0
54.195066,-4.461708,1,0
54.195066,-4.461708,1,0
50.7,-3.3,1,0
56.450392,-2.828965,1,0
51.557454,-3.227481,1,0
52.3,-2.7,1,0
56.27391,-5.615185,1,0
57.5,-6.7,1,0
53.3,-1.1,1,0
55.784291,-6.254672,1,0
54.195489,-4.653382,1,0
51.73563,-3.377122,1,0
51.560341,-3.164806,1,0
53.244563,-2.044166,1,0
54.7,-2.8,1,0
51.465968,-3.368986,1,0
51.462254,-3.656783,1,0
51.645744,-3.374396,1,0
53.541043,-2.378714,1,0
50.9,-1.5,1,0
51.557454,-3.227481,1,0
54.7,-2.3,1,0
51.0,-1.4,1,0
52.3,-2.9,1,0
53.541619,-2.07692,1,0
59.778122,-2.84771,1,0
56.0,-4.2,1,0
51.6,-3.0,1,0
55.0,-4.1,1,0
51.6,-3.0,1,0
53.3,-1.1,1,0
52.2,-3.1,1,0
52.623222,-1.395775,1,0
51.738667,-3.08756,1,0
54.195489,-4.653382,1,0
50.984659,-0.612354,1,0
52.7,-1.9,1,0
53.847191,-2.10788,1,0
51.891212,-2.4446,1,0
50.8,-1.4,1,0
54.8,-1.4,1,0
53.2,-3.3,1,0
52.9,-3.0,1,0
52.1,-2.3,1,0
51.1,-3.3,1,0
52.1,-2.4,1,0
55.8,-5.1,1,0
51.557454,-3.227481,1,0
51.557454,-3.227481,1,0
53.315236,-1.576454,1,0
53.3,-2.4,1,0
51.557454,-3.227481,1,0
54.3,-1.0,1,0
57.397975,-2.858571,1,0
52.51021,-6.56304,1,0
53.3,-2.4,1,0
51.557454,-3.227481,1,0
51.1,-3.2,1,0
50.9,-2.7,1,0
52.092857,-3.231177,1,0
54.1,-2.3,1,0
53.394952,-2.828561,1,0
51.560118,-2.939038,1,0
56.231289,-3.243629,1,0
52.2,-3.0,1,0
52.2,-3.0,1,0
52.2,-3.0,1,0
54.144894,-4.497012,1,0
57.4,-2.3,1,0
51.733844,-3.521882,1,0
51.160676,0.243161,1,0
51.554082,-3.515873,1,0
51.7,-2.2,1,0
54.4,-1.3,1,0
54.0,-1.0,1,0
51.1,-3.2,1,0
56.625153,-5.311542,1,0
50.7,-3.3,1,0
54.195066,-4.461708,1,0
57.439373,-6.753501,1,0
56.987787,-3.490928,1,0
53.1,-1.9,1,0
50.9,-3.3,1,0
51.2,0.2,1,0
56.248242,-3.341011,1,0
56.434343,-5.215978,1,0
54.7,-2.2,1,0
53.451737,-1.926177,1,0
51.8,-2.7,1,0
52.33474,-3.270907,1,0
52.730605,-1.30544,1,0
50.9,-3.8,1,0
51.441109,-2.65531,1,0
57.455787,-6.747625,1,0
52.9,-2.1,1,0
54.6,-2.1,1,0
55.99,-3.46,1,0
55.4,-1.8,1,0
50.0,-5.2,1,0
54.126622,-4.717858,1,0
54.7,-2.2,1,0
52.550993,-1.337774,1,0
57.572061,-4.213981,1,0
53.631501,-2.077084,1,0
52.11287,-3.519425,1,0
51.231907,-3.779484,1,0
53.541621,-1.926021,1,0
52.7,-1.3,1,0
51.0,-2.1,1,0
52.7,-1.9,1,0
50.15,-5.71,1,0
53.002105,-2.224966,1,0
53.080466,-1.843437,1,0
53.631308,-2.228303,1,0
53.631308,-2.228303,1,0
53.407327,-1.617057,1,0
55.85,-4.31,1,0
57.6,-4.5,1,0
57.1,-2.8,1,0
50.8,-2.9,1,0
54.642148,-5.986783,1,0
54.2,-2.4,1,0
53.1,-2.2,1,0
51.743023,-3.402042,1,0
50.9,-2.6,1,0
57.352835,-2.890755,1,0
54.200147,-4.646014,1,0
53.6,-0.6,1,0
54.1,-2.2,1,0
54.603118,-6.036628,1,0
54.59157,-6.020556,1,0
54.200147,-4.646014,1,0
50.9,-2.6,1,0
57.445347,-2.343192,1,0
54.155258,-4.643148,1,0
57.46444,-4.288172,1,0
53.449281,-2.769388,1,0
53.164951,-4.020829,1,0
54.615262,-6.003163,1,0
53.2,-2.7,1,0
53.631308,-2.228303,1,0
51.9,-2.0,1,0
53.9,-1.7,1,0
51.994185,-4.776154,1,0
51.539963,-3.223405,1,0
53.9,-1.7,1,0
55.9,-3.6,1,0
53.7,-2.1,1,0
51.9,0.2,1,0
54.1,-2.0,1,0
53.9,-1.6,1,0
54.3,-1.1,1,0
51.1,-3.3,1,0
51.4,-2.7,1,0
57.595839,-3.716518,1,0
55.76,-4.31,1,0
53.313782,-1.600544,1,0
52.694097,-1.217241,1,0
51.849324,-3.925047,1,0
51.557454,-3.227481,1,0
53.6,-2.1,1,0
57.247033,-2.5402,1,0
57.866082,-3.78441,1,0
51.462254,-3.656783,1,0
51.737238,-3.232347,1,0
51.1,0.3,1,0
56.6,-5.8,1,0
52.730605,-1.30544,1,0
54.3,-2.9,1,0
53.2,-2.0,1,0
53.631501,-2.077084,1,0
57.182883,-6.080636,1,0
53.631501,-2.077084,1,0
53.631501,-2.077084,1,0
57.32049,-7.335574,1,0
51.554082,-3.515873,1,0
54.0,-1.9,1,0
53.631308,-2.228303,1,0
55.4,-1.7,1,0
53.631308,-2.228303,1,0
51.994185,-4.776154,1,0
51.555857,-3.371684,1,0
57.984689,-4.141027,1,0
52.712451,-1.276123,1,0
51.9,-2.4,1,0
50.9,-3.3,1,0
50.7,-3.8,1,0
50.9,-1.4,1,0
53.5,-2.0,1,0
51.3,-2.7,1,0
53.9,-1.8,1,0
53.6,-2.2,1,0
50.4,-4.9,1,0
50.5,-4.7,1,0
54.1,-0.9,1,0
53.9,-1.8,1,0
53.9,-1.8,1,0
54.7,-2.2,1,0
54.158215,-4.71227,1,0
52.730605,-1.30544,1,0
51.557454,-3.227481,1,0
51.557454,-3.227481,1,0
51.557454,-3.227481,1,0
51.557454,-3.227481,1,0
53.312362,-4.295752,1,0
54.214262,-4.401497,1,0
53.6663,-2.531182,1,0
53.3,-2.0,1,0
58.0,-4.1,1,0
54.0,-1.9,1,0
53.7,-1.7,1,0
56.522897,-5.501444,1,0
51.648772,-3.085407,1,0
50.8,-2.9,1,0
52.0,-4.8,1,0
50.9,-1.4,1,0
51.9,-5.2,1,0
57.452458,-4.237332,1,0
51.325298,-2.772776,1,0
54.144894,-4.497012,1,0
52.025198,-3.554347,1,0
51.9,-2.4,1,0
57.163005,-3.828699,1,0
52.4,-2.5,1,0
53.6,-2.1,1,0
53.9,-1.9,1,0
51.741885,-2.653137,1,0
52.11287,-3.519425,1,0
51.7,-5.0,1,0
53.0,-2.2,1,0
57.2,-2.7,1,0
54.6,-3.1,1,0
53.541621,-1.926021,1,0
52.3,-2.8,1,0
51.741885,-2.653137,1,0
54.589605,-6.027854,1,0
51.1,-3.3,1,0
54.9,-1.7,1,0
51.645744,-3.374396,1,0
51.560356,-3.163363,1,0
51.048645,-0.194564,1,0
53.666016,-2.591717,1,0
54.0,-1.0,1,0
54.0,-1.6,1,0
56.385435,-5.53613,1,0
54.2,-1.1,1,0
51.555857,-3.371684,1,0
54.155258,-4.643148,1,0
51.6,-0.6,1,0
53.3,-2.5,1,0
53.4,-2.8,1,0
51.650019,-2.940895,1,0
51.557454,-3.227481,1,0
51.537311,-3.219008,1,0
53.1,-2.2,1,0
57.323304,-7.343469,1,0
54.061305,-2.627879,1,0
54.1,-0.9,1,0
51.557454,-3.227481,1,0
57.4,-6.6,1,0
52.5,-2.0,1,0
50.5,-4.6,1,0
51.648772,-3.085407,1,0
52.0,-3.0,1,0
53.316431,-1.639126,1,0
50.5,-4.4,1,0
53.630924,-2.379519,1,0
50.2,-5.3,1,0
53.1,-1.9,1,0
54.919518,-1.71681,1,0
53.6,-2.3,1,0
53.1,-3.2,1,0
51.560118,-2.939038,1,0
51.0,-0.6,1,0
52.4,-2.4,1,0
54.1,-1.0,1,0
50.5,-4.0,1,0
54.3,-2.5,1,0
51.8,-5.1,1,0
54.153898,-4.704329,1,0
56.450521,-5.404677,1,0
50.8,-2.9,1,0
51.3,-2.9,1,0
53.4,-1.9,1,0
54.4,-2.9,1,0
53.376317,-2.918391,1,0
51.0,-4.1,1,0
58.746696,-2.977114,1,0
51.828561,-3.089724,1,0
51.828561,-3.089724,1,0
54.1,-1.7,1,0
52.7,-1.2,1,0
50.0,-5.2,1,0
53.631308,-2.228303,1,0
57.629511,-4.476025,1,0
51.9,-2.7,1,0
50.35,-4.17,1,0
54.3,-2.5,1,0
54.292562,-4.528995,1,0
53.259498,-3.725431,1,0
50.8,-2.7,1,0
51.3,-2.6,1,0
51.1,-3.1,1,0
58.063042,-5.324991,1,0
52.5,-2.6,1,0
52.693898,-1.187652,1,0
52.2,-3.0,1,0
57.099353,-3.132256,1,0
56.547335,-5.450644,1,0
51.557454,-3.227481,1,0
53.2,-3.2,1,0
52.0,-0.7,1,0
54.200147,-4.646014,1,0
56.663745,-5.037501,1,0
53.455053,-1.576044,1,0
52.1,-2.3,1,0
52.1,-2.3,1,0
51.73563,-3.377122,1,0
50.7,-3.3,1,0
56.477467,-5.55298,1,0
52.982668,-4.16128,1,0
53.0,1.1,1,0
52.065423,0.989329,1,0
51.557454,-3.227481,1,0
51.8,-4.7,1,0
53.5,-2.0,1,0
53.4,-2.9,1,0
51.7,-4.8,1,0
51.560118,-2.939038,1,0
52.3,-3.6,1,0
51.637557,-3.952192,1,0
52.5,-2.0,1,0
50.2,-5.7,1,0
51.8,-4.9,1,0
51.1,-2.3,1,0
54.14,-4.68,1,0
54.328476,-4.531199,1,0
56.529574,-5.468548,1,0
50.9,-3.5,1,0
54.9,-2.0,1,0
50.58412,-3.73348,1,0
56.0,-4.4,1,0
54.3,-2.5,1,0
54.2,-2.8,1,0
52.65376,-0.715338,1,0
54.556493,-5.588627,1,0
54.275245,-4.497211,1,0
50.8,-2.9,1,0
50.8,-2.9,1,0
50.8,-2.9,1,0
54.0,-1.0,1,0
52.908071,1.262741,1,0
55.85,-4.31,1,0
50.7,-3.3,1,0
51.5,-2.8,1,0
50.9,-2.6,1,0
52.0,-4.8,1,0
54.9,-1.8,1,0
55.85,-4.31,1,0
57.2,-6.0,1,0
56.479541,-5.402079,1,0
51.737238,-3.232347,1,0
54.590979,-6.024566,1,0
54.9,-2.0,1,0
52.694473,-1.27642,1,0
54.107041,-4.58653,1,0
55.0,-1.8,1,0
53.9,-2.1,1,0
55.99,-3.46,1,0
53.1,-1.9,1,0
54.9,-2.5,1,0
53.5,-1.9,1,0
58.987144,-2.949987,1,0
52.3,-1.7,1,0
54.0,-1.2,1,0
52.5,-2.7,1,0
54.889719,-1.923581,1,0
53.541619,-2.07692,1,0
54.99429,-6.107828,1,0
56.454421,-6.050883,1,0
52.938467,-3.086905,1,0
51.4,-2.7,1,0
54.6,-2.8,1,0
54.7,-2.0,1,0
57.2,-3.7,1,0
53.164951,-4.020829,1,0
51.2,-3.8,1,0
51.650019,-2.940895,1,0
50.9,-1.8,1,0
52.0,-2.3,1,0
51.465968,-3.368986,1,0
53.3,-2.5,1,0
54.4,-0.7,1,0
54.8,-2.1,1,0
53.9,-1.8,1,0
51.5,-0.5,1,0
50.8,-1.6,1,0
57.2,-6.1,1,0
51.650019,-2.940895,1,0
53.091996,-2.225435,1,0
54.7,-3.3,1,0
51.557454,-3.227481,1,0
57.70567,-4.485001,1,0
52.712959,-1.364931,1,0
54.4,-2.5,1,0
54.3,-0.7,1,0
53.9,-2.5,1,0
57.180291,-6.06909,1,0
55.0,-1.5,1,0
54.0,-1.6,1,0
54.0,-1.6,1,0
53.5,-1.9,1,0
52.739184,-1.311969,1,0
50.6,-3.8,1,0
53.092002,-1.77747,1,0
51.1,0.6,1,0
52.0,-4.7,1,0
54.524745,-0.842726,1,0
54.140945,-4.680516,1,0
51.737238,-3.232347,1,0
53.451737,-1.926177,1,0
57.099353,-3.132256,1,0
53.092002,-1.77747,1,0
52.0,-3.0,1,0
55.2,-2.3,1,0
53.0,-3.0,1,0
51.8,-2.5,1,0
53.04,-3.05,1,0
50.7,-3.4,1,0
50.8,-3.5,1,0
52.3,-2.8,1,0
54.8,-3.1,1,0
52.9,-1.2,1,0
51.8,-2.7,1,0
50.4,-5.0,1,0
54.4,-1.0,1,0
51.9,-2.4,1,0
51.557454,-3.227481,1,0
51.557454,-3.227481,1,0
54.3,-1.0,1,0
52.6,-1.4,1,0
52.694097,-1.217241,1,0
51.117357,0.57758,1,0
53.631308,-2.228303,1,0
51.557454,-3.227481,1,0
57.505413,-6.171927,1,0
54.8,-2.0,1,0
54.7,-2.1,1,0
53.9,-2.1,1,0
51.374315,-3.509927,1,0
54.200147,-4.646014,1,0
53.3,-2.9,1,0
52.8,-3.1,1,0
51.6,-0.1,1,0
52.32,0.55,1,0
55.4,-4.5,1,0
51.73188,-3.666627,1,0
54.162852,-4.498093,1,0
53.2,-2.5,1,0
54.042996,-2.688688,1,0
54.3,-1.0,1,0
51.737238,-3.232347,1,0
51.733844,-3.521882,1,0
54.530254,-2.078773,1,0
57.456196,-4.229225,1,0
53.3165,-1.578093,1,0
57.187683,-3.830746,1,0
54.1,-0.9,1,0
53.6,-2.1,1,0
52.053992,-3.619521,1,0
57.0,-3.4,1,0
54.124998,-4.587649,1,0
51.9,-4.7,1,0
56.864747,-3.239976,1,0
51.459775,-2.693001,1,0
54.0,-1.6,1,0
56.49297,-5.564182,1,0
52.1,1.0,1,0
52.11287,-3.519425,1,0
54.061305,-2.627879,1,0
54.4,-2.3,1,0
52.3,-2.8,1,0
54.4,-2.5,1,0
55.0,-2.5,1,0
51.557454,-3.227481,1,0
54.1,-2.2,1,0
53.312522,-1.613553,1,0
52.093349,-3.534089,1,0
50.870549,-3.173105,1,0
50.4,-5.0,1,0
51.557454,-3.227481,1,0
53.631501,-2.077084,1,0
53.8,-1.5,1,0
54.7,-2.3,1,0
54.7,-2.3,1,0
58.1,-5.2,1,0
54.1,-2.3,1,0
52.3,-2.7,1,0
54.195489,-4.653382,1,0
51.555857,-3.371684,1,0
56.357978,-3.150643,1,0
54.061305,-2.627879,1,0
55.5,-2.1,1,0
50.9,-1.7,1,0
58.4,-3.4,1,0
52.748915,-1.364408,1,0
51.650019,-2.940895,1,0
54.065812,-4.622176,1,0
56.997534,-3.425469,1,0
54.1,-2.4,1,0
57.070448,-4.005597,1,0
52.938467,-3.086905,1,0
51.19,-3.79,1,0
52.748583,-1.305154,1,0
53.310302,-1.633609,1,0
57.984403,-4.157926,1,0
58.237139,-4.991076,1,0
54.1,-2.0,1,0
50.9,-2.7,1,0
54.4,-2.9,1,0
50.8,-2.9,1,0
50.9,-2.6,1,0
53.4,-0.3,1,0
53.0,-3.2,1,0
52.1,-2.3,1,0
53.16232,-4.170299,1,0
53.0,-1.2,1,0
51.462254,-3.656783,1,0
53.541619,-2.07692,1,0
53.0,-3.2,1,0
52.935757,-3.088325,1,0
56.465502,-5.296075,1,0
54.2,-4.6,1,0
52.7,-1.3,1,0
51.1,-2.3,1,0
50.8,-2.9,1,0
52.2,-3.1,1,0
54.3,-4.5,1,0
55.05828,-2.23775,1,0
54.6,-2.2,1,0
52.5,-2.0,1,0
53.3,-1.6,1,0
50.9,-1.6,1,0
54.6,-1.8,1,0
54.1,-2.3,1,0
56.29698,-5.644046,1,0
54.195489,-4.653382,1,0
51.5,-2.8,1,0
56.249573,-3.211944,1,0
51.4,-2.7,1,0
57.067584,-2.488115,1,0
50.7,-3.3,1,0
58.922594,-3.156625,1,0
54.601961,-6.037557,1,0
52.001492,-3.676625,1,0
51.804377,-3.127576,1,0
52.1,-2.4,1,0
54.0,-1.6,1,0
51.557454,-3.227481,1,0
53.2,-3.2,1,0
52.0,-0.7,1,0
54.200147,-4.646014,1,0
56.663745,-5.037501,1,0
53.455053,-1.576044,1,0
52.1,-2.3,1,0
52.1,-2.3,1,0
51.73563,-3.377122,1,0
50.7,-3.3,1,0
56.477467,-5.55298,1,0
52.982668,-4.16128,1,0
53.0,1.1,1,0
52.065423,0.989329,1,0
51.557454,-3.227481,1,0
51.8,-4.7,1,0
53.5,-2.0,1,0
53.4,-2.9,1,0
51.7,-4.8,1,0
51.560118,-2.939038,1,0
52.3,-3.6,1,0
51.637557,-3.952192,1,0
52.5,-2.0,1,0
50.2,-5.7,1,0
51.8,-4.9,1,0
51.1,-2.3,1,0
54.14,-4.68,1,0
54.328476,-4.531199,1,0
56.529574,-5.468548,1,0
50.9,-3.5,1,0
54.9,-2.0,1,0
50.58412,-3.73348,1,0
56.0,-4.4,1,0
54.3,-2.5,1,0
54.2,-2.8,1,0
52.65376,-0.715338,1,0
54.556493,-5.588627,1,0
54.275245,-4.497211,1,0
50.8,-2.9,1,0
50.8,-2.9,1,0
50.8,-2.9,1,0
54.0,-1.0,1,0
52.908071,1.262741,1,0
55.85,-4.31,1,0
50.7,-3.3,1,0
51.5,-2.8,1,0
50.9,-2.6,1,0
52.0,-4.8,1,0
54.9,-1.8,1,0
55.85,-4.31,1,0
57.2,-6.0,1,0
56.479541,-5.402079,1,0
51.737238,-3.232347,1,0
54.590979,-6.024566,1,0
54.9,-2.0,1,0
52.694473,-1.27642,1,0
54.107041,-4.58653,1,0
55.0,-1.8,1,0
53.9,-2.1,1,0
55.99,-3.46,1,0
53.1,-1.9,1,0
54.9,-2.5,1,0
53.5,-1.9,1,0
58.987144,-2.949987,1,0
52.3,-1.7,1,0
54.0,-1.2,1,0
52.5,-2.7,1,0
54.889719,-1.923581,1,0
53.541619,-2.07692,1,0
54.99429,-6.107828,1,0
56.454421,-6.050883,1,0
52.938467,-3.086905,1,0
51.4,-2.7,1,0
54.6,-2.8,1,0
54.7,-2.0,1,0
57.2,-3.7,1,0
53.164951,-4.020829,1,0
51.2,-3.8,1,0
51.650019,-2.940895,1,0
50.9,-1.8,1,0
52.0,-2.3,1,0
51.465968,-3.368986,1,0
53.3,-2.5,1,0
54.4,-0.7,1,0
54.8,-2.1,1,0
53.9,-1.8,1,0
51.5,-0.5,1,0
50.8,-1.6,1,0
57.2,-6.1,1,0
51.650019,-2.940895,1,0
53.091996,-2.225435,1,0
54.7,-3.3,1,0
51.557454,-3.227481,1,0
57.70567,-4.485001,1,0
52.712959,-1.364931,1,0
54.4,-2.5,1,0
54.3,-0.7,1,0
53.9,-2.5,1,0
57.180291,-6.06909,1,0
55.0,-1.5,1,0
54.0,-1.6,1,0
54.0,-1.6,1,0
53.5,-1.9,1,0
52.739184,-1.311969,1,0
50.6,-3.8,1,0
53.092002,-1.77747,1,0
51.1,0.6,1,0
52.0,-4.7,1,0
54.524745,-0.842726,1,0
54.140945,-4.680516,1,0
51.737238,-3.232347,1,0
53.451737,-1.926177,1,0
57.099353,-3.132256,1,0
53.092002,-1.77747,1,0
52.0,-3.0,1,0
55.2,-2.3,1,0
53.0,-3.0,1,0
51.8,-2.5,1,0
53.04,-3.05,1,0
50.7,-3.4,1,0
50.8,-3.5,1,0
52.3,-2.8,1,0
54.8,-3.1,1,0
52.9,-1.2,1,0
51.8,-2.7,1,0
50.4,-5.0,1,0
54.4,-1.0,1,0
51.9,-2.4,1,0
51.557454,-3.227481,1,0
51.557454,-3.227481,1,0
54.3,-1.0,1,0
52.6,-1.4,1,0
52.694097,-1.217241,1,0
51.117357,0.57758,1,0
53.631308,-2.228303,1,0
51.557454,-3.227481,1,0
57.505413,-6.171927,1,0
54.8,-2.0,1,0
54.7,-2.1,1,0
53.9,-2.1,1,0
51.374315,-3.509927,1,0
54.200147,-4.646014,1,0
53.3,-2.9,1,0
52.8,-3.1,1,0
51.6,-0.1,1,0
52.32,0.55,1,0
55.4,-4.5,1,0
51.73188,-3.666627,1,0
54.162852,-4.498093,1,0
53.2,-2.5,1,0
54.042996,-2.688688,1,0
54.3,-1.0,1,0
51.737238,-3.232347,1,0
51.733844,-3.521882,1,0
54.530254,-2.078773,1,0
57.456196,-4.229225,1,0
53.3165,-1.578093,1,0
57.187683,-3.830746,1,0
54.1,-0.9,1,0
53.6,-2.1,1,0
52.053992,-3.619521,1,0
57.0,-3.4,1,0
54.124998,-4.587649,1,0
51.9,-4.7,1,0
56.864747,-3.239976,1,0
51.459775,-2.693001,1,0
54.0,-1.6,1,0
56.49297,-5.564182,1,0
52.1,1.0,1,0
52.11287,-3.519425,1,0
54.061305,-2.627879,1,0
54.4,-2.3,1,0
52.3,-2.8,1,0
54.4,-2.5,1,0
55.0,-2.5,1,0
51.557454,-3.227481,1,0
54.1,-2.2,1,0
53.312522,-1.613553,1,0
52.093349,-3.534089,1,0
50.870549,-3.173105,1,0
50.4,-5.0,1,0
51.557454,-3.227481,1,0
53.631501,-2.077084,1,0
53.8,-1.5,1,0
54.7,-2.3,1,0
54.7,-2.3,1,0
58.1,-5.2,1,0
54.1,-2.3,1,0
52.3,-2.7,1,0
54.195489,-4.653382,1,0
51.555857,-3.371684,1,0
56.357978,-3.150643,1,0
54.061305,-2.627879,1,0
55.5,-2.1,1,0
50.9,-1.7,1,0
58.4,-3.4,1,0
52.748915,-1.364408,1,0
51.650019,-2.940895,1,0
54.065812,-4.622176,1,0
56.997534,-3.425469,1,0
54.1,-2.4,1,0
57.070448,-4.005597,1,0
52.938467,-3.086905,1,0
51.19,-3.79,1,0
52.748583,-1.305154,1,0
53.310302,-1.633609,1,0
57.984403,-4.157926,1,0
58.237139,-4.991076,1,0
54.1,-2.0,1,0
50.9,-2.7,1,0
54.4,-2.9,1,0
50.8,-2.9,1,0
50.9,-2.6,1,0
53.4,-0.3,1,0
53.0,-3.2,1,0
52.1,-2.3,1,0
53.16232,-4.170299,1,0
53.0,-1.2,1,0
51.462254,-3.656783,1,0
53.541619,-2.07692,1,0
53.0,-3.2,1,0
52.935757,-3.088325,1,0
56.465502,-5.296075,1,0
54.2,-4.6,1,0
52.7,-1.3,1,0
51.1,-2.3,1,0
50.8,-2.9,1,0
52.2,-3.1,1,0
54.3,-4.5,1,0
55.05828,-2.23775,1,0
54.6,-2.2,1,0
52.5,-2.0,1,0
53.3,-1.6,1,0
50.9,-1.6,1,0
54.6,-1.8,1,0
54.1,-2.3,1,0
56.29698,-5.644046,1,0
54.195489,-4.653382,1,0
51.5,-2.8,1,0
56.249573,-3.211944,1,0
51.4,-2.7,1,0
57.067584,-2.488115,1,0
50.7,-3.3,1,0
58.922594,-3.156625,1,0
54.601961,-6.037557,1,0
52.001492,-3.676625,1,0
51.804377,-3.127576,1,0
52.1,-2.4,1,0
54.0,-1.6,1,0
54.1,-1.8,1,0
51.8,-2.7,1,0
58.351704,-3.167799,1,0
57.4,-2.2,1,0
53.498848,-1.100518,1,0
54.888526,-1.455909,1,0
56.23096,-3.275881,1,0
58.612941,-3.668848,1,0
57.83,-4.44,1,0
54.1589,-4.681677,1,0
54.6,-3.1,1,0
53.34256,-1.53961,1,0
53.3,-2.4,1,0
55.1,-2.2,1,0
54.731449,-6.223342,1,0
56.7,-5.7,1,0
51.173115,-0.382416,1,0
55.85,-4.31,1,0
57.5,-5.8,1,0
51.828561,-3.089724,1,0
52.5,-3.3,1,0
50.2,-5.2,1,0
51.2,-3.8,1,0
51.7,-0.8,1,0
53.1,-2.0,1,0
51.5,-2.4,1,0
55.85,-4.31,1,0
54.066344,-4.797985,1,0
54.136627,-4.672582,1,0
54.8,-1.8,1,0
51.9,-2.0,1,0
50.5,-4.4,1,0
54.7,-2.85,1,0
53.4,-2.8,1,0
50.5,-4.4,1,0
57.2,-6.1,1,0
54.592097,-6.020094,1,0
52.3,-2.8,1,0
51.557454,-3.227481,1,0
56.677727,-5.154731,1,0
57.035713,-3.21271,1,0
52.8,-0.4,1,0
54.0,-1.6,1,0
50.8,-1.4,1,0
50.8,-2.9,1,0
50.8,-2.9,1,0
54.155258,-4.643148,1,0
52.5,-2.4,1,0
56.496271,-5.549376,1,0
52.2,-3.0,1,0
57.1,-3.1,1,0
51.560118,-2.939038,1,0
53.3,-1.1,1,0
57.194065,-2.241573,1,0
52.72399,-3.044546,1,0
56.662575,-5.044916,1,0
52.654077,-0.744896,1,0
54.3,-2.5,1,0
53.918084,-2.503923,1,0
54.3,-1.2,1,0
53.3,-2.5,1,0
53.4,-0.3,1,0
51.9,-4.7,1,0
56.532839,-5.489998,1,0
50.7,-3.9,1,0
55.1,-2.2,1,0
54.590088,-6.023286,1,0
51.552131,-3.660047,1,0
51.545213,-4.092461,1,0
53.2,-1.9,1,0
50.2,-5.5,1,0
51.994185,-4.776154,1,0
53.1,-1.6,1,0
53.3,-1.6,1,0
52.674002,-1.237566,1,0
53.6,-2.1,1,0
51.7,-0.8,1,0
53.667053,-2.319304,1,0
55.1,-1.9,1,0
53.631501,-2.077084,1,0
52.0,-4.8,1,0
54.0,-1.5,1,0
54.0,-1.0,1,0
51.8,-3.1,1,0
54.6,-1.8,1,0
55.76,-4.31,1,0
51.9,-2.4,1,0
54.4,-2.5,1,0
51.233257,-3.779393,1,0
51.1,0.1,1,0
53.631308,-2.228303,1,0
52.0,-2.3,1,0
53.3,-2.5,1,0
54.126622,-4.717858,1,0
53.541621,-1.926021,1,0
53.361852,-1.926332,1,0
57.585142,-4.545036,1,0
50.8,-3.1,1,0
53.0,-3.0,1,0
53.078053,-1.854791,1,0
55.2,-2.3,1,0
53.727,-2.9273,1,0
57.400698,-2.226292,1,0
57.244759,-3.766453,1,0
50.452349,-4.748247,1,0
50.9,-2.7,1,0
54.8,-1.9,1,0
54.8,-1.6,1,0
51.9,-2.4,1,0
50.2,-5.5,1,0
51.73563,-3.377122,1,0
51.3,-0.8,1,0
56.987787,-3.490928,1,0
51.891212,-2.4446,1,0
52.748915,-1.364408,1,0
54.32,-4.53,1,0
50.8,-2.9,1,0
51.9,-2.4,1,0
54.7,-3.0,1,0
53.0,-1.8,1,0
51.554082,-3.515873,1,0
56.5,-4.3,1,0
51.44079,-2.709979,1,0
53.315894,-1.622559,1,0
53.3,-1.6,1,0
52.938467,-3.086905,1,0
52.3,-2.8,1,0
51.0,-0.0,1,0
53.541621,-1.926021,1,0
51.0,-0.2,1,0
52.3,-2.7,1,0
52.801118,-1.096659,1,0
51.557454,-3.227481,1,0
51.9,-2.4,1,0
51.3,0.2,1,0
58.4,-3.2,1,0
55.4,-4.44,1,0
52.7,-1.3,1,0
51.23094,-3.778014,1,0
54.0,-1.9,1,0
54.269955,-4.535289,1,0
50.7,-3.3,1,0
52.0,-2.5,1,0
54.9,-2.0,1,0
52.822508,-2.07564,1,0
52.730605,-1.30544,1,0
51.642006,-3.663328,1,0
54.9,-2.5,1,0
54.7,-2.2,1,0
56.8,-5.7,1,0
53.631501,-2.077084,1,0
51.3,-0.8,1,0
58.103191,-6.491271,1,0
51.737238,-3.232347,1,0
51.73563,-3.377122,1,0
51.6,-0.7,1,0
57.2,-3.7,1,0
54.7,-2.0,1,0
51.648772,-3.085407,1,0
54.200147,-4.646014,1,0
53.647726,-2.651973,1,0
51.6,-4.8,1,0
53.9,-1.7,1,0
54.5,-0.9,1,0
57.480246,-7.249483,1,0
53.1,-2.0,1,0
56.467433,-5.294456,1,0
51.917015,-3.237265,1,0
51.560118,-2.939038,1,0
53.631501,-2.077084,1,0
54.315333,-7.786399,1,0
51.557454,-3.227481,1,0
51.557454,-3.227481,1,0
51.9,-2.0,1,0
55.5,-1.6,1,0
54.154241,-4.689034,1,0
52.4,-2.3,1,0
50.4,-5.0,1,0
53.703213,-2.228692,1,0
51.741885,-2.653137,1,0
56.382624,-5.540083,1,0
57.836335,-5.192833,1,0
51.814768,-4.104929,1,0
56.6,-5.5,1,0
54.919518,-1.71681,1,0
51.4,-1.6,1,0
52.6,-1.9,1,0
50.2,-5.3,1,0
53.3138,-1.576918,1,0
50.7,-3.3,1,0
56.554277,-5.443462,1,0
54.085704,-4.738119,1,0
55.0,-2.5,1,0
55.76,-4.31,1,0
54.089669,-4.761321,1,0
57.0,-3.5,1,0
51.3,-2.8,1,0
53.4,-1.5,1,0
52.748915,-1.364408,1,0
53.5,-2.0,1,0
53.4,-2.9,1,0
49.99,-5.24,1,0
57.541992,-4.808419,1,0
53.541619,-2.07692,1,0
53.8,-1.5,1,0
50.1,-5.6,1,0
53.847074,-2.199077,1,0
52.803009,-4.152357,1,0
53.4,-2.1,1,0
53.0,-3.2,1,0
53.4,-2.8,1,0
53.8,-1.5,1,0
54.8,-2.1,1,0
52.0,-2.5,1,0
53.4,-0.3,1,0
50.2,-5.2,1,0
51.8,-3.1,1,0
50.8,-2.9,1,0
52.5,-2.8,1,0
50.8,-2.9,1,0
53.70292,-2.349871,1,0
51.7,-5.0,1,0
54.328476,-4.531199,1,0
52.912404,-1.927094,1,0
51.645744,-3.374396,1,0
50.7,-3.3,1,0
53.259498,-3.725431,1,0
52.9,1.3,1,0
51.2,0.3,1,0
52.27,-7.54,1,0
57.2,-3.8,1,0
53.347074,-3.879199,1,0
52.7,0.9,1,0
52.8,1.2,1,0
53.5,-1.6,1,0
57.5,-7.2,1,0
58.976309,-3.17582,1,0
55.0,-2.3,1,0
54.126622,-4.717858,1,0
52.362962,-3.543413,1,0
51.2,-3.6,1,0
56.538776,-5.464184,1,0
50.1,-5.4,1,0
53.6,-2.1,1,0
52.1,-2.4,1,0
54.9,-2.0,1,0
53.648455,-2.500701,1,0
55.2,-4.9,1,0
54.4,-3.0,1,0
51.557454,-3.227481,1,0
52.9,1.3,1,0
53.5296,-1.9708,1,0
54.200147,-4.646014,1,0
59.003858,-3.107124,1,0
52.712451,-1.276123,1,0
52.709197,-0.861731,1,0
51.151666,-3.812139,1,0
54.0,-1.6,1,0
52.730605,-1.30544,1,0
53.2,-3.3,1,0
57.325403,-2.95652,1,0
52.9,-3.1,1,0
51.645744,-3.374396,1,0
51.7,-2.9,1,0
53.2,-2.5,1,0
58.6,-3.7,1,0
51.73563,-3.377122,1,0
56.4899,-5.570882,1,0
56.481322,-5.550253,1,0
50.9,-3.5,1,0
54.9,-2.0,1,0
51.8,-2.5,1,0
53.2,0.0,1,0
53.8,-1.6,1,0
51.5,-2.8,1,0
51.055366,-1.666083,1,0
52.3,-2.8,1,0
53.313536,-1.578572,1,0
51.804377,-3.127576,1,0
52.9,-3.1,1,0
51.828561,-3.089724,1,0
54.061678,-4.805312,1,0
52.6,-1.9,1,0
53.257235,-3.875257,1,0
55.0,-1.8,1,0
54.111695,-4.579169,1,0
57.591693,-4.502737,1,0
52.9,-2.8,1,0
51.502616,-2.365169,1,0
51.9,-2.4,1,0
54.204358,-4.446926,1,0
54.6,-2.1,1,0
51.6,-4.8,1,0
54.0,-1.7,1,0
55.93,-4.8,1,0
52.694473,-1.27642,1,0
52.5,-2.0,1,0
52.9,-1.2,1,0
54.162852,-4.498093,1,0
54.9,-1.7,1,0
53.340594,-2.887584,1,0
51.9,-4.7,1,0
50.9,-1.8,1,0
51.6,-4.9,1,0
53.3,-0.7,1,0
51.643964,-3.51887,1,0
54.4,-3.0,1,0
51.643964,-3.51887,1,0
54.5,-0.9,1,0
52.0,-4.9,1,0
51.25,0.2,1,0
54.4,-3.1,1,0
51.552131,-3.660047,1,0
53.176798,-3.123594,1,0
51.9,-2.4,1,0
51.6,-3.5,1,0
55.4,-4.6,1,0
53.1,-1.9,1,0
52.892839,-4.156806,1,0
58.534123,-3.785342,1,0
55.990524,-3.520442,1,0
50.7,-4.6,1,0
51.557454,-3.227481,1,0
54.7,-3.3,1,0
51.8,-3.1,1,0
53.631501,-2.077084,1,0
51.5,-2.5,1,0
51.328837,-2.781447,1,0
53.5,-1.6,1,0
51.554082,-3.515873,1,0
54.3,-2.5,1,0
54.065812,-4.622176,1,0
53.6,-2.1,1,0
50.7,-2.1,1,0
51.737238,-3.232347,1,0
56.558187,-5.432096,1,0
53.702828,-2.380166,1,0
56.472664,-5.579334,1,0
53.2,-4.2,1,0
52.6,-2.9,1,0
54.23,-4.68,1,0
54.0,-1.6,1,0
51.228581,-3.779355,1,0
52.693898,-1.187652,1,0
54.124998,-4.587649,1,0
52.0,-3.1,1,0
55.5,-2.8,1,0
50.9,-1.7,1,0
52.7,-1.3,1,0
54.964354,-5.924976,1,0
51.7,-5.0,1,0
53.6,-2.1,1,0
51.3,-2.6,1,0
54.7,-2.2,1,0
51.2,-3.8,1,0
52.0,-4.9,1,0
53.091996,-2.225435,1,0
51.643964,-3.51887,1,0
51.73563,-3.377122,1,0
51.3,0.2,1,0
57.32049,-7.335574,1,0
51.440782,-2.711418,1,0
52.080704,-3.467984,1,0
58.537486,-3.598263,1,0
53.631308,-2.228303,1,0
55.2,-2.5,1,0
56.447516,-5.646285,1,0
54.0,-2.0,1,0
55.31459,-4.443947,1,0
52.803009,-4.152357,1,0
53.3,-2.1,1,0
56.987787,-3.490928,1,0
53.4,-2.8,1,0
51.0,-4.1,1,0
50.9,-1.7,1,0
53.4,-2.4,1,0
55.0,-2.3,1,0
50.4,-4.7,1,0
54.4,-3.0,1,0
54.7,-2.8,1,0
53.2,-2.5,1,0
58.5,-3.8,1,0
53.4,-2.1,1,0
52.0,-4.9,1,0
51.542554,-4.236558,1,0
57.6,-4.6,1,0
54.0,-1.9,1,0
51.3,-0.8,1,0
54.38365,-3.10781,1,0
54.5,-2.5,1,0
56.0,-3.5,1,0
53.092185,-2.076114,1,0
51.3,-0.8,1,0
54.1,-4.7,1,0
53.630924,-2.379519,1,0
52.284923,-2.800362,1,0
52.694473,-1.27642,1,0
51.7,-3.3,1,0
52.6,-1.4,1,0
51.9,-5.2,1,0
52.3,-2.8,1,0
54.214262,-4.401497,1,0
53.74,-2.41,1,0
51.7,-3.3,1,0
51.557454,-3.227481,1,0
54.319819,-4.515289,1,0
53.451735,-2.076757,1,0
53.315413,-1.575702,1,0
51.557454,-3.227481,1,0
51.557454,-3.227481,1,0
51.557454,-3.227481,1,0
51.557454,-3.227481,1,0
51.554082,-3.515873,1,0
53.167395,-3.871337,1,0
51.360858,-1.592056,1,0
57.984689,-4.141027,1,0
50.3,-5.0,1,0
50.9,-1.7,1,0
53.315601,-1.577951,1,0
53.3,-1.6,1,0
52.907501,1.258905,1,0
50.9,-3.8,1,0
53.16232,-4.170299,1,0
56.19435,-3.339129,1,0
51.737238,-3.232347,1,0
52.712074,-1.21692,1,0
51.738667,-3.08756,1,0
54.7,-1.7,1,0
51.467561,-3.225066,1,0
54.574071,-6.06704,1,0
51.9,-2.4,1,0
56.6236,-3.937002,1,0
54.1,-2.3,1,0
54.186087,-4.461175,1,0
51.738667,-3.08756,1,0
53.182077,-1.926639,1,0
56.6,-5.7,1,0
51.1,-3.3,1,0
52.588002,-3.839169,1,0
54.186087,-4.461175,1,0
58.1,-5.0,1,0
57.8,-5.2,1,0
50.9,-2.7,1,0
51.1,-3.3,1,0
53.176798,-3.123594,1,0
51.557454,-3.227481,1,0
52.935757,-3.088325,1,0
53.7,-3.0,1,0
53.1,-2.0,1,0
51.0,-3.5,1,0
52.892839,-4.156806,1,0
53.8,-1.5,1,0
53.314869,-1.600413,1,0
53.7,-1.9,1,0
55.8,-4.4,1,0
51.4,-2.7,1,0
51.1,-3.2,1,0
53.4,-2.9,1,0
53.2,-1.9,1,0
55.5,-2.6,1,0
52.730605,-1.30544,1,0
54.275245,-4.497211,1,0
52.1,-3.2,1,0
52.730605,-1.30544,1,0
57.4,-2.8,1,0
52.8,1.2,1,0
51.0,0.3,1,0
53.428941,-4.334398,1,0
54.9,-1.7,1,0
51.1,-3.1,1,0
53.631308,-2.228303,1,0
51.1,0.2,1,0
51.3,-2.8,1,0
54.3,-1.0,1,0
55.0,-2.1,1,0
52.8,-2.0,1,0
54.6,-2.2,1,0
54.889554,-5.91168,1,0
54.124998,-4.587649,1,0
51.2,-3.8,1,0
51.7,-4.8,1,0
54.0,-2.3,1,0
55.5,-1.8,1,0
51.828561,-3.089724,1,0
54.4,-3.0,1,0
54.124998,-4.587649,1,0
51.557454,-3.227481,1,0
52.2,-3.1,1,0
54.1,-0.9,1,0
51.8,-2.7,1,0
53.5,-1.6,1,0
54.3,-2.5,1,0
52.5,-2.0,1,0
53.8,-1.5,1,0
54.1,-1.7,1,0
51.2744,-0.9555,1,0
56.496835,-5.554793,1,0
51.7,-0.7,1,0
51.1,-2.3,1,0
54.3,-2.7,1,0
51.642006,-3.663328,1,0
58.1,-5.0,1,0
57.1,-4.0,1,0
51.9,-2.0,1,0
50.2,-5.6,1,0
50.5,-4.4,1,0
50.5,-4.7,1,0
53.451737,-1.926177,1,0
54.228082,-4.601769,1,0
51.552131,-3.660047,1,0
50.8,-2.9,1,0
53.882839,-2.290523,1,0
52.0,-4.8,1,0
54.0,-1.2,1,0
53.402772,-1.626273,1,0
53.002294,-2.075955,1,0
55.4,-4.5,1,0
51.891212,-2.4446,1,0
52.908071,1.262741,1,0
56.248587,-3.308745,1,0
51.557454,-3.227481,1,0
51.557454,-3.227481,1,0
54.1,-2.3,1,0
53.3,-1.6,1,0
57.6,-4.8,1,0
50.2,-5.3,1,0
54.2,-2.5,1,0
53.2,-1.8,1,0
57.4,-7.4,1,0
53.340594,-2.887584,1,0
54.7,-3.0,1,0
51.2,-3.3,1,0
54.0,-1.2,1,0
51.2,-0.6,1,0
51.555857,-3.371684,1,0
55.0,-1.8,1,0
55.4,-4.44,1,0
53.316591,-1.578392,1,0
55.490862,-4.613171,1,0
55.0,-2.3,1,0
53.254784,-4.025063,1,0
53.648186,-2.561211,1,0
52.623222,-1.395775,1,0
51.0,-4.1,1,0
50.5,-4.3,1,0
50.8,-1.5,1,0
56.987787,-3.490928,1,0
54.1,-2.3,1,0
56.400706,-5.528712,1,0
51.386382,-0.98323,1,0
58.5,-3.6,1,0
53.541621,-1.926021,1,0
57.4,-6.8,1,0
51.846942,-5.1076,1,0
57.357252,-7.380886,1,0
51.9,-4.8,1,0
51.994185,-4.776154,1,0
54.617517,-6.000962,1,0
54.3,-2.1,1,0
51.557454,-3.227481,1,0
53.16232,-4.170299,1,0
57.984403,-4.157926,1,0
57.282658,-6.44457,1,0
54.140945,-4.680516,1,0
53.631308,-2.228303,1,0
51.737238,-3.232347,1,0
54.585237,-6.025766,1,0
51.1,0.3,1,0
54.8,-2.0,1,0
54.200147,-4.646014,1,0
50.8,-2.8,1,0
52.748915,-1.364408,1,0
55.7,-2.8,1,0
50.8,-2.9,1,0
55.76,-4.31,1,0
52.0,-3.1,1,0
58.111963,-4.963594,1,0
54.195066,-4.461708,1,0
51.552131,-3.660047,1,0
54.155258,-4.643148,1,0
56.046749,-3.655108,1,0
52.935757,-3.088325,1,0
53.16232,-4.170299,1,0
51.557454,-3.227481,1,0
54.922249,-1.732393,1,0
57.3,-7.3,1,0
56.361958,-5.382032,1,0
54.275245,-4.497211,1,0
53.164951,-4.020829,1,0
53.370861069626265,0.44212325286143184,0,0
58.55642875768925,-3.159794274905959,0,0
56.58794547630264,-2.8590455744874026,0,0
55.38792635777333,-4.91531718510516,0,0
51.40416776398193,-2.2695779938098433,0,0
51.403950683025826,-4.747888037237887,0,0
50.52275250951379,-7.607305857583476,0,0
57.79558531197442,-5.28001394655644,0,0
55.41003510568888,-7.936209565934093,0,0
56.37265320016441,1.783547870568567,0,0
50.18526044866222,1.6574720981974753,0,0
58.72918866945795,-4.04844702527695,0,0
57.4919837672038,-0.7162914566035399,0,0
51.91105199610448,-4.54193901589575,0,0
51.636424704863906,-1.2890684291402392,0,0
51.65064058868091,0.05430043045979005,0,0
52.73818018663584,1.4675624469224076,0,0
54.72280788469014,-3.9978772415032804,0,0
53.88750516777904,-0.16702017043952289,0,0
52.62106226178238,-5.340715493678812,0,0
55.50667605250142,1.9033230379364827,0,0
51.255444745868374,-7.742304012356488,0,0
52.629301836816964,-1.9647119349887907,0,0
53.297256589643226,-1.4049401834867288,0,0
54.10462985795333,-1.1195444292587116,0,0
57.06658365253712,-6.79612421210911,0,0
51.79706403942524,1.385297834731304,0,0
54.62810994572251,-6.188167209499172,0,0
55.33173111975838,-1.7724659676015895,0,0
50.41805371447998,-5.773239208769151,0,0
55.46790366711294,-4.927835829787291,0,0
51.53471711318562,-2.535414582718756,0,0
50.58546433686752,-3.828065814354235,0,0
58.53996983528,-6.397743990234937,0,0
58.69068829767103,-6.290635975791517,0,0
57.27557613304815,-3.8185521183720033,0,0
52.74152392256033,-0.42717021724499293,0,0
50.87904902605745,0.9796464684778847,0,0
56.158097238609415,-7.158723377406171,0,0
53.961372443656415,-4.06896092440599,0,0
51.09834411360301,-6.997544362771234,0,0
54.456592191001434,-7.834075193674021,0,0
50.309496690036966,-1.382813173560434,0,0
58.18388361870904,-1.9755055803341222,0,0
52.32901983440015,-6.369808861851138,0,0
55.96270055918584,-5.661871669069359,0,0
52.8053996848047,-7.762922463554816,0,0
54.6806121906003,0.3494720569440375,0,0
54.920392514089514,1.746905960485515,0,0
51.66369009972974,-6.645404632053092,0,0
58.726261649881025,-5.685247862347019,0,0
56.97619541025003,0.6840952394693396,0,0
58.455490474077706,1.264637979561849,0,0
58.05344615384884,-3.8037261719318964,0,0
55.38109980929977,-7.4937752773092585,0,0
58.29686811520805,-7.606081663071806,0,0
50.79643251846728,-2.2605013393098954,0,0
51.76384576177231,-4.0710489110682095,0,0
50.40704560019484,-7.713475724223455,0,0
52.92797297686938,-2.1674760768744328,0,0
53.498095607205336,-7.886974634109775,0,0
52.442141285965064,-0.12628041850727012,0,0
57.458637582367366,-4.935671772966284,0,0
53.210779940242304,-7.597419969907679,0,0
52.52841058718643,-2.1164777901684673,0,0
54.884264748424236,-4.023155855669453,0,0
51.26831802477287,1.7380041335714953,0,0
57.219772826786354,-2.558013374962978,0,0
50.67095579311794,-5.247608189629917,0,0
58.88198242940466,-0.9056113536602526,0,0
56.95020292366992,-5.285079974572887,0,0
51.78844113380755,1.0424329140756505,0,0
50.04969905411242,-4.252780294926236,0,0
57.339152856093506,-2.501314372237948,0,0
56.361716094628555,-7.494268961757712,0,0
56.56106451236889,-3.7387876204776926,0,0
56.941433120173514,0.32363539660994967,0,0
50.666401865606815,0.056488053633419355,0,0
53.226191556898456,-5.756814411464737,0,0
51.04282153572617,-5.739209289894373,0,0
57.76793083288034,0.17305312213236768,0,0
55.60968314144802,1.3039842016932557,0,0
52.978082223673844,-7.0463907872699645,0,0
50.57202515257421,-3.4994136057377476,0,0
52.79884089544096,-4.625457210357711,0,0
52.926649898240726,0.706884554574394,0,0
56.56645560504258,-7.164750853199813,0,0
55.73801724219692,-5.888740574419626,0,0
57.984914683186936,-0.4753166241350568,0,0
54.24993432645754,-7.487061510187845,0,0
51.07634821344472,-3.0746461928571076,0,0
56.419203085006956,-3.5789296532028,0,0
56.847065437552075,-4.655988210112513,0,0
55.051494778125466,-4.054276846810762,0,0
56.93870461959105,-2.70059413069767,0,0
54.444160367279515,-6.386326416116169,0,0
54.70459546443794,-2.2800412171640723,0,0
53.847869165226946,0.054323292999862716,0,0
50.228772140696854,-0.39839070209840965,0,0
50.97102284293974,-6.461000953062263,0,0
50.28286267118061,-6.507505302585261,0,0
55.72769370137402,-5.318256322550867,0,0
52.82920382968694,-4.3892527365896274,0,0
54.57713622048232,-3.915444185915174,0,0
58.168098265334834,-1.2030278316665477,0,0
52.243630062339875,-7.4331956783416455,0,0
53.69344630732067,-7.653272957739336,0,0
56.79996024688744,-4.08089437056091,0,0
52.059183489424605,-1.0283630786201954,0,0
50.69281918845914,-6.065646570435174,0,0
52.60776307622391,-1.5849551874374832,0,0
51.45099158528604,-5.401718620597006,0,0
58.36727887108316,0.860861088135163,0,0
57.27308341607975,0.956899442666165,0,0
55.700633808593814,-5.027127957186735,0,0
57.84314531168946,-5.700062460367595,0,0
57.23304869209203,-3.8869602793376874,0,0
51.67913052997432,-5.594684148198513,0,0
58.0330309864098,-1.2761615670829638,0,0
54.85408017724086,0.26064684548285477,0,0
57.26696139647656,-1.26907869088783,0,0
58.06482169931144,0.24350447249349472,0,0
52.862031274746776,-4.030078377925259,0,0
50.99046732074909,-6.436830292911392,0,0
52.05141646287748,-0.6204905260240787,0,0
53.84397009763631,-4.395254948584461,0,0
57.36213289330244,-1.2872917477086752,0,0
57.74657524930709,-5.293560580182343,0,0
50.06256917478072,-7.1877036519332735,0,0
54.59672572319809,1.9258179548776333,0,0
53.756699028339014,-6.437984920694007,0,0
51.99897029423657,1.884209939634811,0,0
51.07878830600315,1.7727993256644723,0,0
53.03853654263265,-0.06181896091960404,0,0
58.486187335212676,-1.4057703791800247,0,0
52.908826388186796,-2.2219294974891532,0,0
54.66911559569029,0.6610154537783473,0,0
56.3271706300566,-5.105604783805121,0,0
53.272666421413646,-3.3231878751512296,0,0
58.746038744488644,-1.8061003063349812,0,0
58.662025654479,-3.8880952413050895,0,0
52.266040662428274,-3.72513545909732,0,0
54.47523655303147,-4.697153324979156,0,0
52.70790478835093,-2.35768183315464,0,0
52.563564449397205,0.5057452801511602,0,0
50.33198252619079,-5.984716219936871,0,0
55.48607900581907,1.3443303875344146,0,0
54.524111209059754,-1.1091234625177036,0,0
50.463308761249905,0.2327321268003022,0,0
52.507818178129504,-2.438093073699884,0,0
58.17439297369988,-0.20483298575936537,0,0
52.15605701600275,-7.837996026605328,0,0
51.304053848821006,0.18380424779535254,0,0
54.40507484249807,-7.598611409146335,0,0
58.87085408699541,0.8991337636286243,0,0
52.178497443603504,1.9196274723864324,0,0
56.04921992665291,-5.059325378232222,0,0
56.85457653795846,-5.896814437142064,0,0
52.1387378959316,-0.34636636141959265,0,0
56.55394713750674,-5.469736590797468,0,0
53.31004819447328,0.6556238317220355,0,0
55.690752475342215,-6.971574078425233,0,0
55.701767396848055,-6.740448036206417,0,0
54.82197215667283,1.7915155510061567,0,0
50.812607930489676,-1.2616110172999537,0,0
57.51772246030314,0.46887224428952834,0,0
52.88702058474562,-4.75670622648482,0,0
51.67866659359869,-1.2351625047939558,0,0
50.366976273992876,-2.0575817269140284,0,0
55.318036488694176,-1.96849879877053,0,0
56.09807925658054,-1.1746754046227839,0,0
50.149290460350706,-2.2464082687090148,0,0
54.60883752469353,-3.7093763069733408,0,0
52.03846197678144,-5.240773056194532,0,0
55.80655511368505,-0.31418669086798,0,0
51.56929786104492,-5.737275699968138,0,0
56.21843964292219,-1.0764569384558582,0,0
53.48061811670484,-5.666671773506733,0,0
58.43056989863061,-1.7466983004554608,0,0
51.23768849731394,-0.529217328709711,0,0
53.06959715945233,-5.812861110934608,0,0
51.0212616911653,-7.400566991386917,0,0
58.322242564507064,-6.690262570058259,0,0
57.89605418042883,-1.9400303272897457,0,0
52.321474649436404,0.4944640622573555,0,0
55.93985641430761,-7.550031787645756,0,0
57.35499980181094,-0.6584874095835378,0,0
54.99680730439516,-4.586813540499479,0,0
54.76685520520406,-3.214716300804775,0,0
52.17667061810407,1.2885954984556562,0,0
50.83792491025309,-4.6802849526415455,0,0
58.07494182157994,-3.3466306606051397,0,0
58.10376251446998,-7.863175852393189,0,0
55.697913115459414,-7.184012799951616,0,0
53.051268119438305,-5.41408408865216,0,0
53.14288617151395,-7.721477591789256,0,0
56.533601109832155,-1.6862467395174905,0,0
58.073992339573195,-3.7360164319837743,0,0
57.98377781838606,-2.51854797271978,0,0
57.01887991271862,-6.253528141036704,0,0
55.77828481538859,-5.040679705633838,0,0
50.75725968495544,-1.361755251472749,0,0
51.45465842685152,1.6530272363039984,0,0
58.08698769674371,-7.495832263977908,0,0
55.457861536936306,0.9038432085526615,0,0
50.08277346454967,-2.2311879868879156,0,0
50.91324388579429,-2.360804332443763,0,0
55.971515921972504,-2.9972146479223962,0,0
50.045554254615965,-7.306059140958166,0,0
51.44727246275749,-7.1012314826383935,0,0
54.93860410429927,-1.9908799434091389,0,0
56.22705677923424,-4.5904142856444174,0,0
55.867651335523405,1.1726806657768059,0,0
52.01842378514504,-3.934094626405278,0,0
56.40961299212782,-6.567185412973589,0,0
52.1352417874712,-0.8528116649796402,0,0
52.92859728343341,-5.066465785589902,0,0
56.718422646062216,-2.7452969264410685,0,0
55.84669609142493,-1.0216721449482993,0,0
57.643010694447604,1.0026411120207044,0,0
55.91851603070309,-0.0780880519832392,0,0
55.114777430019245,-1.2363893212727586,0,0
50.84307291045283,-1.2036681760485646,0,0
53.3094422275349,1.4592464403208645,0,0
52.38682130913553,-5.04175902503464,0,0
52.195906790411755,-7.988879058038126,0,0
58.75709499277201,-5.280454406018013,0,0
53.53787952200084,-5.82108620373256,0,0
58.02841899659402,-1.3816541488600187,0,0
55.68024763397537,-1.6628840023447093,0,0
57.15330173187483,-2.0653861729527616,0,0
54.52373383794673,-7.837565567905463,0,0
55.19213496163723,-0.7122194554935248,0,0
54.43265924436977,-4.764695875145085,0,0
51.7571868901824,-1.3494401099336892,0,0
56.50206903735355,-2.4342157149784667,0,0
52.5269512619677,-4.572690745720928,0,0
50.21884369788309,-6.6542373289589225,0,0
55.80925066316451,-7.05581102339519,0,0
51.59399611466344,0.31518333112223473,0,0
58.46412725917623,1.18397542081558,0,0
58.585357193023285,-1.5021195323570042,0,0
58.23377951198404,-6.965658851395166,0,0
53.331428302299,-3.979727831117593,0,0
50.139109548759805,-0.7106079989484275,0,0
58.35486706328953,-0.20179115989931873,0,0
53.85365733485583,-6.817813777089114,0,0
58.699893371393024,-7.999692811546176,0,0
58.67257979380328,-0.8786295411939502,0,0
57.67708509920624,-4.4340382401379435,0,0
52.65004002862627,-5.455186683817398,0,0
53.465879557417324,-7.871025302104746,0,0
57.66023004365171,-2.597005932385003,0,0
52.852298046406496,0.5115073542598179,0,0
51.52543472017483,1.5763164627258792,0,0
55.01121136212515,-2.3425504938671082,0,0
58.425392967447024,-2.8553867226010583,0,0
56.26426817007476,-7.149436145107589,0,0
55.130550530804285,-2.5112719845740026,0,0
50.874588443936915,-4.2002092103460535,0,0
55.53506504029253,-1.928647191164231,0,0
58.91048465093837,-4.112736521234533,0,0
51.260756137128716,-5.597008765496333,0,0
54.664966871273634,-7.050347247716235,0,0
57.8963576473516,-4.850815554111042,0,0
56.66691755978784,-7.033551657122477,0,0
56.273141668957415,-6.23103049176016,0,0
56.32235675588398,1.8733615857954593,0,0
53.2354203609778,-3.5589644309338135,0,0
52.64232659838044,-2.6812823349498345,0,0
57.28425039930662,0.7361852873721535,0,0
57.29102055211263,1.955689004906878,0,0
57.80365086722093,-2.1728555065531845,0,0
58.21916497300824,0.12473821044171629,0,0
54.60208158974844,-4.730589756633247,0,0
54.513646652184796,-4.942560425527089,0,0
57.184656610700976,-3.972962790054398,0,0
55.84967537699988,-1.274927373263509,0,0
56.31770189531933,-1.1780831074490123,0,0
57.16213402492491,-4.847605653505492,0,0
58.010048076358096,-6.667900758633714,0,0
53.04195641166382,-1.6760374353449148,0,0
53.38024657375949,-6.716741378112355,0,0
50.84583745856782,-2.2150749177066995,0,0
55.204521268965564,-1.06577871943691,0,0
50.32348046417068,-0.9938850360554836,0,0
54.19038216319214,-0.46527889340403306,0,0
54.88380171236819,0.7285942156566456,0,0
52.57887126915456,-3.0004100803521156,0,0
55.3174993451211,-0.6975081047042879,0,0
50.274502249451444,-1.8082726463416332,0,0
50.33613369874293,-6.133600602023174,0,0
57.40340504593692,-7.743103551305918,0,0
53.24171577270137,-5.154586143230662,0,0
51.143544613866965,-3.569662936623806,0,0
54.70018934049324,-1.8289405557134373,0,0
56.929941977887495,0.4995933050320538,0,0
51.94238924747159,-6.037542832938343,0,0
55.606014282371,-6.744502101015229,0,0
50.768127184943914,1.634799474743275,0,0
50.46513549051747,-6.919554406235929,0,0
54.78219168411333,-3.215089298928108,0,0
54.865716094490956,-2.1443627120669815,0,0
55.73686911348386,-2.586255790925618,0,0
56.534822003503955,-7.1396784296705675,0,0
58.782668715162814,-7.429730859963806,0,0
54.646703134710755,-6.945165725389643,0,0
52.906608256471216,-2.1441231612738747,0,0
57.15667575291833,-2.5565511236567886,0,0
52.43749026135867,-5.6625920796325575,0,0
53.95074278635072,-1.6222585815440844,0,0
50.706107432080394,0.20067502055649378,0,0
50.22815669073912,-7.584210401534063,0,0
58.663835732101326,-3.018700564519576,0,0
57.52382108460985,-1.1068958789730967,0,0
56.26376785484328,-5.476880729303129,0,0
53.68057649972843,-4.922290947068509,0,0
51.55964888063761,-1.8636209701061617,0,0
51.40793338403977,0.9793529344373688,0,0
52.252186083481355,0.09924420302899328,0,0
54.94303998235508,-2.168697809004165,0,0
56.43136330430056,-0.6977828224275076,0,0
55.94177639045958,-4.351775297922013,0,0
52.519405072513486,-1.590344719012423,0,0
58.59378752596875,-3.3381840887244305,0,0
56.641072250261914,-6.10063863542439,0,0
54.989186472602604,-0.9826172612274284,0,0
55.50548671610917,-2.4353536265117803,0,0
53.77640056185011,-4.413784180464086,0,0
52.229578905510415,1.1133919007863078,0,0
53.20375410786136,-7.790658821732667,0,0
56.82061499417932,-4.84226848750504,0,0
50.1295413976678,-7.431186022223534,0,0
51.04465376456225,-0.33472683778372847,0,0
50.41402377819578,-0.9789254588620739,0,0
50.366559220870734,-4.68647781263683,0,0
57.699145256099065,-1.2433709779292696,0,0
56.33292073442021,-4.040627738040501,0,0
54.26756446178592,-0.4374620857756568,0,0
50.88050744585901,-3.4581633726329395,0,0
54.42454287605149,-3.8772027216833447,0,0
54.261245937025095,1.347299154883009,0,0
51.558816829190135,-5.491209001092997,0,0
53.90466484314176,-6.7955266000343455,0,0
53.58654260957636,-2.154568867405418,0,0
55.54265088246995,1.6932181228417882,0,0
55.715842857808795,-4.221607862728133,0,0
50.4077360879484,-7.379632363712185,0,0
53.37151353163824,-4.606947326904326,0,0
55.632739241428126,-2.9406834568044156,0,0
54.52822632722079,-6.380769933677863,0,0
57.7084085706949,-1.4189778194350797,0,0
55.928242684570506,1.9774938901020054,0,0
51.46640984373287,-3.4826052401855616,0,0
50.63511872660387,-4.452714432697873,0,0
55.78177350385684,-3.992958331655334,0,0
50.2386017948746,-6.848538216047989,0,0
55.27198023146117,0.8327360142622382,0,0
58.46207217282462,-3.8517434447864805,0,0
55.17926760088291,-4.127255885751587,0,0
53.493529335858696,-1.4030972706952571,0,0
55.789593965981176,-3.5796657906887646,0,0
54.12427601442365,-1.5176653119215393,0,0
54.91055110384342,-7.385537098692125,0,0
58.47318327898873,0.13723343722227455,0,0
53.47492374020697,1.4050395287940258,0,0
58.65071507441523,-1.5123461384061407,0,0
58.14815577760457,1.5456592885881069,0,0
51.76212021310367,-6.485676856300367,0,0
50.62425170787649,-3.2258381051964626,0,0
50.90700201239684,-1.9819326605455272,0,0
50.163996430863946,-2.182633525788133,0,0
50.84998664680336,-3.9853822091095674,0,0
56.14706096074721,-4.619155906337387,0,0
50.64069783614206,-6.731759774495812,0,0
52.87078067264385,-4.082575494377219,0,0
57.603877798725094,-6.373391848945149,0,0
50.209447421622436,-0.6563432350778164,0,0
57.33021634330042,-5.9116906450541,0,0
52.5366929729606,-7.4143469471546615,0,0
51.06348344859491,-2.476338621827657,0,0
56.27063448827735,-2.0477026728059844,0,0
55.66048562101896,0.7191306128050545,0,0
57.89724812174347,-2.2301838758231813,0,0
56.615639394234975,-4.545191462765542,0,0
57.23132837346364,0.030118815263204368,0,0
52.538311153141755,-2.597211068125789,0,0
51.596955894017505,-7.207197153688083,0,0
56.75553276476772,-2.3414943968675335,0,0
57.261512653405376,1.0801854542166236,0,0
58.91454627800606,-4.036873745017795,0,0
53.713559092202836,-5.036741981001999,0,0
53.34816277213505,-6.5653054298198,0,0
56.987716646677974,-6.485544780646427,0,0
53.06723186227716,-3.672285156581811,0,0
58.37681593043208,-2.043201758384704,0,0
57.7257147665871,-7.1938459483039825,0,0
53.860946246375164,1.3956858902516576,0,0
56.757839610123476,-0.4486638255480404,0,0
56.79088586676214,-2.133760817163373,0,0
50.928114819523394,0.2843867093899082,0,0
58.122976160116096,-7.198132431878867,0,0
54.54727135203071,-3.2316112226687563,0,0
57.43811719496968,-1.699068731383366,0,0
52.88044640927551,0.28652906118289323,0,0
58.059709056465806,-0.16530439950732312,0,0
53.502815108607464,-5.229307502866003,0,0
50.09753886332268,1.408801695592043,0,0
58.148437787773375,-6.756541585691297,0,0
50.821580091075205,0.7513361862115211,0,0
52.873822738313734,1.7094024960461862,0,0
58.550557703457244,-6.228464767773744,0,0
58.555464322438006,-0.7793393579621473,0,0
55.16094099310958,-7.597144812220016,0,0
55.68653490952819,-3.9457717486084505,0,0
54.03600969780488,-2.8371670080232594,0,0
52.63889694528258,-2.193547740903659,0,0
52.95798090832925,1.359372482485595,0,0
56.052666104693344,-1.2774931270580527,0,0
56.77137076493912,-3.18722048780763,0,0
57.12421139353263,0.09675036265889325,0,0
57.10656328515098,1.5053282095440892,0,0
50.82085492743821,-7.779338513177091,0,0
54.44978274232324,1.8252127225603871,0,0
50.518028840149796,-7.138678609363197,0,0
54.94575994091362,0.14386779268761352,0,0
53.97377451236039,-5.196652474485875,0,0
57.9893376448247,-6.678203422461283,0,0
53.15823511296871,-3.601443602861651,0,0
51.053603147848456,-1.5604342055238645,0,0
51.286925138475524,-4.19048154976525,0,0
56.85359568545725,-7.45434591717301,0,0
55.56396256984635,-2.0053886034128343,0,0
50.91010408510511,1.0240327611067475,0,0
50.75696125503498,-4.167846340527483,0,0
56.308722183132076,-5.83667222369173,0,0
50.65486705727774,-3.5742265406718463,0,0
57.396740533613205,-7.5163728895121915,0,0
56.35618004440847,0.20487584480274812,0,0
50.7321390257771,0.2634081095018672,0,0
50.76353942676673,-2.1199953657037156,0,0
58.87975620651058,-4.468971110616105,0,0
53.36843716180508,-0.002166355542166265,0,0
53.33577932360202,-2.453129752116328,0,0
57.315196105317526,0.2593230855001618,0,0
58.525237196454725,-1.6854120741697933,0,0
58.87400957440584,-0.15594526787202678,0,0
56.780403667330475,-2.0143700678224006,0,0
53.38633626977824,-3.8585893178433377,0,0
50.75150645028802,1.5794585992613754,0,0
56.99432224334693,-2.588861751211553,0,0
55.02563824762225,-1.949104814594616,0,0
53.81799808322279,-5.795123605852508,0,0
58.157189465852625,-1.7434921057272348,0,0
51.00077734075536,-2.283923505170561,0,0
54.43362593861773,-6.151616020529751,0,0
50.102182802906775,-7.404129026468563,0,0
54.217945777947136,-1.956406802852289,0,0
50.50672948113654,-0.3630773064967947,0,0
51.06936124641265,-2.7659862907799173,0,0
51.057736220993945,-5.732273746803543,0,0
55.84289271904457,-1.334780233069651,0,0
56.71440391338881,-7.198942733903977,0,0
55.250318885874435,-3.581662951980454,0,0
58.65955293627088,-6.366332416015798,0,0
53.373835215713335,-6.155409489401166,0,0
52.57140877653675,-5.9770605084179635,0,0
57.81739215370514,-4.132929429560221,0,0
52.01236254667507,-7.488497943796023,0,0
58.6690028549655,-4.022065590709018,0,0
50.109390272208344,-2.882925528852992,0,0
58.72890944036875,-3.167057150336748,0,0
50.38843920755519,-4.172158995969594,0,0
58.02028802328264,0.3914660807075254,0,0
54.7493099817767,-6.546733075794959,0,0
58.9366831650737,-2.9430325621862607,0,0
50.66416908261859,-7.379585830434457,0,0
54.98468855961189,-7.288443211220903,0,0
58.72372282057189,-2.261341503229037,0,0
54.70788059753134,-2.3398157511217903,0,0
55.66458774321736,0.7803351284445696,0,0
56.26173820086156,-2.4212632433992685,0,0
54.09086958290996,1.5979102040485014,0,0
55.64802272075657,-7.5130515160007025,0,0
55.2588288073079,-7.0199231521925896,0,0
58.1104220944189,-7.559341384296186,0,0
50.409017423073124,-6.1472314966646,0,0
52.52866870633007,-2.5872988905832193,0,0
58.55370335668903,-1.5442781857257195,0,0
58.01237405501825,-7.544148420513312,0,0
54.10091077507142,1.4597088984559932,0,0
55.58119338021383,0.4216537665038107,0,0
52.49643064683019,-5.033875178429069,0,0
51.69309043751385,-7.22812469773532,0,0
54.17328564445984,-6.3011292678094275,0,0
53.18017005223447,-6.730555862450274,0,0
55.25290500665785,-6.767162207010531,0,0
50.699611732684865,-2.814383113342661,0,0
58.769553268995494,-5.541525575065997,0,0
58.875896700316424,-4.4186028347085555,0,0
56.28345542617771,1.895053333843224,0,0
54.824867297097086,-1.1568575107465522,0,0
52.78574854657695,1.4898066704700135,0,0
57.32415517736254,-6.5744344496688445,0,0
56.16258055298491,-4.178605251674307,0,0
51.46355245410402,-2.4526819671764573,0,0
58.19834466044458,-7.23241938111262,0,0
57.40283518630852,-7.958125563720421,0,0
58.548199219627314,-1.295656662030825,0,0
56.531475575495236,-1.5818048319856466,0,0
55.52073676342211,-3.892111900003883,0,0
53.76418732661557,-3.103559239679674,0,0
58.39455635018612,-3.8455699940791037,0,0
57.794575005503674,-7.759949551551111,0,0
50.4069680309557,-4.646283937825376,0,0
50.23730277047527,-6.229177446027101,0,0
53.38817030190245,-7.015758108986312,0,0
57.2949799770365,1.5672043388934984,0,0
58.8854851638345,-2.006402749578344,0,0
51.353752019931754,-0.7134371576339733,0,0
55.347176438169214,-4.846362567338825,0,0
53.428017709679196,-4.0685287050598475,0,0
58.72922958033143,-5.630760061032765,0,0
57.579070308221375,-7.030343290345753,0,0
57.54495834240024,-6.209683625584162,0,0
54.218238438154735,-0.024859547035141816,0,0
53.73337552103899,-1.2245419481622415,0,0
52.46066364737636,-2.530711240145231,0,0
50.50737946985834,-3.2491012713323197,0,0
57.78250138629548,1.2243428365612452,0,0
57.3161090821707,-7.272650522213316,0,0
58.99745905957518,-5.1939918676208405,0,0
58.96973153366515,-4.500621464292859,0,0
54.99888535042365,-0.17574187787212203,0,0
56.920886736624595,1.9251462016197127,0,0
58.50289156894185,-5.593294852428469,0,0
57.6468265160967,0.7430733413708062,0,0
52.22613291568878,0.30622760431791285,0,0
54.05489721779084,-5.753426023582334,0,0
51.16243473636345,-4.006674198007774,0,0
58.5864592453285,-3.9032713070748084,0,0
55.455571710057924,1.7822066852655833,0,0
52.057785249531165,-6.191080986211016,0,0
56.04530615965271,-0.008420288952179611,0,0
55.56315416412106,-4.658072858268901,0,0
53.22346446229557,-0.6912965422383959,0,0
51.02201832979666,-3.799889957043371,0,0
56.04415876033519,-2.2164023688345997,0,0
54.68276930813414,0.3261177332613112,0,0
56.950865525620756,0.04165564983884096,0,0
54.68147151000794,0.6642318353970023,0,0
57.66963350286686,-7.40382674655341,0,0
54.96716154897037,-1.079494469602552,0,0
55.04844174381848,-6.6001262327823715,0,0
57.8898824239251,-3.8418143198158905,0,0
53.63134579591157,-2.5141158494531153,0,0
51.206137056055766,-3.9726051525316928,0,0
50.25904408682005,-2.803883241969925,0,0
56.79623530106257,1.965263087986191,0,0
55.582785962181184,-6.647826862871453,0,0
56.336717912893015,-1.245439546635744,0,0
51.9166774535802,-4.039990336143848,0,0
51.22734328028093,-6.669902010926712,0,0
50.13090199101094,-6.412632366256904,0,0
53.155288029259374,1.4927310624561692,0,0
55.3092591816917,0.7960149671176211,0,0
53.53019640589759,1.070419604150219,0,0
53.93727429821356,1.9153277582738646,0,0
58.13742825044373,-5.916846099914821,0,0
53.1342992032097,-4.445606626359383,0,0
54.6259054024383,-1.3078097007513332,0,0
57.05287711467029,-3.1619746013935277,0,0
53.56888504089143,-3.816104666216665,0,0
55.59878030205086,-4.42188750664407,0,0
57.76127337872071,-2.0621936805654784,0,0
58.54568561291878,-2.2440657135991797,0,0
51.32366132836134,-6.385421659357599,0,0
58.33928862645345,-3.2826016248156096,0,0
54.42904663771584,-2.4652822379015014,0,0
52.324199494690625,-2.297130612686095,0,0
54.13222180614435,-5.898928070876482,0,0
58.8202931775693,-0.5772860774771322,0,0
54.433562845935825,-7.748009051789303,0,0
52.95876449258758,-4.451681444568374,0,0
55.70060768885053,-0.1978735146436641,0,0
52.16131056900374,-2.361070789445977,0,0
50.68276995297798,-5.388375674891398,0,0
51.15991749719584,-1.0504688065695227,0,0
51.15241255061995,-2.326090558439266,0,0
51.36712424161065,-0.03756390543612831,0,0
51.24944455384469,-0.6497481381017662,0,0
55.76787270322893,-1.8989207796376535,0,0
51.6369207595923,-3.1182232468918603,0,0
53.11100554991477,-6.668178743324766,0,0
58.071095689154106,-5.386669821146162,0,0
54.26565476236585,-3.8090052708291475,0,0
56.00801964668924,-2.007007129936113,0,0
51.55087884081467,-2.8629214478469516,0,0
51.73060116927804,-5.118154740404705,0,0
50.36781754639831,-7.9353564221028945,0,0
51.52041556764948,-3.037607780991861,0,0
52.507313051287625,-5.143740114377569,0,0
51.593094358490724,-0.6539169928946489,0,0
50.7983228038135,-7.760537347295165,0,0
51.08572283990541,-2.1517218869420915,0,0
54.14700891229453,1.414742375060655,0,0
51.857003465652134,-6.255907328885005,0,0
53.27842874943268,-3.283505092494046,0,0
54.53075543769371,-7.085780081828618,0,0
56.21355345766429,-1.7431808773864734,0,0
50.35380925856989,-2.4946831940377443,0,0
57.19469359018139,-3.926344757871677,0,0
55.65110350541817,-2.786229785262588,0,0
50.735831287539845,0.9657465846901019,0,0
57.862207616960994,-6.03705697688933,0,0
58.28785160478632,-7.774354882946527,0,0
50.549701638693776,0.6166488469910103,0,0
52.49189883332483,-2.228829176120935,0,0
57.25581151813755,0.9065845546184246,0,0
56.734337213452925,-2.030547765868274,0,0
51.6606891742074,0.1016108995970253,0,0
51.884143910030396,-3.7032663664485206,0,0
53.33424892512244,-0.5014006871173127,0,0
54.36070686671919,1.1304146688985597,0,0
55.564292943772664,-2.278770362777937,0,0
53.320222756127954,-6.192148494376204,0,0
54.162812445198334,-5.3120238496980186,0,0
56.72723844320381,-6.013554231025942,0,0
50.33014882601538,-5.53142972404267,0,0
52.27193249909619,-4.9358455064896365,0,0
56.42014627296097,-2.4486621324681153,0,0
58.056861539184794,-2.1200837053616723,0,0
54.605096979040994,-3.735002527581389,0,0
54.78902136738784,-1.845792201791646,0,0
50.96454810205798,-7.1842507438863406,0,0
54.02671130141109,-7.1221176294184,0,0
54.79355539809521,-6.2817053964234155,0,0
52.18223453271257,-2.8192250195965523,0,0
52.423189078544425,-5.860053213016864,0,0
53.3955574679416,-5.167155965074227,0,0
50.180640779999536,-3.9968716382700595,0,0
52.898712490248606,0.11866124010379764,0,0
51.903032062968904,-7.861378640871399,0,0
52.94747616960123,-1.5062117976337763,0,0
51.07785918637326,-1.3112346895931468,0,0
58.014745526659055,-0.01344219643363509,0,0
55.34233208198644,1.3275293906031322,0,0
56.11192087230041,-7.798621510507102,0,0
57.10254114746604,-6.462162944867838,0,0
54.48597979036151,0.8617129405599311,0,0
50.782282592786814,-3.4148143781298463,0,0
54.83395887636693,-2.354093610665365,0,0
55.28157006218791,-1.3697279627685264,0,0
56.70895526765897,-1.2093339550436264,0,0
53.884935916067114,1.317404033165083,0,0
51.148222725160075,1.9694941741166971,0,0
52.55398315218852,-0.798425390690598,0,0
53.26774066758772,-5.127787907948492,0,0
55.81325517198441,0.7975240229434366,0,0
55.13700474202021,-7.507790854592384,0,0
53.204870533080616,-5.689191471255038,0,0
58.878637239136815,0.973857174637148,0,0
55.45197337421199,-5.4380848556064505,0,0
52.13504112562395,-5.793489403782515,0,0
50.91604225358363,-6.618747068597528,0,0
51.37573225265899,0.5911175764691645,0,0
52.213619555460575,-2.9994174080891334,0,0
51.446132359336,-1.2510679694584521,0,0
51.679103216461755,-5.609336159249703,0,0
52.56585651824462,-0.4195957898878353,0,0
51.56036235765279,-0.3999445503790149,0,0
58.07088882163782,-4.8740197509169985,0,0
50.72210371095478,-3.8931736698971715,0,0
54.720602506132295,-5.903097225697992,0,0
53.69357144290695,1.7656102332290438,0,0
58.84140755217746,-1.543974229415884,0,0
51.00835011951247,1.3454388071551548,0,0
53.580700391411675,-4.966144563708668,0,0
58.72523389947832,-0.18109087003110247,0,0
57.78956413304582,-0.3414135611525797,0,0
57.35364863854352,-1.0834434813345846,0,0
52.321125443404455,1.6563897526680051,0,0
51.53798828651059,-4.064446638936845,0,0
56.01778897931988,-6.692826764102427,0,0
58.364383902148276,-1.2829114075593928,0,0
55.01086603712537,-0.7069019952279385,0,0
55.1445142052291,-2.249394265411853,0,0
52.51981184294256,-5.9318210686660375,0,0
56.925436398727435,-2.955440583306446,0,0
51.68339373701771,-4.878102634308706,0,0
52.91311312763819,-3.7253347183331096,0,0
53.828927947547754,-1.5478142415533611,0,0
54.568493408160094,-0.5478525730916548,0,0
52.181687591735724,-5.6777530909865686,0,0
51.03353142265283,-3.946746393530466,0,0
55.49558038197469,-5.308384290083708,0,0
52.5976749791623,-6.013683861381309,0,0
55.23114399280351,-0.16612780004161642,0,0
51.38926443746782,1.092526944369924,0,0
54.330260916693355,-4.297678143154233,0,0
54.79330489296427,-0.4872107562623311,0,0
50.46641183140184,0.9699528936441109,0,0
53.02943850374528,0.4612421053023148,0,0
51.20973209245077,-6.171866114607741,0,0
50.57037473425491,1.5629188151336137,0,0
58.90964209150951,-4.233235595705375,0,0
52.90118460477251,-4.607593388261637,0,0
57.28887001269172,-7.375686727222197,0,0
52.291765892873876,-3.1382634589511698,0,0
56.13352450001536,-6.909863843590713,0,0
56.84205073900718,-5.51460179072574,0,0
55.360748665470595,-4.830573782327186,0,0
54.244185696951426,0.08826323491684107,0,0
53.70656822732542,0.7548865039589643,0,0
53.139814398886955,-4.975336825385304,0,0
58.365762298230436,0.586981212445739,0,0
57.475574670089564,0.5723093736979106,0,0
58.68524219599861,-0.3534904961512648,0,0
51.1186750113699,-6.533048859848185,0,0
56.5778072768328,-1.0967715309927097,0,0
58.44506411138934,1.4502406458056871,0,0
51.63109759549094,-1.1745952123284296,0,0
50.598466406301,-4.68383150892166,0,0
56.67008584361053,-2.9942068256916876,0,0
55.17025801861921,-1.542749566489464,0,0
57.57645899082445,-2.8942959127149646,0,0
51.2579513896366,-6.800470582690302,0,0
57.157405806739014,-4.8793595534797936,0,0
51.8146458804297,0.023960305536325777,0,0
51.47290348579134,0.6141804609551738,0,0
51.478392181378936,-6.626999672844297,0,0
57.33117248208244,1.5238675239872457,0,0
55.9867749862658,-4.711773821513907,0,0
54.70758882292208,-1.3768626126928005,0,0
53.22947435711152,-0.4817485404331885,0,0
57.89480486731797,0.11946234637883357,0,0
53.532005966803716,1.457497022259302,0,0
57.34939495524419,-4.870804519711774,0,0
53.952214177131964,0.5850645455155448,0,0
53.39249986482417,-6.68313096563793,0,0
54.16411807102646,-0.9495909364640731,0,0
52.71240086747728,-0.5802227048601409,0,0
56.72848442158626,-1.2227675879867954,0,0
54.52448351083231,-5.47685263864847,0,0
52.08991425632136,0.730431470152034,0,0
58.09617115947111,-6.31141536629605,0,0
53.455020992358904,-7.463652084791692,0,0
54.8919757500259,-0.8253500938808784,0,0
58.158248998680925,-3.245242847672663,0,0
55.61814196322593,0.49098019958676,0,0
51.052082366375274,-4.166028589417411,0,0
58.45848911252128,-6.317214114922872,0,0
55.64937247764276,0.3644219246986964,0,0
53.01415053191378,-2.510903683599283,0,0
51.25344865397049,-6.108042076096451,0,0
57.14622670343266,-0.7961600141355429,0,0
55.58065480335662,-2.888863615104995,0,0
54.801149827786894,-1.9568701775968016,0,0
58.04503324745862,-3.3910166179341807,0,0
57.09737490102078,0.28708983818006395,0,0
51.36507391759476,0.29562715683049845,0,0
52.80549861015994,-0.9061117817561382,0,0
52.236402258330195,-6.9459862260353775,0,0
56.69551663315409,0.38853861904068765,0,0
50.301791912622015,-1.2898701946709021,0,0
55.12900716384185,-1.029758339957005,0,0
56.862128171666214,-4.370171595961284,0,0
57.890890730855745,0.7927955615700668,0,0
53.078735738443164,-0.7462839976514255,0,0
57.391315742048114,-6.874095334708056,0,0
50.99568563259687,-3.922219655938373,0,0
57.61807062561066,0.8638036196014163,0,0
51.14739796098784,-7.52803298302621,0,0
53.57558561504331,1.614166196420495,0,0
57.17565829201598,-1.2083743168043721,0,0
51.349256846138964,-1.6862402235662337,0,0
52.06326255709377,-5.294407435120086,0,0
56.500273115537595,-5.51208211260823,0,0
56.48032882891467,1.420582194885954,0,0
55.77032869596768,-5.017275457658773,0,0
56.2455360002039,-0.24494703281000607,0,0
54.88451999012837,-4.068782017929209,0,0
52.26619153016257,-6.60745929215296,0,0
53.11126394153528,-7.892847023046411,0,0
51.63437945121283,-2.557426629847492,0,0
58.17605505200265,1.7577881854893267,0,0
55.250526152895084,-4.308638061907955,0,0
53.60766275087276,-4.428076660069552,0,0
54.158052232797196,-4.559083821505579,0,0
58.52555005650634,-2.794561626951416,0,0
51.38016262804472,-3.5933511657570643,0,0
55.276068488151175,0.7991462672701442,0,0
54.55299810996019,-2.9447920827650975,0,0
55.50308811891183,-2.9224216181143117,0,0
50.16299165438757,-6.616284052794434,0,0
57.849115180497364,1.8273954091038593,0,0
58.389064542352514,-5.500271091311703,0,0
55.08619865230288,-7.266359325403974,0,0
56.26985741489203,-1.3685375102479123,0,0
58.30249443059566,-2.0463362984312736,0,0
56.36514770882059,-3.848543460072543,0,0
51.372851386228355,-3.778077661193219,0,0
55.18659524150132,-0.1493607895356881,0,0
55.4604354174457,-6.042873599003509,0,0
53.817176041721474,0.20253318944889642,0,0
56.62799812062251,-1.5125288610498187,0,0
58.40930313292113,-3.8103022622047558,0,0
58.330116616160986,-3.419713834161314,0,0
54.05755434263719,-5.433527928139042,0,0
51.019142412566794,-0.47885667303025237,0,0
58.863570790661015,-2.871252576947322,0,0
57.550082778013405,-4.791454572501564,0,0
51.121964130829404,-2.039498842390498,0,0
58.28757694355635,1.9573445205132298,0,0
57.82906725855916,-3.647377203434462,0,0
54.66954251413465,1.206914007786196,0,0
55.32147892170436,-4.549831600754339,0,0
53.591024334831175,-7.452672930750142,0,0
50.49285474939828,-5.957578936315711,0,0
53.016775174813105,-3.8130485667231575,0,0
57.2256810373821,-5.80365071405431,0,0
50.041688207041425,-7.997729617817445,0,0
53.001492545220295,1.1500153774752722,0,0
53.58351824231849,0.43879411230929044,0,0
54.83656042644131,-0.5770776851305293,0,0
58.27870054771485,-6.321854043539714,0,0
53.11711394929365,-6.796364237900139,0,0
53.12257881706605,-7.323952505276169,0,0
56.637511232987734,-0.759708112270788,0,0
54.069961468008266,1.2880796068788527,0,0
52.02144340645984,-3.69464179086963,0,0
54.07195564519424,-6.808593280039519,0,0
51.2677131834182,-2.8760717926789345,0,0
51.58748287855601,-4.511680925413699,0,0
54.48530995465532,-4.251750756500023,0,0
53.77032904554093,-1.7866937584429277,0,0
58.233613109612904,-0.8128188673779766,0,0
53.2615450920497,-6.893964011268391,0,0
55.22529515250239,-7.644097691935237,0,0
55.690378591275774,1.9433030268571478,0,0
50.117850109295006,-5.672716510844482,0,0
55.9718363481504,-7.4616947509154095,0,0
51.602323701827764,-6.1012467090408,0,0
58.6496328572251,-7.610421536515358,0,0
51.337964549778015,-4.081891053828283,0,0
53.731617113543216,0.02401784451324218,0,0
50.76814701270779,-4.587555502422794,0,0
58.97186826661353,-3.558165931216335,0,0
54.519755092981185,-1.2441322643256125,0,0
55.358465155880396,-2.911059299301198,0,0
50.60368829649585,0.6144568602132416,0,0
56.7496442335926,0.6603567504575647,0,0
51.88915033786027,-7.900893045088464,0,0
58.08248860496642,-0.21953693516800854,0,0
51.846256764338065,-3.392663997583261,0,0
51.716189485973,1.8884054130366312,0,0
50.32894701063285,-3.167679241245649,0,0
54.24860250598999,1.868959453882976,0,0
55.08357019936355,-0.45430638794263434,0,0
50.59137775485517,-5.513951153866937,0,0
56.979748550255096,-2.6160502071304235,0,0
54.07959951273225,1.9213563947858283,0,0
54.71951242394822,0.5753060775192367,0,0
53.96686472244405,-7.026331062087789,0,0
53.60686754787793,-0.9362800319000391,0,0
55.03676298177396,-4.5442041412918694,0,0
51.39716221337641,-7.930177381196518,0,0
51.63735317445744,-3.965190309730004,0,0
57.756070589121656,-5.6524557827502875,0,0
58.51503915920269,0.1886927052047156,0,0
53.35978384651778,-4.626693911542345,0,0
52.436702058291985,0.2752369395381713,0,0
55.79599588915114,-7.994020611652047,0,0
53.67860753988287,-4.921808499738809,0,0
50.228477200943104,-5.588347856922381,0,0
51.405373376295714,-5.66432638931389,0,0
56.44375005962658,-7.318133802345373,0,0
55.930315477191364,-6.1287572958949825,0,0
50.243863932531355,-2.4445043011438017,0,0
51.997749457396544,-5.086389271622555,0,0
52.07967316929264,-3.8260521767085205,0,0
56.04703469238856,-4.231331196528115,0,0
50.17739483978928,0.7590492499989452,0,0
50.936977237861164,1.0529899901051554,0,0
57.1992447683587,-3.0704302834413992,0,0
51.606901958489004,-4.698440496843956,0,0
55.87471497066687,-6.9319929599763634,0,0
52.14364502942054,1.5340287938209496,0,0
50.8949725348341,-7.397730550997025,0,0
52.188549718995084,-5.023497224317196,0,0
56.500402386700934,-5.0193379882999585,0,0
57.70126821295657,-4.795987138597851,0,0
57.471978781102926,-6.357131567275907,0,0
53.57465176656609,-0.1683856907630279,0,0
56.01276622913581,-6.775021380340108,0,0
51.84485865874239,-1.6509334084683722,0,0
52.63832957234912,-6.761539732941825,0,0
58.067022366690075,-7.294643624070434,0,0
50.117017311596626,1.0942950368587656,0,0
50.76957677769021,-6.098712336812943,0,0
51.87097629631425,0.2125015455970427,0,0
50.23878983486438,-2.5536912889286416,0,0
51.632918915808176,-7.221434803912304,0,0
55.24737404872723,1.5544819143806752,0,0
53.79282095533248,-5.530388330081075,0,0
58.03404539969277,0.596453453526065,0,0
57.35699205564597,-6.3118999421543585,0,0
53.076356165280885,0.5394288214185288,0,0
52.334810900881635,-7.86771187094706,0,0
53.417231673505405,-2.882195434305193,0,0
55.31265448263327,-0.3055742057844322,0,0
52.412572767405884,1.347955174927833,0,0
55.61734017064221,1.0920213620648695,0,0
53.684704869721166,0.19624869547644863,0,0
54.96842462766782,0.8819134966130413,0,0
53.92513876221785,-6.0078031416292355,0,0
52.65019183587726,-5.158157042882713,0,0
58.53607976265941,-5.110314750789415,0,0
56.87245214743785,-4.229460689983012,0,0
51.26101858189807,-4.066793296148113,0,0
57.816211783081215,-2.554446753453245,0,0
54.38688078424562,-6.401202366335586,0,0
58.05097004204682,-1.0875333621401069,0,0
57.19869730352583,-6.324334606954935,0,0
53.826921540223104,-4.896915178954525,0,0
50.202223774881055,-2.96654869393846,0,0
52.418096234464514,-0.03559438476522736,0,0
54.8747079319478,-0.6053076676127276,0,0
55.70130397843533,-1.5446564358947779,0,0
52.32098916889882,-6.442267394198298,0,0
51.25420466665542,-2.529546543844223,0,0
57.514372131193696,-7.125534982001145,0,0
58.85961962633197,-4.226368232033492,0,0
54.73121164072417,-3.8648346971004086,0,0
51.54511357263473,-7.601885605542462,0,0
52.45076593867432,-5.2601190053002815,0,0
50.1655160889272,1.5564946726648934,0,0
58.228689259044494,1.536326078296895,0,0
51.05975974601127,-4.476729457474607,0,0
55.18864827962828,-7.568998910516759,0,0
52.46649698618485,-6.2090506067181845,0,0
54.98760202264214,-4.0778220656645985,0,0
55.86278349516678,1.4777969796922985,0,0
57.46767623336481,-6.588009364628151,0,0
51.85779144584543,-0.36484156331787787,0,0
50.098962457926326,-6.9131746062530794,0,0
51.23197067061926,1.8125757739127693,0,0
58.100167776632944,-4.18383500890865,0,0
57.86501069806263,-0.2476546110094393,0,0
55.37671791953277,-4.574089171888682,0,0
55.40465174390288,-1.7233112284119132,0,0
55.9853300709163,-6.079839152599632,0,0
51.57834150761104,-6.539789807030375,0,0
58.22970751332464,1.3806413956813124,0,0
53.76893472402866,1.1764727790443352,0,0
53.448246754245474,0.8746894021288227,0,0
54.67025934754554,-1.7456654983340654,0,0
50.42269370097549,0.08268211216278232,0,0
51.496550318804715,-7.309630630886251,0,0
56.64230254783733,-4.6521095810932085,0,0
50.745188011326135,-4.862968752428438,0,0
55.428368985197494,-1.6435467804738675,0,0
52.20814198713189,-4.440422265293595,0,0
53.503660526377786,-6.514932183563192,0,0
52.598243630936295,-2.0353292458645633,0,0
53.20105444818454,0.1438392066908154,0,0
56.47141314665821,-4.178765055400268,0,0
52.674095440608575,-6.677312849015183,0,0
55.097641762672076,-6.03311802687177,0,0
54.2844536197919,-5.62516694830616,0,0
55.973040488263834,-5.001024070054638,0,0
58.43146765392282,-1.5720492949369085,0,0
56.59314887489225,-1.9905451546228097,0,0
51.93446340731681,-1.0392013843296084,0,0
50.280648215551565,-4.374980154684868,0,0
52.36037639869843,0.2399765187997822,0,0
55.35570137630229,-5.959123388442397,0,0
50.462832321358256,-3.309592524818461,0,0
54.46729622481113,0.00938721541430354,0,0
55.371585640252,-6.198413522673808,0,0
53.00819501735265,-6.901368862592171,0,0
56.9382098337124,0.8368396768798974,0,0
50.95938427820395,-4.570703372408041,0,0
50.67624003562228,-1.1612987509096797,0,0
56.55369880583243,-7.746513957360615,0,0
54.459421845855786,-1.0995311159055037,0,0
56.19562156784963,-4.838986884530295,0,0
53.913446047433716,-7.442591464125583,0,0
52.21761829915196,-1.9018723845188301,0,0
57.3719208590678,-5.591961839268268,0,0
57.19474291072081,-4.1319275794812,0,0
56.25226823768984,-7.194191877134864,0,0
52.44930623506966,-6.528367489050547,0,0
55.31207600182179,-5.020227645041563,0,0
53.248765072460245,-7.102404994398428,0,0
50.82423865993971,1.1082626468631531,0,0
58.255822179160184,-7.939529568160216,0,0
51.23136767827065,-3.1613978113568857,0,0
58.55213618438722,-6.767525418674485,0,0
54.0140519566216,-4.923209105220515,0,0
51.66619635954758,1.260595598182654,0,0
54.87710852640522,-6.3830544672601315,0,0
57.85651252288768,1.6583231971833268,0,0
56.59002397768605,-5.942056230105782,0,0
57.25905033075305,-0.5843389153317045,0,0
55.929050300396455,-2.5332273510268823,0,0
56.230489080660675,0.8447872759675921,0,0
57.642760864087876,-2.460067444968691,0,0
52.24701207973267,-2.654407808436913,0,0
54.404824672788266,-6.045419996316001,0,0
51.99088497637642,-6.3377063794834125,0,0
58.88901207196982,1.1648915111551421,0,0
58.49653405717952,-4.721618011499659,0,0
50.35484130231655,-4.279177450371041,0,0
56.350176552641194,-0.4017634157161165,0,0
58.32723485674099,-4.611765175771927,0,0
51.625178106146,1.5206244663900268,0,0
55.111507074973666,-0.6207223100119972,0,0
58.23939467829238,-2.0257075742658,0,0
50.30551380727219,0.8089516054475254,0,0
56.27678240522156,-7.503940916505172,0,0
52.676141066352955,-5.429373078107913,0,0
58.31956575838878,-3.3496366577909003,0,0
58.73952420648831,-5.7302146052847895,0,0
58.498398402020904,-0.5609481269784808,0,0
54.26792794991717,1.1920803105372517,0,0
57.75838385890382,-3.7622988006907665,0,0
57.600944586815636,-4.578673998881051,0,0
52.8719042591893,1.615507321375663,0,0
57.460239267356094,-3.5514756717245914,0,0
50.333068712439434,-3.1095159955071683,0,0
55.36642890633848,-4.483501276580946,0,0
52.07007953558933,1.0954847301213846,0,0
51.085101971995506,-2.3104451671814923,0,0
50.69257881466288,-0.37825412818355364,0,0
56.26659898290326,0.11806718350886314,0,0
53.0588746739126,-4.581509580827419,0,0
56.522900943758856,-3.6630566867961996,0,0
50.58820706719048,0.484717744062646,0,0
52.837613040475496,-4.367446483241897,0,0
54.855421631378036,-0.060648665481487285,0,0
57.116508483550675,1.4099232257443717,0,0
52.86877252638863,-1.7678962693199303,0,0
55.63302238793308,-0.5837271254811114,0,0
57.973799734125684,0.05097312041134927,0,0
55.54276869364074,0.45039648896642603,0,0
52.096635272782706,-4.049466621432041,0,0
50.219607034008845,-7.487365408240018,0,0
57.83088986510837,-3.981237287632605,0,0
50.19142469765348,-1.2624377021591027,0,0
57.872315054157795,-3.496496142192072,0,0
54.76043420624491,-0.5103684913960143,0,0
58.45160928661606,-4.430175705313362,0,0
57.18904912196299,-1.652558588959705,0,0
58.98140699480004,-6.135801951460254,0,0
53.15640633906539,-0.506305633550431,0,0
56.90469460038014,-2.543040311869742,0,0
53.61737822248318,-5.959356114533994,0,0
54.318880582735176,-5.080888265021928,0,0
55.64754916896533,-0.5139129141816765,0,0
57.86309402767705,-3.173987643384793,0,0
58.856751222793655,-5.839685596069278,0,0
56.91446072478067,1.672711903702977,0,0
53.759901039506005,-0.8487498018311204,0,0
53.792213020493634,1.5713483253979614,0,0
56.638240714300025,-3.728949546396568,0,0
52.14899431191472,-3.2489965930827953,0,0
50.994267018182555,0.9795521618501919,0,0
53.19159941876699,-2.7495065975461532,0,0
52.58515092488673,-0.9272108809433286,0,0
52.66677308410391,-5.4782712250447005,0,0
52.10246975944919,-3.5327353129735943,0,0
50.37883870672726,-6.765501341896449,0,0
50.16086541260072,-5.940199641230383,0,0
58.88950150762428,-7.990565847323689,0,0
53.84995820362276,-7.6073494835133975,0,0
53.45893982443714,1.7728382317692937,0,0
56.11682554423763,-5.576463048632377,0,0
51.96428499078558,-1.3668929049599807,0,0
58.54965065555203,0.3909969879961146,0,0
57.07710512973997,-2.493395407634358,0,0
50.80469902081033,-6.468554999160438,0,0
53.75822698206436,-0.7188356266383362,0,0
57.91206476805948,-1.99748589900417,0,0
58.5025882006227,-0.6874941065262492,0,0
54.206613601248826,-0.3025337714291281,0,0
55.52070250289637,1.7541036768474516,0,0
51.503305514828675,-2.2643671997329005,0,0
58.92051763523279,-4.583588873093982,0,0
52.08504531245099,-1.515354430997629,0,0
58.484585967216134,-7.3155929075737385,0,0
55.84681984093132,0.9739731832158629,0,0
55.46963115390973,-6.806189886618032,0,0
54.61419659914858,-4.721571621141818,0,0
52.07602830545983,0.1574538062612092,0,0
51.58875228804958,-2.026876216692882,0,0
51.98437588163158,-4.063644797225579,0,0
51.677944359298294,-3.2656434062497857,0,0
57.01626026210078,0.5454739320218032,0,0
53.15112733250057,-4.599956139401079,0,0
50.52058408907057,0.6964968481217131,0,0
58.721923671267305,-7.118655690233085,0,0
57.95407296467083,-0.23201562791369312,0,0
58.349770548756915,0.47547633054736416,0,0
58.95417040381792,-6.181823471626613,0,0
51.565057242975385,-3.696534676277995,0,0
53.566178170123926,-6.345002253363444,0,0
56.82414628133682,-0.9339587100578228,0,0
56.26418556248413,-2.6465223193834326,0,0
51.385063157058696,-1.6467665329167893,0,0
57.34249812491556,-6.035130330437888,0,0
52.01996514652995,-5.882541379475805,0,0
52.01435853340361,-7.5850267449009365,0,0
54.83276980604072,-4.779324648042703,0,0
55.33645941357533,-2.40255338666325,0,0
55.2207758705403,0.5793491399732886,0,0
50.823381536579795,-1.3307255254131931,0,0
57.89714776367342,-3.646036766002486,0,0
52.390400383298356,1.5312011439413773,0,0
51.16563429154524,-0.8075479942416814,0,0
57.9987327188208,1.301652028625501,0,0
58.60086348406778,-2.7241202672783436,0,0
57.759148555389054,-5.410957252068604,0,0
57.2856446725239,-7.47173313635278,0,0
55.89717782575119,-0.7391514851614946,0,0
54.95771633548225,-6.7869700199446585,0,0
50.78288083920269,-4.972248717280328,0,0
53.67607891763629,-2.675290921161026,0,0
53.354196653110826,-2.3558341222025234,0,0
52.33778405384294,-1.9941680301286393,0,0
56.51078102319727,-6.337446696502994,0,0
54.46288161570894,-4.202625951783513,0,0
50.72941594316883,-1.8280577288303332,0,0
51.981648817548304,1.6981886463378473,0,0
56.149328872936366,-0.7236886230031132,0,0
50.6851777354127,1.226037570939578,0,0
57.660862226438915,-0.3778794168582298,0,0
54.45631874312577,-2.0828303110759956,0,0
54.32527919593983,-6.079766308636555,0,0
55.33167006193566,-1.3331434810748695,0,0
57.42212869332634,-1.7662043404009289,0,0
53.13028287111974,-1.975308295427336,0,0
56.102145373031576,-3.1021413201175925,0,0
55.09158767596212,-2.7134339601072437,0,0
52.40325443152479,-4.6555747288189595,0,0
57.90766987719642,-2.806873073576968,0,0
57.17683419446235,-6.024440943215217,0,0
55.92606651192583,0.05174397360376837,0,0
57.65523556184818,-6.142230453012922,0,0
57.80564780863822,-7.150337101105336,0,0
56.37526679043531,-3.637539736428426,0,0
57.53311995527305,-1.4169256049393812,0,0
56.277243155023555,-3.622831750664586,0,0
56.121266945842706,-5.232458680486914,0,0
55.56750240393666,-2.4182881610955924,0,0
56.77444975601877,-4.529976645878,0,0
51.427445947637665,1.3286769012663306,0,0
57.927836832790355,1.2264513960357206,0,0
57.84659174970709,-2.976281800279045,0,0
50.26322554731103,-4.721160059817414,0,0
57.432350755082865,-0.6286758604336091,0,0
51.15982880726101,-7.632870565169334,0,0
53.01606968833228,-3.252309939563488,0,0
56.69157430662447,-4.636766057296665,0,0
51.446839064434776,1.2053588510255473,0,0
57.36170321707156,-7.879969727273174,0,0
57.489207601619675,-2.471851242816509,0,0
54.56720960384752,-0.59336418933374,0,0
50.0574728454515,-3.1498201247595876,0,0
52.58334319857421,-7.145969698372784,0,0
55.55234226538168,1.7246139002790226,0,0
58.830675602246814,-2.819895686239021,0,0
55.68632174315002,-1.8581375568098863,0,0
52.338232229577436,-5.633902172924927,0,0
55.7060513278965,-3.165019148931962,0,0
54.8598684174427,-3.7085050804167814,0,0
57.01860855636029,-7.251041579980162,0,0
50.96282574944262,-6.9383964645253275,0,0
56.849251122518254,0.3747251961877449,0,0
54.871399208084995,-5.6018004779340975,0,0
58.66692803473095,-6.050417285013695,0,0
53.076849494348174,-2.9508854874986072,0,0
55.69359703820553,-0.3125286863748702,0,0
58.388252949590154,-7.380534814210121,0,0
50.922587551916116,-2.2319208036174416,0,0
58.435056385128064,-6.807895571594266,0,0
56.19097150070732,-7.635389491743815,0,0
50.610533531946544,-7.472560478377826,0,0
52.70867210252135,0.34164108208441313,0,0
56.37354879780754,-6.820275163719384,0,0
50.60615541321894,-7.54848635587708,0,0
55.23953414158646,-3.621001128570877,0,0
53.11294751257661,0.439934719420247,0,0
55.588239659907295,-5.375916235106981,0,0
50.411678304312616,-3.782873824740836,0,0
57.843831255371384,-7.600774674362488,0,0
58.761400722596576,-3.509214858651241,0,0
58.71990069757122,-2.223869193628663,0,0
56.746866485686326,-2.2909294624785517,0,0
51.17077616117569,-4.675733078256348,0,0
56.82436876336121,-4.844668193368645,0,0
50.221282248129214,-6.933763810634021,0,0
50.19911196376098,-4.332016793537316,0,0
52.91249197234587,-7.005053311270354,0,0
54.397788713641994,-0.3340405528794843,0,0
56.93366676027014,1.6627429774818587,0,0
56.149658389458544,1.700744566667069,0,0
54.01312435739074,0.6507109937539379,0,0
52.462639996534996,-1.992078506603809,0,0
58.9741205014194,-0.991343027561201,0,0
53.83563172012376,-5.147941973195859,0,0
54.06248321896708,-1.6922957982737934,0,0
51.47261439072502,-3.4435045056012257,0,0
57.15328593874936,-3.1798266022306745,0,0
56.243140032033395,-0.4222343962484203,0,0
51.986926515098844,-5.180816444027483,0,0
50.74142941054259,-4.819603883054802,0,0
56.12449371867242,1.2464179112863665,0,0
55.89060092853022,-7.437757051490277,0,0
52.45933574298388,-3.143657015866596,0,0
58.5577720602537,1.1280080040786178,0,0
51.359521026028105,-1.8963699218184296,0,0
53.891013209383416,-2.5359292578786796,0,0
58.49254328150839,-5.502558207706448,0,0
53.7775458523351,-4.567245109355517,0,0
55.74673352897677,0.5204841580469299,0,0
53.57834958166515,-2.407818682315419,0,0
52.46793682113803,-2.852578062432201,0,0
58.85579883163845,-7.00420286459971,0,0
53.684006056835386,-7.839718435448769,0,0
58.04689283311221,1.6368518868704918,0,0
52.069591453019775,-4.230138327131583,0,0
51.91794233622575,-1.9678693790049566,0,0
50.280206745960605,-7.20284926812715,0,0
55.86500142838297,-1.168857142769534,0,0
53.31673709351385,1.3256670870596086,0,0
57.77922424855673,-2.243347470025803,0,0
54.258889160224015,-6.738846776245895,0,0
58.713740851232494,-2.1827847252652326,0,0
51.66972964132809,-0.3365278689534765,0,0
57.8176085116005,-3.9358346342598134,0,0
56.989371675125675,0.798377479414679,0,0
56.938296601796466,-1.513170466426355,0,0
57.60304905305199,0.9924891828920259,0,0
56.84921591848699,-1.7649468875266283,0,0
55.63598289468274,-6.687120279951758,0,0
51.18120389914149,-4.903082888948109,0,0
50.292735615421265,-5.982050517475431,0,0
58.287630630341184,1.088264977168624,0,0
55.549852830686646,-0.39599932712517294,0,0
57.168835618785586,-1.2360163108999398,0,0
54.33370116361295,-4.990336803683784,0,0
51.05577370066155,-6.1595522794978645,0,0
51.12667212982296,-0.4354891201108817,0,0
56.17008758506074,-3.258420541209203,0,0
53.87275305409516,-5.742104478493709,0,0
51.80472254030303,-1.8337802183472487,0,0
54.424350920672936,-7.596661478615481,0,0
50.57788043367621,-4.738297458717465,0,0
55.237742617229586,-3.3144300540886533,0,0
52.42094063991588,-6.520416658905941,0,0
57.17803190573469,1.846544775908395,0,0
52.79325763031216,-5.909026354103857,0,0
54.09698134173621,-6.696468699567345,0,0
50.1045848591729,-5.964651261131036,0,0
50.65202199015103,-0.30938866840275736,0,0
53.532442007660165,-3.744943407281572,0,0
54.31944951245411,-2.3458406024746203,0,0
55.40018493307373,-7.789908430136393,0,0
52.62496320838373,-7.655686914266854,0,0
56.254836975138886,-3.5417445017298386,0,0
57.74110157470284,0.16655243201623549,0,0
57.01865890004015,0.8523887870756521,0,0
50.35656942813522,-7.132934324043598,0,0
54.32456252532046,-2.6163689789897724,0,0
50.94437160576357,1.132296862792705,0,0
52.17840514276275,-4.120272456021136,0,0
58.87996333940432,0.2956583142836866,0,0
51.28245988611362,-6.663043456005638,0,0
54.489993381062206,1.3539448966779872,0,0
55.563401608863074,-0.48576682468697374,0,0
56.322184734896936,1.4133439278690165,0,0
55.03683815138223,-1.2338276644749353,0,0
50.08793762677265,-4.36596068000573,0,0
52.93815177419593,1.3818117252472248,0,0
54.6594047904624,-5.244332236908216,0,0
50.7907984923035,-4.678274779382675,0,0
53.155642380882625,-0.991915819982597,0,0
50.2988279791223,-0.34683700474613754,0,0
50.707206474395186,1.2940348384915374,0,0
53.572309485814365,-5.951975909437905,0,0
51.19444178638754,-0.020019647807760776,0,0
55.10786763435402,-0.6145394660303651,0,0
56.205184722235394,-7.362054437464021,0,0
57.205280291981744,-4.127768587897931,0,0
51.80135219820329,-5.172345429399014,0,0
51.50734324033163,-4.955095756459696,0,0
50.9411105630096,1.8294687955470081,0,0
55.727872245892726,-1.5722258652007213,0,0
56.35828153838211,-0.8232384220650042,0,0
50.284275303430775,1.766176373150092,0,0
58.42591021619321,-4.227982175423613,0,0
50.46774155286325,0.018401684528059903,0,0
54.87166701770963,-3.6546903669550463,0,0
56.38154467505825,0.6953367181497967,0,0
57.83872211371477,-6.193424586886968,0,0
56.42678238919185,1.4768617706427953,0,0
57.215552747628124,-5.8122829158912035,0,0
53.055051732885254,-4.7377949301906845,0,0
57.33342602371861,-0.43807765893219486,0,0
50.721033617462076,-4.062448584345933,0,0
58.053349904544746,-1.9178862323355332,0,0
54.92833138538363,-3.5542649893057146,0,0
57.35567992966244,-0.5763006291021817,0,0
54.0708645606647,-5.716687476313892,0,0
55.792199256768725,-7.41542012763123,0,0
54.73762394842502,-5.000706025269338,0,0
56.58430569579799,-3.2569133513156974,0,0
50.73466983827531,-6.3197994780732145,0,0
50.543168755915076,-4.452027103436113,0,0
52.22392910609132,-4.0001698170643145,0,0
51.43590212101869,-7.426081563117265,0,0
57.84605209932982,-2.166927518157955,0,0
51.9729258862224,0.8434342797128753,0,0
58.782787302372185,-6.482570870469476,0,0
53.03206212593996,-2.0219198659848594,0,0
51.63906124119829,-1.352607950891537,0,0
57.10728656428231,-3.806653195807117,0,0
55.928369979507885,-0.9890241263573003,0,0
54.483761448078255,-3.89268456508988,0,0
54.99827195843868,-2.9536271202256508,0,0
56.47281600445037,-7.92646955445573,0,0
52.05609267198169,-1.0827988586531117,0,0
58.96700524451067,-1.386573210552756,0,0
58.773138459321046,-7.615991226736554,0,0
55.85293117712243,-4.317498926048669,0,0
51.79588205836231,1.7903184079166738,0,0
56.12205418188162,-3.792634374313832,0,0
50.649785680812585,-2.9805459486815824,0,0
50.27587251985226,1.0993015815971852,0,0
52.31914599660092,-0.8273812413424357,0,0
54.163606610653844,-2.179298688757765,0,0
57.814452548675426,-0.021953186589274587,0,0
56.54452162789677,0.6436626645597325,0,0
56.684358690799826,-3.431119282627331,0,0
53.82944001003268,-3.248916350681646,0,0
53.113414932922666,-4.139490643481642,0,0
53.33934886686142,1.6670614001846058,0,0
58.88884607362452,-1.0283374570964963,0,0
50.36098272271234,-7.167769337919277,0,0
57.80328346510204,0.6295962331301848,0,0
55.20807867715154,-3.1944005916373195,0,0
53.94753877270632,-7.312460935775126,0,0
56.527318943736226,-2.5028274483668893,0,0
54.38002047282232,-3.828357210242979,0,0
57.860809142734944,0.7774940486262487,0,0
58.10631677610132,-5.960053963906127,0,0
53.7954883418611,0.26464609492182944,0,0
52.49145017511547,-2.423113088145473,0,0
55.33115295734026,-7.45389696786531,0,0
58.21127011055022,1.7184530132548463,0,0
51.895959701051,-2.8738475589680004,0,0
55.606699252071344,-5.0912314576841755,0,0
55.68404198083269,-3.305931580107419,0,0
56.59801720173753,0.5785778351748903,0,0
51.18410916614534,-4.950968756149365,0,0
56.4424246821388,-6.073236035132997,0,0
58.18129268599077,-6.709287530691185,0,0
51.617147979832176,-5.021406016097887,0,0
52.1378899243149,-0.1995191295995653,0,0
58.742555846374756,-3.283736348047383,0,0
51.62879257438541,-5.7251839630646,0,0
57.689465840326214,-6.338150003902508,0,0
54.43050070803231,-4.672705234896209,0,0
52.22507966962859,1.3992437288570887,0,0
57.836749111452605,-4.569732874099756,0,0
54.00774729502399,1.881240759546353,0,0
54.63335618536721,-3.1476954423464383,0,0
53.23310032459789,-6.208360817098491,0,0
55.336557662914345,0.9114009179350937,0,0
51.471714853265205,-3.396446268651731,0,0
53.51973382986585,-0.9032865649547555,0,0
58.72471090101759,1.8371158320915182,0,0
52.32320089431015,-7.49824649680026,0,0
55.91062998087163,-7.033054402124328,0,0
52.92671057802225,-0.7954325853724384,0,0
56.961258131179406,-5.18174996704528,0,0
51.17786294646515,-6.156986030499009,0,0
58.728389405706906,-7.606381201802705,0,0
54.08410587245275,-7.781532880137982,0,0
52.12445417011818,-0.25514396880209134,0,0
50.66147072597011,-6.6556657263045,0,0
51.52782114578787,-3.322793840288491,0,0
54.677965537004155,-1.9410318482051698,0,0
53.033028587881574,-3.716481994311538,0,0
57.45995029294349,-7.728933476637669,0,0
53.877987712956255,-0.1649849741209115,0,0
52.23842845328867,-7.894867754583466,0,0
55.55430487943627,-0.3811010562251598,0,0
56.36099495196901,0.9330449378812276,0,0
51.503377171108546,-3.671600789428277,0,0
51.50857294659486,-2.6445752690220177,0,0
50.33004284240189,-3.2301660738234625,0,0
56.627618135590765,-4.107913813765612,0,0
55.974240748596245,0.8742453537036035,0,0
54.271677881748325,0.9393351066999056,0,0
57.59753404072278,-4.6418363535846545,0,0
57.25103137655048,-1.8493024598530203,0,0
55.26818927957077,1.2690756214586418,0,0
57.814441524619326,1.6205849894135156,0,0
51.85257089033092,-2.910409595779525,0,0
51.00727657457955,-3.471751947156732,0,0
52.427746503652905,-5.213056840714742,0,0
50.51378170480383,1.5887187319041,0,0
54.78052575200929,-6.571856955271326,0,0
58.42945123065465,-2.2017042395227495,0,0
50.35409186601659,-5.174497324813611,0,0
51.09898922609024,-5.209917096522034,0,0
54.06979125455092,-3.9503141262381156,0,0
58.40487515775114,1.9879293581565456,0,0
52.84540494479076,-7.450336931601779,0,0
54.56511327819553,-2.2145818179646852,0,0
50.37415573145353,-7.174278419647228,0,0
51.3350888086588,-6.454791700094811,0,0
58.87967110662962,-3.604370582271013,0,0
58.68606826792441,-2.8953986865355867,0,0
50.044459828409686,-5.41207591635476,0,0
58.566306068809155,-4.835428691255839,0,0
55.7520794403395,-7.13032979744067,0,0
57.8112646506802,-4.967802161557495,0,0
54.09265870070473,1.6655843938054407,0,0
54.64036425721325,1.4470738167248172,0,0
54.39961922231228,-4.65121709863015,0,0
56.00177831791494,-2.291460637212384,0,0
51.25686129280682,1.0959539111094436,0,0
50.269762308854105,-7.938161773591033,0,0
52.77136947432072,0.10683570337591775,0,0
56.34212686462982,1.4836955278891892,0,0
51.81668106910654,-7.08674265666443,0,0
56.06089189992426,-6.38552313967079,0,0
58.729208414965434,1.6074630277135533,0,0
50.845106442104765,-2.624598563596537,0,0
56.05341906402614,-7.858033655282763,0,0
53.99375197374114,-5.423680012364708,0,0
57.81328028939755,-3.500563257311404,0,0
51.59434810502648,-1.070910889752323,0,0
56.23363357003548,-0.6683962186320045,0,0
57.54303760683299,1.9542151292545604,0,0
58.50152797526621,-5.12488800616241,0,0
56.149232254606815,-2.6177989813152474,0,0
54.47457287607585,-2.66676452140395,0,0
55.560625161810925,-3.9435474055276245,0,0
57.82014486030846,-6.308381061575798,0,0
55.13548771974947,1.774565631838426,0,0
50.27348353727153,0.5331718666658603,0,0
58.3785382595628,-3.0166697170576278,0,0
56.20574075928405,-1.967545773159702,0,0
56.08862047199522,-5.727389464403377,0,0
51.941076371579456,-2.5621292960825315,0,0
55.92996923209392,-1.050298668785242,0,0
53.54477965088743,-2.8483297161341117,0,0
55.86109679337343,1.9028517058494128,0,0
50.95933727277192,-1.886583437522738,0,0
55.920607741427325,-4.2902628740783095,0,0
58.994723531936,-0.27847972384161856,0,0
50.433908349745,-6.2953748841835795,0,0
58.794567657991855,-4.154841862937335,0,0
53.66217164650583,-4.530410496224142,0,0
57.83678105303533,-3.6819290489222274,0,0
57.04146935652446,-0.18220174071273654,0,0
55.10314634888001,-3.158269678365926,0,0
56.64604288326194,-0.05985549734037221,0,0
57.90664005171213,-2.235110968601341,0,0
53.6372628948593,-4.579305653424447,0,0
52.94329845406915,0.09978743683472402,0,0
56.00834047007226,-5.617103294469084,0,0
57.27061347747133,-5.756170202002045,0,0
56.86056621298954,-2.9549707594516423,0,0
57.18032283972771,-5.391507540379111,0,0
53.9202498333164,-7.909129650487837,0,0
57.36050794557519,-1.517024727011985,0,0
51.08188149833548,-2.88906178527602,0,0
54.900401881647646,-3.5448218550683883,0,0
50.051827944483094,1.669685146183154,0,0
52.92127246910243,-2.288008160370863,0,0
53.29815381384258,0.6343157778938444,0,0
53.5655542244833,-6.605497637948398,0,0
56.25920486020876,-2.3079353687057234,0,0
53.49702291143311,0.6797962673090296,0,0
54.038242603602775,-2.16894242720102,0,0
52.13789717786895,-0.8198582187299852,0,0
53.35926612466406,-4.279564321877926,0,0
52.045426645368366,-7.075504829629334,0,0
50.65876331391599,-3.4209970487292853,0,0
55.431037340432404,-4.055206091611424,0,0
56.01391518699515,0.6706018237894735,0,0
55.57541311408653,-5.560046976475277,0,0
54.17144639420515,1.6673422753510803,0,0
53.41807202161307,1.5813811980449621,0,0
57.770002846146426,-5.5236835692856125,0,0
54.67173606622596,-4.519480445226796,0,0
54.31263689866758,0.9555574087388496,0,0
50.23077859225792,1.6662222089610754,0,0
53.071230448635404,-3.565608971639559,0,0
53.42176056907272,-4.790029543591022,0,0
53.58940502807211,-2.7390598674845794,0,0
55.22155132304599,-1.1223079363426525,0,0
54.80242292054191,-5.265254846250202,0,0
55.471145835141,-0.6352682538092722,0,0
56.88394935387915,-7.48342642885359,0,0
57.316871648444845,-7.507055072355835,0,0
56.46310768603845,-4.1371229485445475,0,0
58.59971326359441,-4.465268079392795,0,0
50.164093244087255,-4.8436678463284775,0,0
51.76200187115192,-3.0898023733109,0,0
50.06806587480328,-4.792664176884288,0,0
55.82727242739143,-6.077420815319081,0,0
58.08227494054988,-4.905304509113991,0,0
52.191340669186694,1.7490427281023493,0,0
58.34331090316676,-3.8888658300515138,0,0
50.54240651260605,-3.552872231416642,0,0
58.40992424124963,-2.2345501004886,0,0
53.16460418515671,1.8334076841422657,0,0
50.91278745604295,-5.58398723564237,0,0
54.37284583267693,-1.1871788946756618,0,0
52.310989109484574,-0.8401530645827586,0,0
52.56385611765731,-1.9267558320693405,0,0
52.76560968433658,-7.114216603633559,0,0
57.227233080493974,-1.2312772417242357,0,0
54.85245149007729,-7.359052889638245,0,0
52.80176929240403,-2.0385735045010307,0,0
55.493004049798266,-0.6041882277825739,0,0
56.44535606800874,-5.890301093800495,0,0
52.453616006601806,0.4162200754277414,0,0
53.721941913728166,-7.696461944669958,0,0
51.09697484003253,0.4381286365830608,0,0
51.630344145812124,-3.3967094935723487,0,0
56.130060685684846,-5.824120600683555,0,0
51.63294512926064,-6.66221855006032,0,0
54.72647045300354,1.5330716758237255,0,0
56.3814163555019,-7.273344124188433,0,0
50.96189230785269,-6.009065800640744,0,0
55.10580997666013,-4.521776525669541,0,0
52.309065053312274,-1.7976515103887953,0,0
58.66634187713822,-2.5519891472390164,0,0
54.351910820479326,-6.743565075876861,0,0
57.25393294797642,-5.102720162617854,0,0
54.95203887940636,-5.612482289139759,0,0
50.390712795693375,-5.864571455096586,0,0
55.698362380346204,-3.8885566352001293,0,0
58.562630079859915,-0.9596854740834306,0,0
55.41450638131698,-5.82547067782764,0,0
57.37269973484111,-4.333211202970186,0,0
57.95785817013567,-4.090825731588377,0,0
52.052717947540394,1.7645652943541013,0,0
51.90840355917404,1.546663568790688,0,0
55.498828899658925,0.0013758275207589321,0,0
53.69925622826034,-5.583410791808149,0,0
57.558751725800484,-7.319626859083304,0,0
58.1002081105821,-4.830958622793752,0,0
53.18079241372446,-5.3320545056616915,0,0
52.13183503077034,-2.940741998536061,0,0
57.02472963719475,-0.22272089932206907,0,0
52.473254319933226,0.5832293887885811,0,0
57.403528866623105,0.4486408541050846,0,0
53.813644282838865,-4.403244387769322,0,0
56.00794909362323,-1.1276565653931705,0,0
50.859817824512014,-4.871658024757799,0,0
55.61473392208916,-7.390944567648173,0,0
54.06590910863506,-0.984347343970577,0,0
55.279476168579265,-7.901724474302122,0,0
51.51212786970377,-3.9081741254151146,0,0
56.63186370449764,-4.706207306979243,0,0
57.765173697889054,-1.0662246148114756,0,0
51.95065820081698,-0.3375452723962109,0,0
50.86143099968145,-4.959053640287162,0,0
50.212747274417026,0.116270144448535,0,0
55.77774350398939,-5.060832394950662,0,0
55.46384632479903,-3.5367364001343873,0,0
54.92027671442663,-0.7298147298586608,0,0
52.08752386504378,-1.0707977077521145,0,0
53.51815396314963,1.8736847231220004,0,0
55.35028701667556,-5.748389757840681,0,0
54.470901729732525,-1.3768208646041762,0,0
58.89006968193399,-1.903180917242226,0,0
51.2279577730106,1.1509845449002984,0,0
56.25630098642834,-6.4363785835512495,0,0
53.63886891293863,-0.48201836413067056,0,0
53.853796534330534,-2.3173138373123168,0,0
56.45837989092359,-5.253341302120946,0,0
56.23192536191932,-3.2556508585282593,0,0
58.92130394331969,-4.662234029302022,0,0
51.15554860508713,-2.2068659721153914,0,0
50.9369868444575,0.8900061081466593,0,0
56.51904935415867,-2.3069501558779795,0,0
55.20548225305768,-1.6827758167341598,0,0
52.467445999038254,-2.8125215288529057,0,0
50.71477432090088,-7.488344935545241,0,0
50.770924246367876,-5.671414431239057,0,0
58.04771787197706,-3.079982705679172,0,0
51.726805922468685,-4.8976471625529525,0,0
52.91034405903969,-6.182364022388057,0,0
52.03990762004289,-2.9586715808156168,0,0
53.19496675248744,-4.7719020655214965,0,0
50.62481458471484,-5.4189235682658525,0,0
54.67153811817443,-3.3601458255961916,0,0
50.608513072329934,-6.6671574191782685,0,0
57.20320857040125,1.277457330754073,0,0
52.103408737193895,0.67702097919239,0,0
54.860107231440594,-0.9237941425946463,0,0
57.920711788053126,-6.937861724115438,0,0
55.85789632142475,-0.24122745530307022,0,0
54.79662007896202,0.07957328109018924,0,0
52.91900377803838,-0.3223538228566234,0,0
52.99701721752378,-6.860341128807589,0,0
56.025382596783714,-1.560920429322353,0,0
58.94725425099051,0.3432479574939862,0,0
55.95655270864441,-2.226465987803323,0,0
55.02005075633022,-1.53592624771911,0,0
56.57585459215321,-3.4163652057369385,0,0
54.18685051055346,-2.7129268011594743,0,0
50.541281083407064,-7.656231416482748,0,0
55.06067134290119,-1.6103697802671544,0,0
58.61862756054842,-7.185527871088408,0,0
51.57772648121894,-3.649854056597766,0,0
56.21004401738599,-5.073449023325922,0,0
51.80840319793151,-2.5457204978828694,0,0
54.82244916025773,-6.665836644767929,0,0
50.87008804682048,-1.083565980266818,0,0
54.05333842632366,-0.049884630715296474,0,0
56.805469960057216,-6.366455502568435,0,0
53.12814371815084,-6.956869126481179,0,0
55.98420552038496,-6.544845172126409,0,0
57.159049647107565,0.7712756189850172,0,0
58.344600375315075,-2.718107382436438,0,0
52.11177873669908,-3.327390039924974,0,0
53.593843242283775,-6.9328818089764574,0,0
51.371744119973755,-1.5044399324303823,0,0
58.932351519425374,0.6799959189508993,0,0
58.34300871131866,0.28185869323452906,0,0
54.859614172525035,-1.7394529101919876,0,0
57.57829964938779,-7.247212833483264,0,0
54.68862179544838,-6.87602972823987,0,0
55.612271192024835,-7.506910128901753,0,0
50.80211988904415,-5.425207835075307,0,0
56.797433784471274,-6.6433853283962225,0,0
51.14942135271711,-5.399519597475662,0,0
57.43460867227276,-4.149419442810383,0,0
57.03825278903347,1.429827840711356,0,0
56.37870227968679,-1.8962394021830793,0,0
50.325443424722856,0.34973785682962344,0,0
52.72815520350796,-0.8964849928766778,0,0
52.368013129197585,-6.874968694733683,0,0
53.24122766724367,-0.6407959362605116,0,0
50.788784720874546,-5.249011184408756,0,0
58.432620407279565,-1.6089215300529363,0,0
54.98422016641139,-4.590380263570115,0,0
52.74971879592221,1.9767226326465916,0,0
53.57283365366855,-5.364485205032222,0,0
54.02482286454352,-5.208695292257303,0,0
55.40534900024556,1.306722555623983,0,0
54.641114849268476,-7.7535559536367735,0,0
58.27452775892976,-1.033110121268031,0,0
54.472671346152474,-0.7467360926412185,0,0
58.929422133409815,0.3637857741039934,0,0
57.66282461970586,1.744393106384754,0,0
51.87659462921602,1.7560191915665246,0,0
58.375356931795245,-7.3472324243353615,0,0
51.047297580969285,0.21839322752902568,0,0
57.357047376420724,-1.536900663426187,0,0
53.42560964128922,-1.5265786562690877,0,0
57.90176888400563,-6.716500733853052,0,0
57.812510210967055,-1.4981283355434662,0,0
57.25332860105859,1.8248258060124787,0,0
57.110273926763554,1.1181856953944695,0,0
52.74211225188237,-3.608693391951495,0,0
50.72827354746127,-7.600520267139057,0,0
53.62682160888645,-4.377065099997951,0,0
51.561720634878576,0.2639031160055527,0,0
56.25455980012215,-0.9850089853483395,0,0
53.11489753884007,-3.4065634440604358,0,0
58.78049180773923,-7.448984648411689,0,0
55.76874869610799,-3.7310527217669733,0,0
57.402325072709246,-3.3097506028211647,0,0
51.192722054676636,1.28555532894136,0,0
57.758130340453604,-1.5891389641784057,0,0
58.30481471462055,-4.8834708334535115,0,0
54.38355726937042,-2.7468173554927864,0,0
55.456276439758796,-7.339446921778399,0,0
56.883288208126956,1.7256823564973676,0,0
51.573547645343716,-4.399400980692739,0,0
54.523094688170985,-3.2213264508686414,0,0
53.58796724995082,-4.447160257630774,0,0
51.317365929460244,-1.1748826988379983,0,0
53.30780980062379,-1.3776784167040699,0,0
50.61355078446944,-0.8467768947086434,0,0
50.23230716254538,-5.318567703880792,0,0
51.216496602393406,-4.84331518835934,0,0
58.668036004302564,-6.7474876890379205,0,0
54.945765823055154,-1.4449002815388745,0,0
58.69239945037898,-7.602028726643475,0,0
53.89248090497119,-2.0231766447654094,0,0
52.806345197767335,0.6969588485163385,0,0
54.5552767655622,0.9083214828963353,0,0
53.955605197696194,-3.509622396300383,0,0
50.95098215835569,-3.406963117869262,0,0
55.76743683221186,-7.230308169919827,0,0
51.9443436425864,-1.292349745569643,0,0
55.576291594080466,0.2125942037284556,0,0
55.85180983158338,-5.55344945395287,0,0
51.36822367815783,-3.7869911836663537,0,0
50.55214664399601,0.3883933676527036,0,0
57.02685427461596,0.7712046766228795,0,0
54.13820381392388,-5.568200197357741,0,0
50.52347415954928,-2.4942936545863574,0,0
58.95379685452791,-6.075068493641729,0,0
50.5200250489673,-6.981212358604434,0,0
56.25531705972698,1.1112050139195748,0,0
58.85311032737072,0.20507504232109142,0,0
52.15262093794333,-0.39965098196826077,0,0
51.280244318184764,-7.512336811868596,0,0
51.09246445480186,0.4372879271025738,0,0
52.72947632810836,-3.6195592409461623,0,0
50.90941229909582,-4.576048767041404,0,0
56.22945207524719,-2.5352363897462356,0,0
50.56062618317056,-7.086467572764442,0,0
54.58479915334811,-0.4335345064760112,0,0
58.97027168467679,-2.175649231117041,0,0
57.32573242555417,-6.134099031268325,0,0
55.5369749440791,-6.117678002309544,0,0
52.756282587079504,-6.157513484273258,0,0
55.61506252662475,-7.42997612448066,0,0
54.743373175204866,-2.1220155062831516,0,0
53.83475045501334,0.4034817758850817,0,0
51.176393390661794,-7.825017860126114,0,0
57.9794379371642,-7.509953550287264,0,0
54.048061839391906,-2.2722972331305424,0,0
51.75160260638688,0.19495685386052308,0,0
53.30983415789561,-4.732611094313664,0,0
53.727167772760346,-4.503856011922778,0,0
57.447841060101865,-2.036535025032241,0,0
56.602529425052616,-5.25787110875853,0,0
56.92374404277206,-7.733916339223159,0,0
50.09928137985783,-0.6477148189840394,0,0
53.74538598361785,-1.7435008705854687,0,0
54.33209736471791,-2.192440009443409,0,0
50.17273049140751,-0.5831587100817686,0,0
52.33831887870531,-1.247691624379625,0,0
56.84260840809922,-5.9411801182167885,0,0
51.23398735156099,-4.475189530566489,0,0
54.817791183073325,-6.73889858321375,0,0
51.93681684815514,-6.70142986582119,0,0
50.10908697179504,-1.238042536434608,0,0
52.17081311839587,0.5860010698249827,0,0
58.78286379419048,1.627325838611391,0,0
57.213834006946904,-1.7165288245055557,0,0
58.636189798889305,-6.158986766390431,0,0
54.39068639533726,-6.943496545510693,0,0
50.98762578809753,0.12850971536757783,0,0
54.931635400763234,-2.2124352364000073,0,0
54.089396011039646,-1.8171497898628015,0,0
57.599213744656545,-0.1853791124529076,0,0
50.8827432270582,-0.9672277226754842,0,0
54.39417023319601,0.3445825285609665,0,0
51.35043798224586,-7.437860945401216,0,0
52.92208334201054,-0.5247936325349514,0,0
56.636213696490195,0.5085275732209542,0,0
54.2841631643189,-5.138649575416856,0,0
53.38299456631192,-1.5955272600674713,0,0
53.550286507130316,-4.858379361630279,0,0
54.13502091565388,1.5797106648245407,0,0
57.065148894533515,-7.665764275644962,0,0
58.02876220046211,-2.20207156167045,0,0
58.598012178535356,-6.334964529504849,0,0
57.08213047629766,-0.8777979482284133,0,0
52.838662061732116,-6.241097165813379,0,0
56.19321235477888,-5.646167381016424,0,0
53.93842811649853,-3.056291889542419,0,0
52.29203559841446,1.1483494999687807,0,0
57.5678442148333,-5.882856278520292,0,0
50.345837140660926,-6.5575997888189645,0,0
58.11585792921881,-0.4102316814596936,0,0
54.153297181622605,-2.99380467666069,0,0
55.73481329127452,1.1178511238177133,0,0
55.93418529985205,-6.533854428401577,0,0
58.05605966635883,-1.5407210697696065,0,0
55.73002713950487,-5.671208538481849,0,0
55.52540226284056,-6.432395713483607,0,0
50.59986836504621,-1.1657058484272946,0,0
54.66567219750684,-2.0631538009126675,0,0
51.35152100735338,-0.4517254163766875,0,0
56.636903918493374,-4.905374235538177,0,0
54.60999728731407,-3.520283436178101,0,0
56.12205001287518,-3.945283236695815,0,0
50.37505610542146,1.8408946396651427,0,0
50.76312814441223,-5.077510432606121,0,0
56.44691049256414,-5.051827616532331,0,0
50.64875902398806,-4.454517911713927,0,0
50.64131054988733,-2.3540591870967846,0,0
50.10897627711399,-5.476772557362548,0,0
58.60851258469532,1.1528994037927394,0,0
56.63757523513106,-5.343144351337365,0,0
53.179262676518576,0.9581573156019463,0,0
52.668820231588896,-6.965249363534154,0,0
53.14732906771265,-1.434372976003477,0,0
56.97188178063064,1.0698551843824369,0,0
55.95233549963373,-6.312505616017704,0,0
51.66676011080721,1.6832696009925492,0,0
51.56698401800676,-3.4711663958448833,0,0
50.88556084742058,1.4571510844102455,0,0
55.94272447731204,-1.2317995636995303,0,0
56.879353959995626,-4.984131301264485,0,0
52.38541785492504,-6.116974750828936,0,0
50.188504649278215,-4.962649537749006,0,0
50.739545007287845,-7.06982590737325,0,0
58.71074031360527,-6.561320336566702,0,0
52.65900299729678,-6.953395596535189,0,0
56.923008330543205,-3.770564562584423,0,0
55.62197211968837,-0.04421623742413594,0,0
53.43745675687606,-6.586164457836598,0,0
51.851185359759995,-6.696795668276641,0,0
51.09247776343466,-1.5657105048266926,0,0
55.5351167123498,-6.0281701803193375,0,0
56.971704025740095,-7.023899618910084,0,0
55.79513828187017,-6.331514217944224,0,0
54.772719199242424,1.2373139587677606,0,0
50.377561010884726,0.21471252776190752,0,0
58.716398998349455,-4.459354376449059,0,0
57.18842772489117,-1.4417923267260715,0,0
52.63539833030868,-2.6272432633196194,0,0
58.81973296422966,-1.2287573651743608,0,0
55.4169343067269,-1.1732884753724067,0,0
55.24180392386522,-1.7126598494000707,0,0
56.73265861486579,-5.338986314626914,0,0
57.305928092811236,-7.609935792371819,0,0
55.908307465983526,-3.444332180098912,0,0
51.1528617172958,0.9097388469070378,0,0
53.044407553950485,-2.3050274148142407,0,0
58.35275276293444,0.3239104170190785,0,0
52.02154050659467,1.9162434296122814,0,0
53.34950321453762,-6.363837958617237,0,0
53.888691946497765,-1.0822236085801773,0,0
53.95464490725007,-1.2570642629997533,0,0
55.51645624245073,1.7995544735827842,0,0
58.48768253970237,1.856007339528004,0,0
52.16623440649254,-1.1332138827587048,0,0
51.09351238670826,-5.563852080178057,0,0
51.77723440873944,-0.014441618694009506,0,0
57.98232410188343,-6.929708657889619,0,0
55.812297313896856,-0.19300695828371328,0,0
52.573161103152444,1.1019612414469648,0,0
57.34352245071756,-4.171666052315647,0,0
57.752329967270924,-1.6936470501691954,0,0
57.618629048212505,-3.698572679031737,0,0
58.27033880275599,-3.6223494501187155,0,0
52.270169181560256,-4.896291108918799,0,0
56.79537735871651,-0.3787037954967536,0,0
54.14485547546726,1.3617656416650519,0,0
57.57798697601055,1.4075085923446107,0,0
56.55641609445452,-6.252187151250662,0,0
56.98802701849752,0.7474364965656601,0,0
55.905456539129645,-0.6256855857287782,0,0
51.59685892522736,-5.471625993097107,0,0
54.90524227007244,-7.327153870784855,0,0
58.862027655720574,-5.32002733115622,0,0
58.43649259847407,1.1220823678152563,0,0
50.3885636221731,-1.6682132510422774,0,0
51.483333341564936,-0.7894533910212811,0,0
51.185558961091054,-5.428476488909041,0,0
56.53381918986766,-0.8061184442517977,0,0
57.36006796871251,-7.718784937220763,0,0
51.921602296796046,-4.246786542269862,0,0
54.55267423656646,-1.7324665145766875,0,0
57.5663272521008,-6.539034344586797,0,0
56.595213902896255,0.2300357444693475,0,0
54.88013484942663,-5.649687011880814,0,0
55.313129214128956,-1.477188871815537,0,0
54.57524492224652,-3.9480285742467034,0,0
52.67793606186939,-2.0395640452235284,0,0
55.085197935731145,-6.925494473710919,0,0
56.199967718450814,-7.830872000783927,0,0
57.85990624274727,1.0956442738030123,0,0
55.726622185813234,-5.303699912328172,0,0
56.85009383338842,0.1967700278045914,0,0
51.44064471459116,1.993503004722001,0,0
54.15401726977811,-5.885687420010888,0,0
50.08398457844384,-5.348292588166444,0,0
52.22010978069461,-1.3714021236533434,0,0
56.53815543601704,1.6544863460062125,0,0
58.92628956214427,1.1581434819074392,0,0
50.89260289628494,-2.9712447993441513,0,0
53.613448842751595,-0.0488971747327529,0,0
57.20063871829244,-6.64254146900099,0,0
51.83632071166009,1.774381842040123,0,0
54.995764543720576,1.6435323403598652,0,0
56.59764166426707,-6.36271042120829,0,0
55.54386905234161,-5.005768751968934,0,0
51.692222611538746,-6.998450024932331,0,0
53.19846111817166,-5.282824011018203,0,0
57.054126060368574,0.15955789415206567,0,0
54.988038627188146,-4.216843928347405,0,0
50.047066521886215,-7.116030328532416,0,0
56.84891684025284,-4.577744752210954,0,0
50.31780219446215,1.813833342412801,0,0
56.71160404458109,-1.703164047407971,0,0
51.82232504148713,-3.838390535938423,0,0
58.62266132107442,-6.3346148650273,0,0
53.31146676171876,1.8617679728369474,0,0
52.942384547042714,0.20849009263128693,0,0
51.339992452992,-5.1852269754908065,0,0
52.75043793941193,-7.299313042788105,0,0
57.889856856453804,-7.43374442622442,0,0
58.96700903864523,-6.796218504944662,0,0
53.314785774561635,-2.1923141638557837,0,0
54.037495678590886,1.2876342120549236,0,0
56.49863844382463,-3.0325657199401554,0,0
57.97576202418567,0.42945482456197226,0,0
55.33739900768106,-3.541133801401922,0,0
53.52373128360046,-0.9141645423217479,0,0
53.713596567637616,-0.6812726271349918,0,0
56.26056331847126,-6.260362940966614,0,0
50.02896437243851,-4.387839410241883,0,0
55.57630403713857,-1.6269784346197609,0,0
53.199437093972215,-7.293033918156338,0,0
57.14777598149376,-4.384598122370434,0,0
50.83691575840819,-2.6520053371880756,0,0
55.293820402535516,1.9622449304463867,0,0
54.32875600897511,-3.2546643737755927,0,0
55.78092973314705,0.16056757114323617,0,0
50.58368235034671,-3.6793271493338224,0,0
55.21985408685318,-0.03609277380291154,0,0
55.05336129163571,-2.045851983798916,0,0
55.04594084974554,0.8659544150239835,0,0
55.431388999368096,-3.8905744764989008,0,0
56.08821143503726,-1.9569558017852113,0,0
57.244900997126926,-1.6998131938117265,0,0
52.42838648115393,-3.8261705819952674,0,0
57.425444691620555,-6.556879563125185,0,0
54.48430114037108,-7.064405930876644,0,0
50.69352451220898,-7.833284494003669,0,0
50.52695836319581,0.7353426424521459,0,0
53.008144868264544,-5.635250877613054,0,0
57.06407279400321,-5.884932507182319,0,0
56.36912841266824,-0.639645995739345,0,0
57.09753468205166,-4.7998388691260825,0,0
54.65542150797448,-2.9395530758816344,0,0
53.961790981599414,-6.374889347025437,0,0
51.327072740356556,1.597457214619693,0,0
52.95373478248381,0.515814000172373,0,0
53.90617429556488,0.6378962296500319,0,0
50.79740386711656,-3.932262514279948,0,0
51.9855075744009,-0.3763878629282722,0,0
55.38402764657365,-6.561238446102198,0,0
56.62096802815271,-7.913809974082197,0,0
58.98512760253655,-7.8002706742197185,0,0
58.39801998209202,-2.1339826259543955,0,0
55.78308679581672,-3.4460509475205923,0,0
53.791232479646645,-2.819846510914802,0,0
55.72559628237409,-7.9253685958278055,0,0
57.070864562722086,-3.7731338034257433,0,0
51.06502571831049,-0.8193183879913919,0,0
53.68914400726659,-3.5730629803256413,0,0
57.55822057072056,-0.6778079368777776,0,0
53.4544965673974,-5.669810356031652,0,0
55.14685044104468,0.13142004481725422,0,0
55.289924247759785,-2.1156875954654772,0,0
51.660286278202754,-5.892369005700938,0,0
53.26011897487059,-5.632795241461671,0,0
53.01060159867739,-1.7196953543046298,0,0
50.23577037678859,0.2993959321244333,0,0
50.2177258750222,-3.8437221797084486,0,0
57.48527339308196,-5.416995708724078,0,0
52.45763728975531,0.6701160691060046,0,0
54.66270889614934,-1.3073170824916511,0,0
52.68853016229896,-3.519145127169235,0,0
58.46611320603807,-3.1209980472069816,0,0
52.33367082979196,-5.957435320636036,0,0
53.866911314650416,-1.7319736993515606,0,0
57.854572254361415,-4.412574894571113,0,0
57.57740210112628,1.956451766743493,0,0
51.67491276061649,-3.198164847381122,0,0
57.2237897881614,-3.141143938103868,0,0
54.12368198064103,-2.3414821258932808,0,0
54.346719848768196,1.1675600311874668,0,0
51.2013197517435,0.008180998597502764,0,0
50.72541362381412,-3.488699302021586,0,0
56.551453762763884,-0.8130073402720406,0,0
54.468150371197694,-2.137645012192383,0,0
53.931656323536615,-3.0763295129875106,0,0
56.56557405787157,-6.076842272156495,0,0
56.889616090919986,-3.3606373654510904,0,0
51.43017350902418,-5.541814129774254,0,0
55.49202634529877,1.1484214985165462,0,0
51.21818674049917,-4.64593186503653,0,0
56.762375774261415,1.5226401453337228,0,0
55.912596406404255,-2.6694470990528885,0,0
58.60953158975112,-1.6845562132383964,0,0
50.62062214720779,-2.5705955551067223,0,0
50.51349249036129,-6.706193830332991,0,0
52.5396836722388,-4.241787809920591,0,0
52.355351153623154,-7.008538877223761,0,0
52.222809191648,-1.7704595581661824,0,0
58.156291224689326,-3.5312580479956104,0,0
52.245915798645555,-0.22015028429063221,0,0
52.44754753515768,-5.795295190006302,0,0
56.83458436176167,-6.354339415706651,0,0
54.04765858205486,-3.9366776903623215,0,0
56.99039501259663,1.2658538321838115,0,0
50.58829541807947,-0.8957818498758829,0,0
54.38814074306046,-3.8107637520708133,0,0
50.30252240164955,-2.827278302456895,0,0
50.563878831098194,-7.157869888229016,0,0
58.1579370800997,1.8457589637611314,0,0
51.25320834005836,-1.3359269530508104,0,0
54.79178614047695,-5.145959315365776,0,0
53.699860423406356,-2.1419160578475562,0,0
53.126089936329585,-6.90517633931006,0,0
58.09850011118545,1.6583666880758354,0,0
50.1964105709794,-6.25215012116634,0,0
55.9741071755803,-1.5196968194478586,0,0
58.67054990792195,-5.545455374610696,0,0
55.04151365115658,-0.8243861735146423,0,0
58.43140215829783,-0.23178632759718987,0,0
50.47032091357421,-1.2658027108856738,0,0
53.769139871667456,-1.8550053974480747,0,0
52.34142011865846,0.9246909395201168,0,0
56.577388684826566,-7.21373289010242,0,0
58.831673814475224,-4.690852342198048,0,0
52.30877056199823,-5.51712520369154,0,0
55.88757141326667,1.8801396206542158,0,0
51.78287869483766,-4.106102203331265,0,0
55.08797229114449,-0.6738730075960131,0,0
54.17539238019503,-1.1527483611899543,0,0
58.748047966683835,-5.879187625226223,0,0
55.4767454542682,-5.610023197884487,0,0
53.14555734878137,-5.187154364469659,0,0
51.0268620639914,-3.888727217406208,0,0
51.36122145861441,-5.656749343494732,0,0
52.02785236956112,-7.803485172531522,0,0
52.258699952062685,0.7939305680719553,0,0
57.65554452057024,1.6560983138088403,0,0
55.051005094542724,-4.58429612968432,0,0
54.7105182023693,-4.614931205745272,0,0
51.032919846822956,-7.92908187225629,0,0
57.74125724014492,-1.1974931166962595,0,0
56.50532872887635,0.2543989574862877,0,0
50.60901525710001,-6.533916996399968,0,0
56.370515875067916,-6.403336506328492,0,0
54.89184395608382,-0.09916750028562227,0,0
50.735528111721,-1.8370925164585534,0,0
54.12470577375791,-7.551394423722829,0,0
54.36226658417042,-1.774530095377183,0,0
51.49197086146948,-4.910822771562339,0,0
58.511283323002544,-4.3127484452915406,0,0
57.649778343325956,-0.30268581703119857,0,0
56.02120103596197,0.10935192672610583,0,0
54.160660049005465,-3.9964337316016936,0,0
53.70588987426058,1.4715293600635473,0,0
55.858761204358586,-3.9353728204792775,0,0
54.90888682466215,-0.28163964769890093,0,0
50.56045795293697,-3.1612273543574094,0,0
54.61252383893299,0.9753232652208403,0,0
57.257632555095554,1.077612436501786,0,0
54.13315889837262,-7.125831921289161,0,0
50.467609197988416,1.3649333131022576,0,0
57.0765037944563,0.25534841520415696,0,0
51.812274039223766,-0.08689285687333115,0,0
52.32758751399235,-5.990886603144776,0,0
51.482357180890666,0.05119208754664939,0,0
52.971935583843475,0.5013273468503687,0,0
56.81076355119772,-5.108496655458491,0,0
54.67447273553544,1.522600783623238,0,0
51.84393146735641,-7.501398536008358,0,0
57.90047070336837,-6.500907467528603,0,0
57.916236694563764,-2.6241886194848565,0,0
57.835205825414064,-2.2420752887769027,0,0
52.14916590243385,-1.5484991669909665,0,0
54.061154097628894,-7.830308706845336,0,0
58.86490690526787,1.6036677462213031,0,0
56.948112286789915,-7.55411907265856,0,0
50.24450679103004,-6.569380472765976,0,0
50.58684132134443,-7.85985482473943,0,0
54.175382391311,-2.331415667059053,0,0
58.18298185275404,1.3226688392097223,0,0
54.848316181574425,-1.340528339195358,0,0
54.48031257230861,0.22657468480427312,0,0
50.949263299609676,-7.8671879654142,0,0
55.91102094251865,-2.5798470152027395,0,0
57.39892844540203,-3.404370224944781,0,0
53.42378006756806,-3.0103205577920695,0,0
56.98050665832795,-7.277868146648121,0,0
58.68028988510731,-1.1556463893069253,0,0
51.8338981321492,-2.9677958514136558,0,0
54.70996668075267,-0.3485115013873603,0,0
52.58424162276118,-3.147093659382847,0,0
57.135689771304556,-6.506183637735679,0,0
55.19834029293042,-1.5174304592217798,0,0
55.711241757952735,-6.276136378948338,0,0
57.18122743654305,0.7239456335481496,0,0
53.563734253962096,-1.868837609307585,0,0
58.23581061566339,-6.4279611644304575,0,0
54.79725980521526,1.6233805748120673,0,0
51.42159340551813,-2.816345366646794,0,0
56.263092063519224,-7.27101548128345,0,0
57.13935215394429,-1.731670955849328,0,0
52.85085509360774,-5.468010929871898,0,0
57.714613312988774,0.036934518773025005,0,0
58.155289292891894,0.1782207356619061,0,0
52.49214038640028,1.789473558546618,0,0
58.851693254436995,-2.981304689754963,0,0
51.266403752438826,-3.450431202722629,0,0
51.81814101562241,-0.4652439455351942,0,0
51.658023553142236,-6.675293436580734,0,0
58.04590739007084,-2.530844862068758,0,0
55.888632970924654,-2.5375239986914906,0,0
51.368938549000454,-7.105268771896128,0,0
53.962910765315144,-3.820159144930864,0,0
55.53768222562822,0.532847985672019,0,0
50.75117676490445,0.5615362199466034,0,0
57.94174731566605,-7.00762335080319,0,0
57.232431818973815,-7.092791172521691,0,0
54.54686096218975,-5.373045229980647,0,0
58.70413953733254,0.7476606255399343,0,0
53.7598488134759,-6.71097414926501,0,0
58.85699287132848,-0.8000319737255372,0,0
56.01127998923264,-6.988343803868968,0,0
55.71204145928547,-1.7686214625217467,0,0
51.493594057662065,-4.439327008808552,0,0
57.937349824741794,-0.11086037034132978,0,0
53.847407191285534,-5.663095511746364,0,0
51.460100652042314,-1.6079817061004018,0,0
50.113467679781834,-5.64317465424115,0,0
55.037801152745445,-0.8633971688784623,0,0
54.74659659910409,0.7367803456074871,0,0
56.474182601322426,-6.7319820087324,0,0
58.01232247716022,0.6659568859550351,0,0
50.71465926178727,-2.0642474558570205,0,0
56.58346841306326,-6.72889509132976,0,0
51.68670749687824,-3.7245814464028797,0,0
57.72359347841447,-6.391397065149021,0,0
57.37157162475491,-0.9965211113343049,0,0
54.8671437948699,-0.4113186558205033,0,0
56.392185187609805,-6.942034797272011,0,0
52.82915101865373,-2.9386014730535566,0,0
54.24051109039533,0.1462505602591726,0,0
57.394732079394245,1.361630415509964,0,0
54.13338677455893,-2.8648213325822995,0,0
53.220184387928974,1.50279223611407,0,0
54.4479120252527,-2.643110295439702,0,0
57.45424327193496,-4.058095054000921,0,0
53.016872426337855,0.48203128552895436,0,0
51.563854338221695,-3.070172895419109,0,0
56.40812618297703,-3.2809748943547694,0,0
57.43380391437274,-3.0968751059017166,0,0
50.9057373067118,0.4678500186974546,0,0
52.158867014803505,0.31941541688052055,0,0
51.27774790784895,-3.9648000755978883,0,0
53.1314727042395,-4.667001401294749,0,0
54.053158810148716,-3.080719759608707,0,0
56.739437032669755,-2.2722749026289097,0,0
55.86032826393507,-5.616627893720031,0,0
55.58835710730588,-0.06044915284409402,0,0
53.17137451948689,-3.135172342675771,0,0
57.57302797776284,-4.659544515800404,0,0
54.24158450658348,-6.931790070360094,0,0
58.811944442136394,-5.611548395963931,0,0
55.707279244661635,1.492811717559837,0,0
51.13638267408052,-4.949003131804734,0,0
56.085598058678904,-6.311407106329646,0,0
52.92593613888529,-3.393272083450068,0,0
56.17694477017488,-4.929122566397513,0,0
50.62677033346165,-7.6484074972880585,0,0
51.57393293458364,-4.768547827205827,0,0
57.70163533015208,-2.5589137606053143,0,0
52.04461601321164,-2.4828762798003305,0,0
57.53337012718646,-4.434410788231113,0,0
52.51348479608969,-3.5269724374739937,0,0
55.78593719052837,1.6551791823476645,0,0
56.24735516158848,-4.226515227696884,0,0
54.61389277830548,-5.41773186740017,0,0
52.74779609027058,-5.565329559332399,0,0
51.913799387339864,-3.4223538729586584,0,0
50.29870419106184,-0.4047985128305598,0,0
52.735517611166514,-5.940118158115268,0,0
55.87846511478155,-0.9070387285923189,0,0
58.44474336603634,-7.788501766505837,0,0
57.84084034036747,-3.8106702201605396,0,0
56.894582988817724,-0.2413493479721316,0,0
57.09602608927969,-4.612670442255686,0,0
55.984864131283956,-2.3626289855460056,0,0
52.342581718094024,-5.950207671740892,0,0
58.164755276352466,-0.5800460887382766,0,0
56.03659080715251,-7.477208967312404,0,0
55.04396567882396,0.5254264487550042,0,0
50.99890522292133,-6.018036135783318,0,0
54.02349989425783,0.7439803170833077,0,0
54.143224440817335,-4.4747075869948265,0,0
57.78107248570403,-0.7731642552551339,0,0
54.9198339816901,-4.807747022138115,0,0
53.42360494073369,1.0591167123464764,0,0
58.79120295659593,-6.733628744816256,0,0
50.99648533993684,-6.2148021072740125,0,0
53.8029358548075,-3.0696987484119767,0,0
50.37822207654265,-7.180615609618538,0,0
56.659137086902376,-6.040198152982381,0,0
58.26268896979236,1.4376638221201432,0,0
52.5203359659544,1.7648966114788713,0,0
57.72507509119209,-4.237406706695781,0,0
52.62996407415708,1.232860210139357,0,0
58.196931454795234,-2.551753243265683,0,0
56.78565713237106,-5.3025753412623295,0,0
57.24416099157295,-0.976012789194014,0,0
50.16205900040409,-1.4109819342514278,0,0
58.66529321366623,1.8912531910873334,0,0
56.54003892863291,-5.3495271259071675,0,0
52.742759858475196,-1.279404973382646,0,0
57.46455198372962,-7.479762449705531,0,0
52.53369078573437,-6.863539613032806,0,0
57.854784556095154,-7.960816250489067,0,0
51.01322351370743,1.994606810596732,0,0
56.33317379714716,0.022736971474778045,0,0
54.866286289804194,-0.13276985266459196,0,0
50.868810231758964,-2.9027392471182027,0,0
52.177044454329554,-4.9993291709456,0,0
50.111636326495834,-6.487357155373241,0,0
54.21891168918055,-5.153252611535363,0,0
52.711387346840006,-4.240287780708609,0,0
55.38521735867983,-0.43689903019705945,0,0
52.67514026937756,-2.603382110968476,0,0
52.69927200356286,-7.225163734445173,0,0
56.68873878858443,-7.819709910410878,0,0
50.43328552380518,-6.976678204659368,0,0
58.126054956727884,-3.8950128630262064,0,0
57.670374869520636,1.3319291704901826,0,0
56.01024214903766,-1.625975187907784,0,0
55.338994130966455,0.018258998755150913,0,0
58.030722483256866,-3.336254054954514,0,0
51.66797161575843,-4.383339168049572,0,0
50.71072245971746,-6.915996272833773,0,0
52.15559152918584,0.759330221862049,0,0
57.15120450830171,-0.16839970972097174,0,0
50.31203240053835,-6.318819024022749,0,0
55.24526151575141,-2.8773943612373944,0,0
58.95893764572179,-3.126251920787551,0,0
57.70126484453785,-1.7490844731347135,0,0
54.6930112013923,1.4618689399126126,0,0
50.57276818357978,-2.202285582375204,0,0
57.48236162947139,-2.5978273322138143,0,0
55.390806573594894,-7.49677067065336,0,0
51.034396973536104,-7.37092523981976,0,0
50.844715563410205,-6.126532086732111,0,0
58.18664137492933,-7.675292283082517,0,0
56.022802366442704,-0.5664710442998757,0,0
57.4635811938508,-0.7666969600603686,0,0
57.91081010254041,-6.639437655683571,0,0
55.1459511684349,0.36078900795280866,0,0
54.657017165795374,-6.4521396515388805,0,0
53.87384669288891,-4.988244130026412,0,0
52.85251929012007,-5.51023100838635,0,0
53.91136364772841,-4.276929014269522,0,0
56.96491690157141,-5.453362341100381,0,0
55.41731087913618,-3.110490735615479,0,0
58.03270960959362,-3.925921186453146,0,0
53.99042012941269,1.8656949077932659,0,0
55.46380620846879,-7.440736498717744,0,0
55.681767977827896,-6.578186236126484,0,0
55.32527446075693,-7.471741060913975,0,0
56.323703957769645,-1.741588050176242,0,0
52.13690121537326,-7.454907225862804,0,0
54.611273997912114,0.3643973737612338,0,0
50.93802322527513,-2.880613693180722,0,0
53.460601948803316,-2.7299237541846626,0,0
54.38900361759138,-2.3840549228780574,0,0
55.87001833590925,-6.291862936937893,0,0
58.55477947327583,-6.023096968855125,0,0
55.4058595989352,-4.811826771269953,0,0
56.69234524558904,-2.0650358417814854,0,0
54.556394535456825,-5.8988222405978545,0,0
55.706936282386984,-6.8366827286673875,0,0
50.63838994520396,1.7011688641843214,0,0
52.28952422757662,-7.780181851903771,0,0
53.25667783884625,0.026974053360216743,0,0
54.252440195058625,-0.11964850424977946,0,0
50.41083870952146,-5.02785886154904,0,0
51.26021687797986,-6.643733839926866,0,0
52.491328770121754,-6.543713532945766,0,0
58.74379421810946,-1.0256838276280753,0,0
52.98212306392746,-1.5719340891382636,0,0
54.338369523008744,-0.17254325748613297,0,0
51.764879414645534,1.374811723991046,0,0
55.497020639681914,-1.08072636733408,0,0
52.52614893964377,-6.441484634485565,0,0
51.86293320594584,-5.565573832345893,0,0
54.64915365601381,0.4219373087311453,0,0
50.049552192443784,-5.9069392416579145,0,0
50.06897629384303,-7.274776830455186,0,0
51.97161928191672,-0.9671994595774951,0,0
50.33049226250739,-3.9747364450985794,0,0
50.97223178717622,1.2004005254590364,0,0
53.049745844048765,-1.4974492890633844,0,0
57.223271116218314,-7.095810222083393,0,0
55.148437790323705,1.4785656725366074,0,0
54.61400953360775,-5.414427363597541,0,0
52.64139940887309,-4.627875095937142,0,0
58.38578347489535,-3.9773958631645794,0,0
53.573135371134725,-7.487757035956868,0,0
50.783834901161946,-3.0348457776939517,0,0
55.55359864506021,-6.7668150892470775,0,0
51.02454554128941,-3.990296733116482,0,0
53.10700828521523,-4.492902120079157,0,0
54.56670744846028,-0.27159916573496634,0,0
57.86800272216658,0.03170511632731099,0,0
54.44191922306107,-6.46587117610912,0,0
56.32032889428498,-4.334488126207738,0,0
58.93535155099163,-4.266468389681683,0,0
51.18340207908184,-6.4858955606391495,0,0
52.47258372967568,-0.015464949488094959,0,0
53.55118468037882,-0.9277167166457669,0,0
53.79645360684948,-6.096182137029652,0,0
53.69918967738991,-4.33278091406201,0,0
58.16849902300899,-6.941949751434858,0,0
56.426293800201705,-1.7179340290695606,0,0
55.47114692681633,-6.786280754513803,0,0
52.78435446076504,1.8593416862491772,0,0
57.414113457991654,-0.19317925312137696,0,0
58.5955446033649,-4.097614504160049,0,0
57.39078454295204,-2.2143606772064555,0,0
50.014085946723256,1.1134181621640877,0,0
55.72761233165066,-2.459007196041739,0,0
50.460218432978905,-6.2550151360204485,0,0
52.318464983003494,-4.212966444188407,0,0
50.535722303129944,0.4314486502974546,0,0
55.43415907654449,-1.5578698401038213,0,0
56.17930922143346,-1.4927561566619971,0,0
51.030388742593146,0.6682148568848909,0,0
53.454549947404814,0.939730574625047,0,0
54.10612858059988,1.1979257177943623,0,0
53.321477195848246,-7.051508067468439,0,0
51.08922500436674,-2.5587399803689905,0,0
53.77053011168728,-0.5949047878168141,0,0
56.76060243027576,-0.4307315487298622,0,0
50.6390689807993,-1.9328379802999613,0,0
50.72162012673713,-6.332126648163259,0,0
53.19294162652386,-0.02579446058335666,0,0
58.475531404570326,-0.798886664850543,0,0
56.01715382050622,-7.138642284509637,0,0
56.10802961005308,-3.3619017532562374,0,0
53.257279917540785,-6.2602260047819644,0,0
55.34294712087684,-4.625229542870281,0,0
50.09118065624969,-7.819189077943146,0,0
55.72486441768588,-3.996701315892418,0,0
58.21958252818613,-2.501230788437896,0,0
55.51316121510337,-1.8041740717291317,0,0
57.86328734119711,-1.3650965487128994,0,0
56.51575749919485,0.3629131310245999,0,0
51.08502574763321,-5.8453709272426995,0,0
58.12207976557258,-6.795181775615321,0,0
50.597994599201975,0.5153717189792566,0,0
54.80570725292988,-6.433871851073501,0,0
51.27923411414112,1.7476008133619523,0,0
50.10535949657814,0.4253822939863703,0,0
53.798308341148754,-2.9912339411040083,0,0
52.65536636888741,1.814214249220253,0,0
54.374004444178425,-7.026232708919958,0,0
55.194798980610955,-4.969342388248983,0,0
50.39365165078053,-1.6177558495938857,0,0
51.10702965611371,-4.4999313152682126,0,0
55.027781568053825,1.283725519807918,0,0
53.08850617855393,-7.343739118221825,0,0
56.56256138794503,-2.505881679390354,0,0
55.870624837327455,-2.091337326048855,0,0
57.61043926690916,-1.4727187622277587,0,0
56.232435440023025,-5.443337766681855,0,0
53.86937969651133,-4.354335724801356,0,0
56.056699601549894,0.4368052966497764,0,0
52.47843056829877,-6.050572310298402,0,0
52.75682148900391,0.2686784717336206,0,0
57.10086643928714,-2.373445770972576,0,0
54.01777564761424,-0.37812488805917877,0,0
57.18542306466517,-0.8639263373652843,0,0
57.401801363014506,-5.92488504615121,0,0
57.718061038951554,-2.3118726356612713,0,0
58.249717122570864,0.6772315280509247,0,0
53.87886698461966,-3.6788376319807066,0,0
52.86980136489025,1.6659077022331665,0,0
55.239788719347025,-3.47784899898282,0,0
53.34055181093865,-6.572143633321153,0,0
55.409667501202094,-4.105653199223267,0,0
56.35027276379442,1.517024063905371,0,0
56.19564516642923,-4.802791506601458,0,0
53.37097598318109,0.6809815986706287,0,0
51.501741815288774,0.8125068168188978,0,0
53.87476404615987,-4.49813475668039,0,0
51.283347296737176,-7.167423419493678,0,0
58.010873316654276,-0.7544209084118174,0,0
53.11289714664072,-4.88487700986014,0,0
51.390137725009915,-0.17076385742427647,0,0
50.22902983915176,-3.573451517395669,0,0
55.81240147657836,-3.1473325765737847,0,0
55.73212085709269,-0.22090593251463186,0,0
53.06543749923163,-4.1763666893837215,0,0
50.64540699962886,-3.568726546770854,0,0
53.686660054057086,-4.238095312303779,0,0
52.80095745557054,-4.3265948472272004,0,0
56.09408575761508,-2.740534230985406,0,0
55.45201324507421,0.08799444501150688,0,0
53.28134355377786,-4.382316880774342,0,0
51.96103298829491,-2.7574527946226333,0,0
58.89232369540033,-1.292726745573992,0,0
54.08601459076503,-5.30560553696345,0,0
56.19446812202213,-5.224771950976074,0,0
51.264976708205246,1.3341312702345487,0,0
54.370307296934584,-0.7646542666891136,0,0
50.247830478825186,-2.2281332377669116,0,0
54.54909606119405,-1.52279945579388,0,0
58.67615666405932,-7.707005568965816,0,0
53.4578604168722,-1.8189703443830316,0,0
50.35096411317421,-2.9049112677579814,0,0
50.278602118274094,-2.5425032022056433,0,0
53.491880839521826,-4.405761731691829,0,0
51.44022442816875,-7.185261022870581,0,0
50.21016886695367,-6.066607663879478,0,0
56.805922525551594,1.5074471321267175,0,0
54.12670707993701,-3.91300437729066,0,0
52.60320294775389,-3.333168441691358,0,0
58.10074864714833,-7.4729021014656105,0,0
51.04525064180473,-7.624337704560194,0,0
58.60326946059787,-0.8281855295324227,0,0
52.82570045639618,-2.6190533587888876,0,0
57.99563305077813,-2.9129401578373333,0,0
55.426485888315156,-5.568754695773313,0,0
57.44036623767339,-0.5524926837007778,0,0
58.85611846889418,-6.317634208915081,0,0
52.59564894036871,-6.1006525633898,0,0
58.65021936866834,-3.392878286517245,0,0
53.50533705412178,-5.137201378880591,0,0
53.4696071426323,-5.525370187668536,0,0
53.06348393829055,-1.5476235544666839,0,0
54.87266846612827,-1.4902825478145552,0,0
51.387305388606386,0.24517069799929203,0,0
54.9834033682221,-3.8229143302702413,0,0
54.87534331169004,-7.269149089738498,0,0
56.85711631344383,-5.263336150785423,0,0
57.50284965743827,1.8000546319681696,0,0
53.96397215281182,-2.037414247672979,0,0
52.720999244163444,-0.9026291519897978,0,0
52.33401407585385,-7.926421703745855,0,0
51.75161453034385,-2.8179426781747914,0,0
50.518828239791226,-7.6247134246819686,0,0
53.08203180951242,-2.30769787908552,0,0
52.43222922917705,1.2077084963607536,0,0
58.697756472797664,1.684191305004079,0,0
55.0193794362504,-2.5944732461107582,0,0
53.12549335127457,-3.4179519474778406,0,0
55.22420840894326,1.4501709424849398,0,0
51.25277031211126,-1.2639016800330491,0,0
53.996393742819826,-7.351007204615906,0,0
55.63610889278957,-3.342744223325024,0,0
54.40008048613206,-5.597549815356961,0,0
53.616009205888915,-3.301956785513184,0,0
58.944635500097284,-3.445344279936383,0,0
57.922832859340346,-2.1785519718525794,0,0
55.61065362343496,-4.432295096507488,0,0
55.124396250640544,-6.357295505440719,0,0
55.585944318421255,-2.9628056541004373,0,0
51.8118089704019,0.30202884345762016,0,0
53.55623968937887,-1.3598777193239773,0,0
50.3551357960181,-4.616321340747842,0,0
54.27991433738144,1.3552302275885726,0,0
54.88722125561897,1.1220757124918208,0,0
52.049747624928884,-5.906516006159013,0,0
58.676259624489624,-7.60582414879637,0,0
58.18509149843518,-0.5869129164923779,0,0
56.49928911910315,0.276102613491533,0,0
54.800479658888264,1.6786456595135526,0,0
57.829722436829165,0.8983639408831081,0,0
51.175871094411164,-1.9946523179358522,0,0
57.11458814847396,-2.699476607876192,0,0
51.123387325701636,-7.721589487374137,0,0
57.147895962944645,-5.533435531552222,0,0
52.48190811426221,-3.403852482670736,0,0
57.8938152291637,-1.7149609991643215,0,0
58.49637884442858,-2.4274816668158934,0,0
51.33916372464604,-0.5736401031830951,0,0
54.16408044558854,-5.202330691129592,0,0
58.82888640346417,-2.350473923475268,0,0
54.35066692375832,-7.118577566092078,0,0
57.771927702630904,-3.8633447641679304,0,0
55.298583699181876,-0.4983916704539899,0,0
53.37796917127642,-1.0659914657095602,0,0
52.572051999732835,1.90642737172179,0,0
51.82900781977479,-5.22108874012244,0,0
56.85618372239927,-3.018107008260209,0,0
53.47886456140725,-4.704695862260033,0,0
54.60147915980676,-3.5939688594082524,0,0
54.430929320010634,0.569501298693881,0,0
55.19551126309818,-1.1579092481151338,0,0
57.79019431062097,0.8244119134758172,0,0
58.82665409225086,-5.964888916681136,0,0
53.66825787716435,0.73361117841438,0,0
57.44767029895673,-7.4023772582161556,0,0
56.88075015189246,0.885992804371524,0,0
55.16176056310016,-4.7092622053927204,0,0
58.604424292507396,-4.854123665859335,0,0
51.80427063975563,-2.879114233013361,0,0
50.98337789278659,1.4069018772323183,0,0
57.6856577025988,-7.522186353185946,0,0
53.95234834970373,-4.4776902492925466,0,0
57.622719687863544,0.5657198868333566,0,0
58.037811846758736,-4.039455225645333,0,0
50.562118342571644,-6.0084310240293295,0,0
57.95118286687455,-3.7520581866858826,0,0
54.0348714983248,-4.144474985083307,0,0
54.59389240103809,1.154162014667035,0,0
55.639332599838895,-0.38065624256902897,0,0
58.33744346057078,-2.9488444425599365,0,0
50.17204484986787,1.883705667215711,0,0
54.291591214860354,-3.347224687240767,0,0
56.18949838187505,-7.4176216917972475,0,0
56.50436261928406,-5.377256781850151,0,0
56.23279188383397,-3.6392951978068737,0,0
51.209916164673096,-6.430973758538799,0,0
52.694560295345134,1.4756512632404295,0,0
53.22843972875312,-0.3315110218222692,0,0
57.239934869115544,-5.317127995722274,0,0
52.50883885173098,-2.0919546648208414,0,0
51.89634467480483,-0.7855084289042793,0,0
58.61703217134286,1.4127892890679803,0,0
50.07976956602122,0.8163534917541071,0,0
58.9803877011378,-2.848077738617863,0,0
56.09139168971656,-0.2534738020698244,0,0
57.456223695042056,-2.3785524617241496,0,0
52.65157456711574,-2.472961099544599,0,0
50.12883749900354,-6.852580416618081,0,0
56.64082566705377,-6.738623419838479,0,0
57.50730137300608,-2.704663849775425,0,0
56.66428518758167,-5.311384550209934,0,0
51.285652585707545,-7.789630975395314,0,0
56.78085130031272,-0.7716079609978772,0,0
56.92030503896877,-7.675134033098351,0,0
55.92686464103049,-2.0472315889594546,0,0
56.89504339516027,-2.6080620587268566,0,0
57.61329295709959,1.6881469057780443,0,0
55.522437028137126,-3.157868606523584,0,0
50.79744242572711,-7.363985636222027,0,0
54.3886502870049,-2.483120321935383,0,0
50.69884401204445,0.41096170616101446,0,0
53.667887279291875,1.968492842814399,0,0
53.663958402130646,-3.696568263109275,0,0
50.59408859726217,-4.797012575032575,0,0
53.139384805725314,1.06653296951999,0,0
50.998982889121834,-6.0875787092387865,0,0
57.274116890083,-1.8457108496707342,0,0
58.529192233680234,-3.9428557581905226,0,0
50.650848277321444,-7.589176350444447,0,0
58.596036865625315,-4.527115256943023,0,0
54.70318939403071,-5.347714774973254,0,0
52.69609110158486,-1.139088460565132,0,0
50.691758677485474,1.4879049769191823,0,0
54.50561841263376,-5.319528126213623,0,0
57.150639900416735,0.11465939151681681,0,0
56.36377829540028,-7.446401830615905,0,0
50.45203410317576,-2.618789899601868,0,0
50.65611651831113,-7.294499362901054,0,0
53.625859543693736,1.3403299113063927,0,0
52.65761444643149,-0.3364871944260983,0,0
52.09145890750443,-1.420500887954077,0,0
52.529040490178424,0.23896381624664187,0,0
57.231344689671964,-1.5248020442983687,0,0
58.36305248268668,1.6894439717429108,0,0
53.645924250748095,-0.8604205213522853,0,0
58.15499901919247,1.246586095822467,0,0
52.893461311230936,-2.82868107989362,0,0
54.28793287709412,-6.829355870181374,0,0
52.034260980344,-2.7182227857698287,0,0
55.7642843795826,-6.731271719369067,0,0
58.81083003657328,-2.0750652082359498,0,0
55.43143786439041,-3.175069394723371,0,0
53.22032675702194,-1.774246021672183,0,0
55.83035701391476,-7.899530189451684,0,0
51.10628610618849,-6.051595083446359,0,0
57.997931722388586,-3.086695680878691,0,0
54.52775555701853,1.505035615891348,0,0
54.04414767835678,-4.163909596448416,0,0
55.272783096081675,-3.756279739463653,0,0
55.62305476510462,-0.8530391099337784,0,0
50.645982256038614,-1.9620724271388195,0,0
56.143554991010625,-5.010738499016668,0,0
52.177385122839766,-3.8918360443257223,0,0
56.42557369255931,-5.8230020114276755,0,0
57.40281314945777,1.6602145913020863,0,0
57.23562656797268,-6.693656184426403,0,0
54.972508706671,-4.281632154335806,0,0
54.68152903079676,-7.741610277799888,0,0
51.28588365205471,-5.782205080664536,0,0
56.97811535362822,-0.19528861619845106,0,0
52.44268442402043,-5.988247677111206,0,0
54.47025880536152,-7.199365974710344,0,0
52.55846683634765,-3.255468201554767,0,0
51.204455266997236,-7.900307652654815,0,0
55.66601927202563,-7.152338455736668,0,0
50.48898831340613,0.0762586956297504,0,0
56.7378071071358,-0.28526655140393586,0,0
52.85828115735005,1.1513882040489598,0,0
50.00121223704037,0.5451543591074959,0,0
54.60016225313507,-1.1682443676018188,0,0
50.42166717674843,-7.476671426993372,0,0
52.48552602038809,-0.1715138201334252,0,0
56.362788387101446,0.4551081084056037,0,0
50.56420659459679,-0.00917854228045556,0,0
57.55404643120402,-2.915209646919739,0,0
50.034379303927246,-5.670981613505184,0,0
52.221414822817124,0.453299756887267,0,0
56.66813650536864,-0.7283719025986155,0,0
52.84643134756376,1.8076117438885149,0,0
50.91703149259412,-6.443074022440671,0,0
53.24210526920385,-5.743354169479449,0,0
52.43353957746073,-5.882018501184973,0,0
57.584407119445,-0.07460232378663267,0,0
52.82013125826629,-6.130927035498818,0,0
57.10039224598407,-7.333401701766939,0,0
58.026849303296615,1.9856080658562867,0,0
53.90435677618876,-7.751827885548509,0,0
58.189488294689525,0.35244060158865587,0,0
53.39586248566874,-4.346331584493472,0,0
58.676705748410974,0.4161545975781529,0,0
50.803605720730154,-2.45379508788855,0,0
56.183173398529185,1.0163122948636012,0,0
54.44432636411236,1.261929864146266,0,0
53.48883924910082,-7.90901818719224,0,0
55.694406908737406,-7.245878240072117,0,0
56.334713824708984,-5.496412704291445,0,0
50.03926942685278,-1.3068458363649835,0,0
51.502577798724786,0.88272196511506,0,0
56.417414455708865,-3.400580487060372,0,0
55.997468722203855,-1.930268837257346,0,0
58.694427546158096,-6.115001472044389,0,0
56.849340112257046,0.049668338816854174,0,0
58.556954369582044,1.6732811135346974,0,0
56.322864513813265,-5.314010670854025,0,0
52.68246987775499,-3.0517404839945366,0,0
50.94828430025771,-7.138838894936262,0,0
57.03641477010442,-2.408633435370316,0,0
55.797342993283245,-2.9721655815331944,0,0
50.433674111539666,-6.555635158449224,0,0
53.2404541931088,-3.57933786881925,0,0
58.61119833935857,-4.658953479134367,0,0
54.50361031139181,-2.7816912469481068,0,0
53.89456222417734,-2.143456645712008,0,0
54.119296446433644,-7.915044213927905,0,0
51.87994451604647,-0.3899401705044463,0,0
53.318364537783154,-0.8698570813825919,0,0
53.32831930388459,-4.3371361379347775,0,0
50.47119518168725,-7.470640644311818,0,0
56.90810865666126,-0.45067460214949584,0,0
53.74853988713491,1.551751604781325,0,0
57.39961898134781,-5.5984840397798585,0,0
57.65313201007906,-4.764753862629621,0,0
51.90794649228792,-6.16187110518185,0,0
55.91618133953116,-2.2306387665516034,0,0
54.25053623746683,-6.451586053525451,0,0
57.92141064129336,-4.4380605653862055,0,0
51.94166611258809,-1.0298698606573709,0,0
56.1003188027904,-2.3988401699065163,0,0
55.469769100274505,-4.135374356720647,0,0
52.6577132981465,-3.7975039819245815,0,0
51.229408132860556,-2.3788911737677054,0,0
55.86475784429549,-7.941352721128387,0,0
56.64737712319098,-7.2149013154639015,0,0
52.84064609387015,0.8125806776301161,0,0
55.803493436200824,-7.221210109087092,0,0
53.55617816850353,-0.9319640378949483,0,0
56.41886194954356,1.2003816410905266,0,0
51.792937474046475,-5.2931639569826885,0,0
58.01193502372557,-4.295085629404857,0,0
52.586686368190215,-2.3107859415528367,0,0
53.31007388980537,0.817089696385846,0,0
50.522827568723145,1.4190558726042024,0,0
51.003609910891484,-0.6043675188873197,0,0
54.642757124410956,-7.1338023914530595,0,0
52.40833409055174,-1.3084584446514924,0,0
57.51932203167975,-3.8969627812733796,0,0
50.132240497894585,-3.2929900050893846,0,0
53.41184643804743,-7.508516096548229,0,0
53.03610992092183,-6.089378606536418,0,0
50.17394867825841,-0.09486392466352278,0,0
51.11931559100459,-3.4604116695214024,0,0
53.722784074267715,-4.983377583688512,0,0
54.43578126002702,-4.159809260350419,0,0
53.638607725293824,0.5439951332568018,0,0
54.77843910570884,-0.5100098259504309,0,0
55.356185074151135,-5.276846028189173,0,0
50.08931439015052,-6.824981597876267,0,0
54.17685643508153,-5.480017783559283,0,0
58.671493167988295,1.2075645105473374,0,0
54.671290521165936,-2.1841116215024465,0,0
56.09788040713058,-2.6651979125521716,0,0
52.80677472125195,-2.036064003075385,0,0
56.96592240337486,-4.339717342534847,0,0
56.95629333688504,0.07107020319512714,0,0
54.69166442888725,-2.7671375069975017,0,0
58.78412440951292,-6.832520972312045,0,0
51.12995193286388,-6.709348751709371,0,0
50.15252898400623,-2.6314085349738168,0,0
56.931423905813865,1.3657021807083911,0,0
57.26439983628394,-4.916478783238013,0,0
51.081865062085186,0.6954116885921824,0,0
52.39024549662746,-0.3590441342112065,0,0
50.15797127029966,-5.5218755709309315,0,0
52.63977749702508,-7.636592516837576,0,0
56.95827686526805,-6.981527348576172,0,0
54.66164474941321,-0.7150606615255981,0,0
53.13286033851459,-6.0033026195935335,0,0
53.345653654156976,-4.287290794946062,0,0
50.01218263143922,-2.9830083399357514,0,0
52.69820474808712,-0.7453183154983716,0,0
55.818128674741374,-6.867687767408746,0,0
58.76774999434721,-3.936335947225385,0,0
57.6235474428551,-3.1492709085730457,0,0
50.212354681809764,-2.591729360284603,0,0
58.08704544207355,0.18360641395216604,0,0
57.048785719687636,-6.2832180495678305,0,0
57.023385112138826,0.07831451826622349,0,0
54.121961831032145,-1.071215723033478,0,0
53.582047636590524,-2.4412918580104064,0,0
52.72624155949873,-1.0047212959742806,0,0
50.591253730589294,-3.879822610483436,0,0
52.05411827144329,-6.616024140318754,0,0
52.219432714802224,-1.3423475973463272,0,0
54.35669362739181,-2.753276933143777,0,0
56.72699965937024,-1.6062519945722453,0,0
54.26428845558152,-4.6200121897151,0,0
50.520600045024445,1.068665773398358,0,0
58.62010820889384,-2.1263013142442304,0,0
58.48451887184701,-7.145975157091262,0,0
57.066705888335676,-3.501960092955713,0,0
58.921951114077984,-0.4364394525636568,0,0
54.90034099520237,-0.058654382677276296,0,0
58.66491515227885,-3.054029472362412,0,0
50.68044536555076,0.9474757083130108,0,0
53.29112673435234,-5.323315628057024,0,0
52.02843141206089,-3.8940130276173344,0,0
51.76249775720843,0.9859691056897013,0,0
51.26722654003409,0.9625671647157894,0,0
55.60172277409397,-1.142872311753191,0,0
57.03189670172574,0.589805471222201,0,0
55.20468559478324,-7.112267330437673,0,0
51.32266438629389,0.6499497620777639,0,0
57.300113929401235,-4.793800934497733,0,0
55.723592364473554,-6.216684875717837,0,0
53.49349135514296,-5.606301636579537,0,0
56.067172659824564,-3.8203149198611293,0,0
52.3391448131855,-5.488079953955328,0,0
53.10672987644789,-4.79432413983501,0,0
58.25737258818791,-6.6502151392835795,0,0
52.614540551042786,-5.038232344410015,0,0
54.22989441342143,-2.2771618545799885,0,0
58.01127023656413,-3.5814629190893603,0,0
56.369492152407744,-4.532812387640888,0,0
50.55982903548232,-0.5354787114288602,0,0
51.325727398510736,0.9350997139331785,0,0
50.07057431694725,-0.4321077709760299,0,0
55.67829611206247,-4.679992978823208,0,0
54.029060828693765,-0.5555783216244627,0,0
51.20847365812048,-6.480198175259488,0,0
58.62140708951093,-6.696820119087091,0,0
54.76693751551058,-4.543729629638411,0,0
52.177039647016,0.07702369044056923,0,0
54.505432140392365,-5.536517527576981,0,0
56.11658299461597,-7.367465911013204,0,0
50.68615296176208,-6.682904647936449,0,0
52.47233433543103,0.5874496852958018,0,0
57.26268941795594,-1.6621671525271235,0,0
54.13698383362395,-5.467988366300233,0,0
54.919194278290654,-2.4470417467181864,0,0
53.89534401988522,-2.7242037757464956,0,0
50.39509948378705,-1.4456402155933876,0,0
51.4917480183814,-5.668124455783837,0,0
54.00987474867702,0.6440298719439763,0,0
51.88266918867135,-4.906314379199872,0,0
50.44981125793711,-1.0586834602376314,0,0
57.59284697646641,-7.838753536277851,0,0
58.83073276247704,-4.273428701058528,0,0
57.13828586597066,-4.482901820411917,0,0
57.684064295342004,-2.5651557141698547,0,0
52.17779417285341,-7.2726373822280355,0,0
58.6456427796188,-0.09868626273891667,0,0
51.772331340080854,-5.8221919823243145,0,0
58.56286829325649,-1.229621851179898,0,0
58.95337364569356,0.032121232440932346,0,0
56.40550525171444,-2.3812304375848683,0,0
58.830293586126395,-0.5911679327801451,0,0
55.12585801610393,-1.3813968778499444,0,0
52.335876048584815,-4.444702028479924,0,0
53.93296297099059,0.08858539033565371,0,0
55.34204841840907,-5.0529863011447205,0,0
50.657734058243136,-2.2878708224848285,0,0
55.60108938155521,-0.5460226085846047,0,0
58.83060053086065,-4.210440901874924,0,0
51.71096884805355,-4.9723239238257495,0,0
57.13335604659545,-3.406539898271773,0,0
58.17108914401658,0.17963494349153564,0,0
58.49331433538199,1.2992176314566475,0,0
58.641220439649025,-2.5491658714010983,0,0
54.693136748493245,-1.3853379467634817,0,0
58.79577117192353,1.0327362223891416,0,0
56.81579186420995,-7.014531485870576,0,0
51.455042926132656,-5.679214221338349,0,0
54.29210095821173,-0.910999937484176,0,0
56.46498057834803,0.23744461912299641,0,0
52.226062842371746,0.5702902833057788,0,0
55.76553665193999,-3.8489282314506745,0,0
55.999404311419575,-7.106600977081332,0,0
51.46429769427709,-3.6221852270038006,0,0
55.085767812074806,-5.692654097929462,0,0
56.94464219880747,-5.088035450033758,0,0
54.49006098082348,-0.27732443162494214,0,0
50.108928050984964,-7.244729139741131,0,0
50.08134622171363,0.2758121748070206,0,0
53.21326409573011,-3.7233091417583095,0,0
58.33574661588604,-2.0393606889940497,0,0
52.05809101643248,-7.10347768764321,0,0
55.709273199845185,-4.626409216427204,0,0
51.99868283623989,-7.102990809851542,0,0
52.89502990693594,1.6154372288110963,0,0
57.63237880641336,0.07261649326250463,0,0
56.55975298042952,-3.403672456435398,0,0
50.858593495818894,-5.763974516763289,0,0
53.8583181888779,1.3345510524985222,0,0
50.26252787280738,-4.554034042730282,0,0
54.328011319427084,-6.3901556831262525,0,0
55.96190610530961,-2.3683561154604513,0,0
51.066523612383364,1.4377412034481605,0,0
52.59996445018249,-7.961697094996774,0,0
53.58052962951941,-5.618751567460013,0,0
58.27577922190444,1.3844764041040758,0,0
58.93929513880668,-6.28914033142838,0,0
50.40420169096054,-6.867565483601801,0,0
56.84907131145853,-2.2981278420019553,0,0
53.34551659762109,0.6184382329482982,0,0
53.53212367606532,-3.2289018230607383,0,0
56.78838476012321,1.9456425668452475,0,0
58.26583788930868,-1.2082830046200712,0,0
58.55835735052294,-7.259250927895523,0,0
55.19410327434489,1.928321316819753,0,0
53.21409043370453,-3.921057632198096,0,0
57.08794177272901,-5.1259746615451744,0,0
52.259012449360704,-2.4212081642211443,0,0
55.07666625950166,-4.956924081791357,0,0
53.227206153723856,-7.135424928798477,0,0
55.90967966337089,-7.985716569208233,0,0
52.16359021604156,-3.5041664707973768,0,0
51.72433651161343,0.36863422226592313,0,0
58.26415178007893,-2.276848143699235,0,0
50.916233146545835,1.9920729894344085,0,0
54.55362116961439,-5.1315335435280005,0,0
51.98767504666708,-5.1954493523994465,0,0
50.350369669931005,-6.402505397660558,0,0
50.32416936462284,-6.359364117346648,0,0
51.576995948952444,-5.148134039899522,0,0
57.800933190554005,-0.07159954726472861,0,0
52.54230869579324,1.0575679063644792,0,0
58.55413253517766,1.7508716970768123,0,0
55.23460063690274,-5.677103459035473,0,0
53.92952770791889,0.8129754561409168,0,0
55.22079951202509,-4.71744910722663,0,0
54.65028546703641,-6.871594554831156,0,0
56.82898628381593,0.7002492552016566,0,0
52.54246459375567,-1.638943653563814,0,0
53.17745352440272,-6.3526910391893825,0,0
58.046848722799254,-3.7016874248699745,0,0
58.51810861835365,-5.127423051229323,0,0
58.03302404737827,-0.6320543128980303,0,0
53.77503194561582,-3.4658376937573196,0,0
57.023289527061934,1.8927994510638495,0,0
54.28702159970989,-7.452550177404049,0,0
54.47785866931492,-4.449847338637533,0,0
51.842120981515556,-3.180998328900226,0,0
55.32017272932665,-2.968664452516802,0,0
51.67522307978013,-4.840641776143633,0,0
52.98408229160474,-0.7075975090243194,0,0
57.695271814579414,0.7474707348897471,0,0
51.8636822828977,1.3871930197786302,0,0
50.640424566560895,0.05093376799526261,0,0
50.621068333515346,0.505801973065994,0,0
58.46706068452797,-2.4945469938000446,0,0
54.56228394165651,0.258882264268145,0,0
53.684708646353165,-4.964960908520478,0,0
57.297907229071264,-4.015212378907856,0,0
57.52243335119464,-4.830869861814557,0,0
52.98971929804044,-3.3261266455207457,0,0
56.242562517264155,-5.144203837613636,0,0
56.94010534266698,1.6161144225444684,0,0
55.89185618179359,-4.871553719943319,0,0
51.3643556732009,-7.019554618890602,0,0
57.88294775165351,-2.7318283394958662,0,0
54.85185097462408,-7.429009215548236,0,0
52.542251837330035,-6.894568336914195,0,0
53.82705366893924,-5.806106108037537,0,0
50.33813981359017,-3.356497501178583,0,0
51.150801211001756,-3.667490676909721,0,0
56.889920754642745,-0.0030813799720883495,0,0
50.0001047127983,-0.605253461158866,0,0
53.74909245634063,-3.736817060092987,0,0
54.702591629770296,-4.662957924243701,0,0
50.49170978000875,-4.835312159385014,0,0
58.757703466750996,-0.2600491270599097,0,0
52.035127981247044,-7.479275937787302,0,0
52.73778847672653,-7.8717835048939415,0,0
52.73548261029524,-0.044556080733519465,0,0
52.07374995905615,-3.2285362401095075,0,0
50.013264398776805,-6.69118861446424,0,0
56.564103146791965,-5.644340654054988,0,0
58.70160949819357,1.3250395309738252,0,0
52.01864134956541,0.5950297562489801,0,0
55.9674247262308,-0.9021494977602744,0,0
56.677066942628436,-3.177747696626734,0,0
57.63582841181472,-2.7967637380861428,0,0
53.80366277312248,1.7524453528395867,0,0
52.726378150763864,1.6577044388428703,0,0
52.92765620620728,-5.847309542141657,0,0
56.41359199788661,0.11104566305318109,0,0
57.351015198550726,-6.027573338329832,0,0
51.634525709809424,-5.864625221160486,0,0
53.33846907341989,-1.2390696583542322,0,0
58.11746177074235,-3.949989014124516,0,0
57.26024167725265,1.3154440710652011,0,0
58.86372562486228,-7.109902651039912,0,0
56.788234337138725,-2.8847435919050692,0,0
53.5387568092513,1.1852153044312121,0,0
55.31574050595174,1.0411366047950512,0,0
55.94912828822588,-6.434707865842588,0,0
50.70610234685412,-4.333622999035436,0,0
54.90047263193479,-1.808785999533038,0,0
56.38388745625349,-6.406051152285978,0,0
51.505891736009545,1.6802217204573875,0,0
57.02568545683001,1.1474932872766033,0,0
55.253955024627004,-6.330498209655309,0,0
58.569996071278354,-6.788445387390146,0,0
50.381800683862025,-7.145915171917347,0,0
52.3879352379992,1.094436640366311,0,0
55.413984913698414,-6.063761902045393,0,0
52.66903920985337,-3.8371507145564525,0,0
56.429817476641176,-3.5114863434799695,0,0
56.83104754269738,-2.0098895578643248,0,0
50.92264367659827,-7.28264656252575,0,0
54.62469017786091,-5.732413825994841,0,0
54.580015000319506,1.3149038691892603,0,0
53.32352693193987,1.0841010726856943,0,0
58.39632376312705,-0.18709352594307838,0,0
57.44755687885899,-7.805987543817846,0,0
56.27488443718673,-4.729932315038979,0,0
56.42893972161498,-1.7204126465709217,0,0
54.15544529431807,-5.2480978822652435,0,0
58.28895068986918,1.0958669505377738,0,0
56.25135884527957,-1.661105381675581,0,0
56.56082955490235,-7.280932826835544,0,0
57.75521813408611,1.0900558883570302,0,0
52.46664430407972,1.5776665817622249,0,0
57.263638134800324,-7.222875816082745,0,0
51.75716542660843,-2.676397651386851,0,0
53.10807757020399,-4.966357177858296,0,0
53.020494088428585,-4.071609235185976,0,0
58.806729215502266,-6.203487820446581,0,0
57.708835013731345,-2.2192789798758747,0,0
56.31052875431234,1.5797935324889067,0,0
56.54351085453851,-2.96927399728391,0,0
55.05865514962314,-7.170854186055188,0,0
58.52381600397667,-1.7999866652259158,0,0
54.46632877594126,-4.5977700554874295,0,0
53.42465938882905,0.5592518959129791,0,0
51.46731803238432,-3.653218516835298,0,0
57.07585087034952,-6.071603910577544,0,0
56.609995388680325,-6.08894377308855,0,0
53.459195346717216,-0.3123581927883965,0,0
50.226740725633064,-5.344124016926401,0,0
57.5509759494621,-0.32766605840776997,0,0
50.10276185108666,-5.941126892334006,0,0
56.33329801666146,-4.7831363129869064,0,0
58.73231398753451,-3.3451302756030064,0,0
53.938951953333834,1.4319584969345076,0,0
52.114760644963575,1.3173142475382456,0,0
56.34383909039043,-5.931281245777122,0,0
57.35415327814027,-4.417809587569272,0,0
54.917872844700625,-6.506006115462277,0,0
58.70331747730532,-2.900149206865029,0,0
50.46501849492165,-3.3941744930533346,0,0
54.54316038474075,1.0076016245073234,0,0
56.466085525902955,1.3000537779107262,0,0
57.76376424034261,-4.164326089927079,0,0
51.61330050717011,-3.0826205698101052,0,0
57.200031335873135,0.9623624914613309,0,0
54.974363681466905,0.06707807745061523,0,0
53.56898313790967,-7.963436886553508,0,0
51.18543525721184,-4.799404358164175,0,0
57.78766183018021,-3.782257580638741,0,0
51.41545887361744,-5.702837163167683,0,0
52.78809073288189,-6.004283841040612,0,0
52.61040978766193,-7.622154934043204,0,0
57.84272630771769,-1.5663027493023947,0,0
56.054326947880085,-5.374897095168343,0,0
57.17013257472235,-7.476528215686869,0,0
52.25421108913249,-5.690206894719363,0,0
55.62386689646299,0.01913952836126498,0,0
55.14571384829374,0.5148918164654663,0,0
57.49547339109444,-3.1693375480669737,0,0
58.154783544331345,-3.839293295913138,0,0
50.10941094329648,1.7785369350178168,0,0
56.06617927152914,-5.994353404119301,0,0
50.46652219207756,-5.846407171453915,0,0
54.9397279856962,-5.081328229636003,0,0
52.588694561393105,-6.272426817189126,0,0
52.76098939569927,-4.206344017958134,0,0
53.17662653107121,1.1083422698975376,0,0
55.59163204144649,-1.8465215937142574,0,0
53.00644969101892,-3.8805345138773637,0,0
56.59429145531252,1.3441079457121479,0,0
53.64074647016483,-7.515357675241777,0,0
50.61517880278963,-5.897238220981386,0,0
57.05383858235697,-2.34111394898241,0,0
52.571824921334354,-1.8444737680682088,0,0
53.894901916393366,-7.604424934373869,0,0
56.16899494899711,-3.9696124209286783,0,0
52.99210541433841,-1.508460351691273,0,0
50.50927090532044,-1.019294535965984,0,0
53.36528942311532,-1.6186009748373067,0,0
58.50003724424873,-4.794367756390755,0,0
55.77560957568702,-7.064798764020905,0,0
56.04331233800486,-3.728875535806659,0,0
55.690539382738756,-6.7124556263194455,0,0
51.79092925063493,1.4762365852066708,0,0
53.76500477692052,-3.2482913397737176,0,0
56.758458185269866,-4.827408256431324,0,0
50.91235607797843,-0.33695928881099935,0,0
52.50067498480741,-3.0205140741773615,0,0
52.48687197619268,-4.899659759875499,0,0
53.888170348350556,0.11967742390801739,0,0
58.823318668479665,0.6715215100112193,0,0
50.607522920154395,-1.2699183371132303,0,0
54.66830894942535,-7.5303557759233275,0,0
51.61428213810989,-2.336771198334679,0,0
58.7360889086877,-0.36705088002718433,0,0
51.01973154254718,-6.634969879164178,0,0
53.63240902125432,-5.713292486153966,0,0
56.640964863511456,0.8249510506813635,0,0
56.340989852247006,-7.79878278146926,0,0
53.80455773204539,-0.4727286217402398,0,0
53.11871751157447,-3.262267074855771,0,0
53.578511406975835,-3.532278411603931,0,0
52.37848636842775,-7.9290346750511285,0,0
51.8479964483612,0.19398230966492847,0,0
54.34735727803001,-4.4017509936343355,0,0
52.41680380460846,-2.592343686994571,0,0
52.58715498407525,-1.2269931366434061,0,0
55.910804571271015,-0.9737042356208416,0,0
58.71683598529903,1.5598005882607229,0,0
55.43273480503438,-2.686600467633909,0,0
50.69281520358469,-4.002804490255724,0,0
50.6802525246866,1.537036264917079,0,0
58.5628089876101,-1.578897649744789,0,0
52.675617112766005,-5.018496437234444,0,0
50.82860287474228,-6.7353575459642885,0,0
55.391401284353435,0.4255450146518136,0,0
55.6128390046124,-4.378183972058484,0,0
55.836543381068196,-1.3953027863556882,0,0
52.40661825071787,-3.2918358063410187,0,0
50.13599615793027,-6.010702202049616,0,0
58.68513832509025,-1.9831339137953492,0,0
52.258037411219924,-7.393169310493176,0,0
56.08423659247293,-3.8665754012880775,0,0
56.35966882890838,-2.5338506033632893,0,0
55.49006675371537,-3.6395302588142098,0,0
52.81616654792283,-0.5132782474900921,0,0
52.43986628387659,0.2792495454531245,0,0
55.37901454432433,-0.2875692596682198,0,0
57.794860702505225,-7.611870521881979,0,0
58.52060356031056,-6.058712295540278,0,0
50.953152239633816,-2.633924907362257,0,0
51.39345751337948,1.3482204044380133,0,0
58.502626329047715,0.3495677505211692,0,0
56.62881705501313,0.4253450835180175,0,0
57.946944423467954,-4.9679180624032515,0,0
51.82369370721809,-3.7055210292129743,0,0
55.288272839984614,-3.292940526840626,0,0
56.31025634975726,-6.426284166500896,0,0
56.12100696902275,-7.689318697555437,0,0
53.67336521780028,1.4690289946051678,0,0
50.13855402522178,-5.5928741433649325,0,0
55.246334511238366,-5.600510962763687,0,0
52.27791385261648,-7.166209462312405,0,0
54.05228821528601,1.2850775194377846,0,0
58.618229135754355,-2.20262885060228,0,0
53.59131785878191,-1.3296314287464615,0,0
57.55821445997984,1.1157688726305253,0,0
51.69686545174326,-4.543798310992105,0,0
56.05214448222526,-1.7849268886191592,0,0
58.793062589950495,-7.612005452711125,0,0
50.91703790785643,-6.1322747176887065,0,0
50.07487948004473,0.3124580508994246,0,0
53.902245133693526,-0.3323164366166429,0,0
50.833629347462306,-4.493573085428531,0,0
56.73545914708608,-4.231893722257875,0,0
58.23093797463703,-2.6644556644642057,0,0
53.90618875437883,-7.997589953148655,0,0
52.328404779398966,-5.587556639619722,0,0
53.90962987105949,-5.917681913917855,0,0
56.51103036065001,-5.495170532502366,0,0
50.081487454223335,0.0590584253344133,0,0
55.305085905362276,-5.203261434535568,0,0
55.51962516398641,-6.084786779498518,0,0
55.73919422206342,-2.9573653920696845,0,0
52.1781987198279,0.6564503637273198,0,0
56.42647451040314,-5.586502961625001,0,0
50.822523376985984,-7.214637572072013,0,0
51.79343302820121,-4.435952641503353,0,0
57.897230419890334,-0.5234817543502217,0,0
56.6485083565391,-2.493094553052054,0,0
50.12370998610211,0.16793369574347494,0,0
52.2353863433282,1.5959214760923395,0,0
51.92965834693848,-0.07337523248382993,0,0
52.43725695233275,-1.961969211562466,0,0
52.22803793251898,-3.066584119476195,0,0
50.56273666168561,-7.599309136517333,0,0
54.13046464937138,1.8432197881404129,0,0
56.59460127307548,-4.165188774249575,0,0
55.460585522456924,-6.477717860831332,0,0
56.055845017382715,-1.3329114460354328,0,0
50.730342606826156,-5.157117109045407,0,0
58.56341639159108,-2.1422172906895236,0,0
57.546426504587224,-2.132320921554088,0,0
57.245812866460966,-3.542701790971308,0,0
57.40685424537591,0.36118615545042587,0,0
58.39439457319485,-5.35032938444557,0,0
54.898285695023276,-3.513674083822658,0,0
51.80253816080863,-2.623078714090285,0,0
55.55105247067287,-1.3637527923270039,0,0
56.68593344301145,-0.1602814949441047,0,0
56.64125654018623,-4.051927171217439,0,0
54.69304121750192,-1.5395305590340396,0,0
50.6161284740022,-6.493890469314809,0,0
53.34001644587115,1.3264810054247853,0,0
58.28689947617022,-4.169411935789965,0,0
55.260040187816834,-0.7047857802356159,0,0
54.84498748930142,-7.7965891811782235,0,0
52.419681629439744,-5.94812857095193,0,0
53.31604027924921,-3.1291745567642195,0,0
58.058114802378526,0.7825246773234653,0,0
55.99816742774152,-2.727448500493229,0,0
57.086483240770995,1.2987048229387899,0,0
54.089108807608895,-3.1620310341720366,0,0
55.67222497510542,-3.095509032640501,0,0
52.23545247868887,-6.802532114994682,0,0
56.34914747255138,0.026562441522198554,0,0
53.84841200333003,-5.530345875329375,0,0
53.98290963333271,0.9961248937231506,0,0
55.84390092119193,1.108242203303961,0,0
58.42652559322034,1.4331011187414973,0,0
50.57605711947759,-2.7976951089690996,0,0
57.42268913612307,-1.2290621521635563,0,0
52.63144799370974,-0.21484119938336477,0,0
53.9952750905574,-6.689853813495344,0,0
50.19721995897508,-1.9904280500250273,0,0
52.709414700508816,-7.6570209869668835,0,0
54.52368118367117,-3.024339166112741,0,0
50.50558469612695,-6.451573183797726,0,0
54.41986156444849,-6.170770740379153,0,0
58.34399565972585,-4.349524333073985,0,0
50.94853896297025,-3.67562833283497,0,0
56.87996655267954,-1.7682757546781271,0,0
53.68703948038393,-7.255715815614844,0,0
55.89656343071904,-2.963082387625554,0,0
52.34212938186707,-6.173748697468989,0,0
51.435430362872225,-2.260248249682581,0,0
51.44416352844104,-1.6259538773881648,0,0
50.6344275107883,-2.4329074344714616,0,0
51.670820344111185,-0.6170448952169236,0,0
55.97797446490071,-4.643907557590987,0,0
57.935215506591575,-0.3489340836686914,0,0
57.327131170320456,-3.6723291829180633,0,0
56.16620878887036,-3.1581550167740318,0,0
50.99388677069992,-1.5189787273892854,0,0
52.60268701666355,-7.81641616000776,0,0
52.78826187790222,-1.4600577857975168,0,0
52.24961251757859,-1.814148509278846,0,0
54.635050937387504,-4.901528832467201,0,0
54.819984333917056,-7.142057151005105,0,0
53.21197377653999,-7.090645500869589,0,0
53.184102428627924,1.2322374698522864,0,0
57.457000381154735,-1.107206787741629,0,0
57.10363563487717,-6.728973862292596,0,0
52.77016248512671,-4.432768306910937,0,0
58.22409599485933,-2.0751700609840356,0,0
58.57533515302255,0.3557170509064864,0,0
52.940682878270366,-7.563390712869914,0,0
53.18982453913749,-5.633668685299911,0,0
54.55070738079763,0.8974899029538008,0,0
58.47008731280306,-7.908344498161835,0,0
57.8868748982808,-5.986008972061126,0,0
50.92311166325231,1.5902417597296594,0,0
53.534576689442744,-1.8659815347782889,0,0
54.98034070774795,-5.383286333624936,0,0
54.52819225296386,-7.330089056041524,0,0
51.74476761143203,-7.718086595527779,0,0
57.72935094051339,-5.552549203630727,0,0
56.092467046971535,0.814858195889105,0,0
57.541175373666235,-3.8408634570249056,0,0
57.72887851414525,-0.79666630834007,0,0
56.735202682991655,1.1828503537995783,0,0
53.952895411247454,-3.919595383971834,0,0
55.494920795138825,-6.087226289626029,0,0
51.44328865507769,-2.8288206914308054,0,0
56.06280875727417,1.080836870598544,0,0
51.61327930165353,0.04374414137700633,0,0
56.24554631459141,-7.341701566368462,0,0
52.06638344678572,-1.074271999224182,0,0
51.05796170135198,-2.2810247754104624,0,0
51.487560411286616,1.0746317634642555,0,0
50.01792921697163,-6.775185831497028,0,0
56.46865656068177,-2.6596388679534337,0,0
56.591609441525414,0.7946269351189237,0,0
54.63440014921933,-3.8997621325825698,0,0
51.45226520949846,-3.1800508226713298,0,0
50.75198903759621,-7.295393223330417,0,0
50.17216069793558,-5.218563595510892,0,0
51.491733592686984,-4.754933508310526,0,0
58.01769981484832,1.4512244874488687,0,0
52.173831575315134,-5.173326394588409,0,0
53.18844194495494,-3.3913126473034803,0,0
50.948109360332,-1.2869557643572023,0,0
52.00125174273353,-6.378166275921226,0,0
54.67302113702185,-3.1355761285812553,0,0
55.469774147860875,-0.6146096052409238,0,0
52.2081708274959,0.6685521302706601,0,0
50.519589433026056,-1.737407253375733,0,0
53.51929582214659,-1.3094648468305206,0,0
52.10783033833701,-6.737165274154311,0,0
51.975985309068214,1.4577649724634725,0,0
58.6387652244211,-6.6742592251551764,0,0
55.546704373331515,-0.2532706281820172,0,0
55.01190598854886,-5.351836782216812,0,0
53.741975931709895,1.3359314370125155,0,0
53.8604990008713,-0.8004046063052046,0,0
54.86814503454273,-0.46186287021631056,0,0
56.267868263324964,-5.809408269401167,0,0
56.319314865636464,-3.5696002336483916,0,0
51.545245169349045,-1.821868054107136,0,0
54.50101476868964,-0.30026381793399093,0,0
53.707622855306916,-6.960406240876104,0,0
57.834742696424456,1.6236531645452832,0,0
55.68277029096539,0.9022067055455594,0,0
54.79253659774383,-5.296514095044157,0,0
51.03855177961026,0.22760243032331928,0,0
55.4507410039107,-2.816760769601766,0,0
51.0548351511221,-3.381935184379813,0,0
53.03485918009177,-4.855658941885946,0,0
51.28557768332899,-2.1903141336840752,0,0
56.228662823219324,-0.7011088229640219,0,0
51.856269024525375,-3.8906709503724173,0,0
53.52673435869223,-1.7078080699170792,0,0
58.06107299856901,-1.006870788446962,0,0
51.838847450590734,-0.888781829847141,0,0
54.57024557562901,-7.4803390186881975,0,0
53.773444950494195,0.5974780568506688,0,0
50.16311636941157,-3.417466852349521,0,0
57.13482302215532,-5.375839183037856,0,0
50.621413156831395,-5.582354925203184,0,0
54.268295188792585,-3.1698588715604954,0,0
55.04610465445055,0.8683153946895921,0,0
55.65583810953128,-4.216524183173531,0,0
56.19768466377088,-0.5027425321645671,0,0
52.27945145170443,-7.031812690127814,0,0
50.08980898992604,-3.2394329784893827,0,0
56.510992961194205,1.9168614039273564,0,0
54.82090939412821,-0.29562197207663043,0,0
57.52505932886524,-5.89471511559387,0,0
57.39249526610625,-2.9855852630208926,0,0
57.589935510090946,-5.663752363514335,0,0
54.36585193981586,-3.904390727374907,0,0
53.00265556253179,-0.1991597626503525,0,0
57.12402382332233,-0.28775184709596324,0,0
54.0616470172633,-5.718996220976148,0,0
51.65097976763091,1.2222331815486012,0,0
57.69476617605327,-2.074318172351732,0,0
57.94303889095113,-4.200757090379855,0,0
54.19678780526153,-2.9806441921913933,0,0
50.681297545788084,-1.9492874656225627,0,0
53.49043480925238,-2.401094681542146,0,0
57.23183893516343,-3.1359496446382185,0,0
58.11596625691606,-2.950671959105999,0,0
51.83125468247836,-6.235880895721138,0,0
50.60276250822744,0.12732904304679415,0,0
57.89615407819555,-2.582396800589846,0,0
53.50464445080988,-6.6892013829529695,0,0
54.87584867840807,-0.33842898417222056,0,0
58.712592308456834,1.3244397837735082,0,0
50.59908255122801,1.4730689923696207,0,0
55.83486206706886,-4.309822675888272,0,0
50.6669488031738,-6.64483126439246,0,0
53.3792203561985,-2.8160037336693486,0,0
57.23433090674102,-6.873907706507794,0,0
53.90125009480071,1.3398741851261722,0,0
58.97464118512656,-6.16420372644854,0,0
55.03153356451942,-5.472341400488359,0,0
52.89045937372358,-3.9336347311502955,0,0
51.98100193314278,-4.168355314408743,0,0
53.15468480857545,-0.05337107602110969,0,0
53.35279946383596,-3.4368317944903763,0,0
50.618423099515645,-6.292317399966631,0,0
53.326167794840956,-5.327901045139259,0,0
54.178146677653025,-2.9088661481247797,0,0
56.50463977014924,-6.5254608257386515,0,0
55.910565362494474,-1.8834432435398591,0,0
56.37889089706239,-2.342526934488541,0,0
50.07527313689172,-0.8529768361774233,0,0
51.959006596224825,1.3770461537936765,0,0
55.95515859559871,1.1225456110115566,0,0
54.35590431361773,1.460756180688314,0,0
50.04782128101511,-5.552844029762991,0,0
57.2404517818864,-6.684346933606454,0,0
56.95528615961304,-4.977232995035515,0,0
54.93577246694206,0.9508517276631459,0,0
50.59816993198645,1.7205347462348826,0,0
56.89863544579326,0.5932495107047604,0,0
55.253422289582275,-6.899822788724564,0,0
57.03763979442164,1.474279980597931,0,0
56.765722931562564,-3.76641972649214,0,0
57.22701864762053,-7.906897092376463,0,0
54.662072597641625,-3.5760625925180642,0,0
51.26292066374163,-7.539308303245324,0,0
56.0404172604172,-2.561220788388825,0,0
55.584264065467735,-4.614459725629487,0,0
56.68027868479179,-3.265650664059512,0,0
51.52892905445662,-1.8682963925688298,0,0
51.7547767991026,0.6880109581782037,0,0
58.013685654973955,-1.3809842352807138,0,0
56.74980018606864,-3.659511315218193,0,0
58.17405639830291,0.19427853670365103,0,0
56.828437890475286,1.0558213757313215,0,0
55.37439775391272,-6.802400335678028,0,0
55.887194633250864,-2.6806702244720855,0,0
58.00215131546009,-5.154880402575559,0,0
55.209260790607466,-7.529388021230526,0,0
55.69152191895549,-1.314533048860147,0,0
51.4082904440324,0.6277077745922561,0,0
54.26529098104493,-6.37097345522606,0,0
56.44757400762289,0.12413657623900498,0,0
52.43848428484729,0.5339573353694167,0,0
51.82028762472081,1.1434044266648353,0,0
52.82444127401974,-5.347149109139476,0,0
52.1735056519355,1.0395306518988932,0,0
51.93421373332756,-4.793372452635678,0,0
53.82365758581278,-2.476619865444972,0,0
58.17054662495181,-7.494925291677179,0,0
54.563536820648466,-7.561189116312564,0,0
51.69128342733791,-0.7962678726779711,0,0
50.692745024427865,-3.5552002202220896,0,0
56.26540530624133,-5.437076246307824,0,0
53.44518887992749,-6.0958650397508976,0,0
57.396478519268236,-1.300465091407819,0,0
55.93559691776693,-7.995984559746601,0,0
57.16617305487232,0.05891169196854307,0,0
52.44751435476604,-7.207503938700712,0,0
56.23123030214953,-6.085103850918806,0,0
52.376557862243466,-4.137636047009104,0,0
58.451616315052625,-3.151412602838964,0,0
55.72736853380037,-4.450048841860582,0,0
52.92060620157808,-4.792878350157061,0,0
52.42560676063045,1.6391601207318836,0,0
51.718339265644794,-1.5842031875660574,0,0
56.25176863004355,-7.7656704463261175,0,0
51.968440516981346,-3.698240915556868,0,0
55.3577293933474,0.750086997439702,0,0
52.38171524232821,-4.98543813589332,0,0
55.95772050314482,-7.054436552256117,0,0
57.334457556864855,-0.4161522841008223,0,0
57.00222718830188,-1.9398616806391873,0,0
56.84766197837703,-2.296874921734961,0,0
51.689501651230266,-7.4642344039259205,0,0
50.79546452286067,-6.5950099020448265,0,0
56.29053945638647,-1.7745060378688624,0,0
53.31512492414916,-5.921761585411642,0,0
53.89111603763013,-2.9592992025157567,0,0
50.28034183514052,-2.5511831397060654,0,0
52.336188043475445,-5.1649280972906055,0,0
50.303087634870174,1.4842515554149287,0,0
57.91267195341123,0.42464106835575066,0,0
52.19057014896677,-0.7762649236720147,0,0
55.01603452615707,-7.220061335905909,0,0
50.350813885950174,-6.938699806909805,0,0
56.00162652175092,-3.072186541350443,0,0
52.90724611178685,-6.392866508090143,0,0
58.081272682618994,1.7826546352947403,0,0
57.993063700406324,-6.414797659725906,0,0
52.92761556525573,-3.12532164536026,0,0
58.10864806121421,-4.358789431584945,0,0
58.96541906148901,-1.6061357854590206,0,0
57.42874097711553,-6.709635911105751,0,0
57.60384212979706,-3.6968357195760913,0,0
52.24107862498181,-5.2529496719285635,0,0
55.19032158971981,0.8775152467168805,0,0
50.60530322570631,-7.594142878653049,0,0
50.85426143139503,1.137274940064593,0,0
58.99003350829962,0.3299413855300042,0,0
52.9397532448332,-5.0242928355918455,0,0
56.733655208439615,-0.10709345322895292,0,0
57.25998547724135,-7.687864396612524,0,0
57.72220943906506,1.6686555029339356,0,0
58.978654676619406,-2.734050574102106,0,0
52.17346836731181,-4.967189739345548,0,0
50.3631574417373,-4.37416787405323,0,0
53.70072366195127,-7.335946465395026,0,0
51.17072602846052,1.8934951404203915,0,0
50.20183300245849,-7.607080548493076,0,0
53.24384144427337,-1.4509287685214094,0,0
57.05364425967713,-3.572640722935417,0,0
55.09562622102564,1.489162181887151,0,0
52.81500190289319,-5.540002596932048,0,0
55.889078049434474,-2.679131760619887,0,0
52.0881636227793,-3.17643791417247,0,0
50.12943301464877,-0.9713355594989865,0,0
56.87918047792785,-7.319897680475795,0,0
55.613687763776085,-6.062108699766451,0,0
56.86072362050864,-5.854351799071502,0,0
50.35044215018899,-0.6184924515831032,0,0
57.53407665047587,-6.108613036732599,0,0
55.57573580032673,-2.265082361090233,0,0
55.07055815641376,-5.8475617949904635,0,0
55.62152643303078,0.6162495008397837,0,0
57.77989922181528,1.4218545448963855,0,0
55.282428559030166,-2.8150702505775955,0,0
55.22855341899361,-4.4769111579082175,0,0
58.91611241359189,-5.659422249825009,0,0
56.81057150361711,-7.502189984769562,0,0
53.98064424906022,-5.314999238025046,0,0
56.36657300029635,-1.4576422005468208,0,0
53.503074245226095,-2.6638306869078914,0,0
52.05987916235149,1.4404127828092737,0,0
55.37166689198983,-4.037227375082994,0,0
58.35363888302557,-1.061366576716055,0,0
58.362255680139164,-3.106772525248786,0,0
53.077147502949416,-2.8742378407578837,0,0
54.749097195995255,-5.322256853958825,0,0
51.90472308712875,-3.450492231580003,0,0
58.96067998548995,-3.2921500298729276,0,0
58.83006117081142,-0.9335747825106608,0,0
55.84558036736703,1.4063999918611394,0,0
57.23972653709726,-4.706787225174957,0,0
56.4359014515533,-7.5779953141870156,0,0
55.33842397135521,-3.037048744993603,0,0
50.48013197290008,-2.555386678508314,0,0
54.09287908297395,-6.315594488680848,0,0
56.073076719506695,-0.3953539372393333,0,0
56.09778452495316,1.8492910844149169,0,0
53.35810356580145,1.457747170084609,0,0
58.47522787992227,-6.028939611763478,0,0
51.50621329013103,0.753632399007607,0,0
54.50323501594005,-0.9550636358831532,0,0
56.217955788957404,-3.461534361930884,0,0
56.27422225302628,-2.5938900567527092,0,0
55.83775061091934,0.4960017498245808,0,0
52.47759392106674,-3.1986506036162687,0,0
51.4058591181796,-4.267926308948732,0,0
55.723462941440395,-3.0675250697401424,0,0
55.39371904525494,-2.2087019596495088,0,0
51.61420409260317,-6.109223462216511,0,0
56.34625231013507,1.0090773026699065,0,0
54.096547925602906,-1.258130511703862,0,0
56.009845324428376,-1.667310826625111,0,0
57.536303717931354,-7.005037738193619,0,0
51.52755585719231,-1.9582606182740818,0,0
50.17230381197153,-6.790393377615077,0,0
57.01192327756208,-7.213023248046009,0,0
55.487276826373545,-2.7268910435760674,0,0
56.29675612659909,-3.9721446595350507,0,0
57.543394774897784,-2.1118972984377677,0,0
57.225298413420504,-7.107778319427614,0,0
58.64828132235942,-3.690169371527416,0,0
54.823415709669064,-6.2521328495484205,0,0
54.39646069393915,1.8710008592411658,0,0
53.61698479901657,-2.388497875648256,0,0
51.38321938559784,-1.1256313905913267,0,0
55.1534650959382,-4.745817193173922,0,0
52.49311271893381,-7.052610852206558,0,0
58.291767609916775,1.7587086278353663,0,0
55.24871723849388,-5.137409646168168,0,0
55.33556162457299,-3.7619181482642574,0,0
53.19432194789309,-1.50136078297425,0,0
50.46790416779937,-7.753027023138888,0,0
50.285693888356896,0.10259130517286863,0,0
53.81001629737878,-2.634218099713797,0,0
50.76108840287514,-5.217828129311778,0,0
55.46162259986125,-7.383920147075307,0,0
57.928757050756914,-6.375015845255586,0,0
57.9462333486685,0.9503385885343683,0,0
55.93140869119009,-1.13975776064109,0,0
51.90108648325638,-5.500982783631102,0,0
57.76697148222985,-7.343992350549705,0,0
57.974840917818874,-1.0938468761336368,0,0
51.76988226457663,-2.2759227403223488,0,0
56.636834771936094,-3.9548047554176495,0,0
52.578675940344105,-4.3638855080993615,0,0
57.223762811176364,-5.831857240708917,0,0
58.97514109913242,-1.3038874346248237,0,0
50.270234047964536,1.7066802779387054,0,0
58.07629279211839,-6.2428475416317415,0,0
55.60367480238792,-2.028833799844966,0,0
58.76044357248339,-3.7581494425402378,0,0
54.18508565773785,-3.533112782553351,0,0
57.626491375142365,-5.458527198721856,0,0
50.561546617384494,0.2513487566141901,0,0
53.01751145070466,-3.147443958527589,0,0
50.60314883976089,-2.5659414780173595,0,0
58.77808820131163,-4.952390872026743,0,0
57.35276516544653,-6.181915343330503,0,0
57.67292679121373,-7.140896117971796,0,0
58.44168708290505,-0.8588085907508409,0,0
50.76593137507807,-6.037657183121444,0,0
53.47037833262,-1.099246458112023,0,0
50.639314001396016,-4.096235539530461,0,0
51.89713791395026,-3.8422519901034855,0,0
52.064291993339054,-3.3082250390722834,0,0
54.22196489942821,-4.322914918724568,0,0
52.41705950708278,-6.993800227774099,0,0
50.90880296135985,-4.903681899971542,0,0
51.50741980184697,-1.3626563930606155,0,0
51.32548007196882,-1.3421559853112903,0,0
58.75769118121069,-5.137756927600057,0,0
56.83363256226626,-3.3989737344231203,0,0
58.709853187426056,-6.065527719880626,0,0
53.957664378571174,-5.896279184701642,0,0
52.50531633496391,-7.769529115933926,0,0
57.18463877488268,0.9674654990774467,0,0
52.93628526237032,-5.892933349250938,0,0
52.69445036334813,-5.724661230635367,0,0
52.09255392987048,-5.203985673548682,0,0
51.167110804018115,-6.72591928304571,0,0
52.308167549150895,-1.607371168186372,0,0
53.19787773626499,-7.248570468224134,0,0
56.06594787331157,-6.657975736736497,0,0
50.563083579975064,-1.552432734099071,0,0
51.89456245698808,-4.603393795185573,0,0
57.28121276262509,-0.9205217329881092,0,0
51.32229731225394,-2.4257525532985795,0,0
53.08380631870269,-5.439788269384869,0,0
57.78193029672326,-1.4917204951067191,0,0
51.39432780029098,-6.837263197071193,0,0
50.74463152056371,-2.635896169199696,0,0
54.3608419557201,-3.6285189495496537,0,0
52.72177560150683,-5.321264171825592,0,0
55.070675280354685,-1.9599500226049988,0,0
57.234244014351276,0.7133359234028251,0,0
51.23433639337469,1.9890469976307674,0,0
55.226291760988566,-1.9223723125657548,0,0
54.549578843508776,-3.952941256708298,0,0
51.296709074118795,-5.747928997837984,0,0
55.61598636976084,-5.429039106048883,0,0
52.462763760746945,-3.2054502185023432,0,0
54.39050886689611,-4.327222987192908,0,0
50.74045091849356,1.138145226249442,0,0
54.13625651492261,-4.317045323442905,0,0
52.758171212385385,-4.265554088545645,0,0
57.40143090066819,-4.16465487566023,0,0
50.512808542976316,0.36620210367658146,0,0
53.76746547426497,-1.4921167915309814,0,0
54.12588281718294,-1.8583114968110728,0,0
56.525054686692066,-4.658569776161379,0,0
55.1685881758119,0.1790417683243941,0,0
56.00491103474763,-7.616361386442989,0,0
56.99344357086581,0.7079717233811316,0,0
57.7598267629237,-2.8725010020607042,0,0
52.82487947050223,-4.017497651365872,0,0
54.842204348275125,-3.028327192823143,0,0
57.5609727059528,-1.325844694661689,0,0
58.90506017868551,-7.872345734821026,0,0
58.00567379939387,0.715518564582478,0,0
53.34320536361939,-3.532604746886072,0,0
51.75649865496786,-4.570334802999218,0,0
54.4045328366593,-6.617544343659429,0,0
56.67477306652438,-3.6053462564155785,0,0
54.43312163677968,-3.0367722871562117,0,0
54.34862776982302,-3.9635330550652217,0,0
57.5440737897362,-1.213399061731029,0,0
53.25263401160468,-3.7910347124077397,0,0
57.73815207330481,1.614175778465734,0,0
53.66124320856551,-2.0072248217640816,0,0
52.954097951105055,0.07477935651908929,0,0
54.08590920079729,-6.906440968905212,0,0
56.86202262807382,-4.027087070540943,0,0
51.13401825077595,-4.631522985528473,0,0
51.767772942848154,-2.3051761186340816,0,0
58.563003430967825,0.6111352006142567,0,0
51.579424646432216,-7.216617822379933,0,0
55.10954586137949,-7.274252019552892,0,0
55.21383019995744,0.5031770815759895,0,0
54.4066201584522,-5.871499139616426,0,0
55.80270723719137,-1.3124674555018627,0,0
52.06844053217856,-2.5712186763919487,0,0
54.97396040999073,0.32893594887229405,0,0
53.34955929722207,-6.749110901635965,0,0
55.9550053366627,-6.702170342773887,0,0
51.271011890358345,-2.4318163972169247,0,0
55.13789675155529,1.4637865335837095,0,0
51.66743319844991,-3.8500224162924575,0,0
52.507787568035326,-4.73057899745305,0,0
51.96838820291225,-1.9331067680211422,0,0
51.645540018819354,1.3044860054503111,0,0
57.431398564046006,0.36927832844623687,0,0
52.571368108948015,1.9548361073321985,0,0
58.34411403678004,-7.774314167976229,0,0
58.72933872810672,-6.8714185528723775,0,0
55.14134422943388,-1.9053223663337802,0,0
51.287010103991534,0.20576439333849805,0,0
53.37093419041623,-5.147556576932335,0,0
57.17959037013392,-5.607889119657813,0,0
53.306516558273636,-0.13024200618799142,0,0
50.7831549647251,-7.436181461467684,0,0
55.011064198353694,-4.306173524174149,0,0
57.606087663464315,-2.941907774076703,0,0
57.163337484291525,-2.3965132564967657,0,0
51.57610826117318,-0.7138484320722309,0,0
56.0548815297122,-4.451542765693418,0,0
51.98453837092082,-1.8731565532539278,0,0
51.96386781096955,-2.1462457720904364,0,0
57.86664595974666,-2.5238389934625287,0,0
52.24702057466207,-1.5951670685778776,0,0
52.3692261186621,-5.405508289319237,0,0
50.0058805168517,-7.15351246415371,0,0
57.836021307129656,-6.807283279602566,0,0
57.133353318882214,-5.754176173460989,0,0
55.645960415816106,-2.998020644772147,0,0
56.75239187544958,0.4044275054602018,0,0
51.36843710682042,-0.987066579116159,0,0
54.12491235128818,-0.10959395797952887,0,0
53.160974486139025,-4.490243760739086,0,0
50.84398873631315,-3.953462583514498,0,0
54.37517436693432,-4.063181140093872,0,0
58.28665685308372,-6.081268155954985,0,0
50.36053207145625,-7.38783341856428,0,0
52.62314822144415,-2.090839071727732,0,0
51.867868425851334,1.8921668342058613,0,0
52.143319882991264,-6.331702950497371,0,0
58.17591096691438,-7.5331518010072624,0,0
54.21262148810861,-0.20468318176067068,0,0
54.19669471645837,-5.474139933152758,0,0
56.84518078209754,0.2964380535292843,0,0
51.39042983604433,-0.9606333296548462,0,0
54.38538818690046,1.4567353705080457,0,0
53.86986692708954,-3.9107276424332795,0,0
55.3721962149199,-1.380301605493658,0,0
58.99601932925395,-3.351452191867293,0,0
56.925040046738424,-1.6941130269145646,0,0
53.580791327156845,-3.504010939922627,0,0
57.44797747046643,-6.113677535759251,0,0
51.536375269812325,-2.921025839966191,0,0
50.27417317678064,-2.714157985625577,0,0
51.84003535217846,0.10603848260161008,0,0
53.063704005028335,-0.6447929420641882,0,0
54.59522681713604,-1.3620837605855591,0,0
55.536162264870796,-6.866129044474275,0,0
58.195451454929795,-0.7938370933628498,0,0
54.58868608595412,-2.9969484364548524,0,0
54.51148080163156,0.9409953610615922,0,0
50.45218708840684,1.1987093413054275,0,0
50.31420397390601,-7.448434093982145,0,0
54.96043965724735,0.20641560354478727,0,0
53.9436075192351,-7.623026095773294,0,0
57.55262355482269,-4.328303743049774,0,0
51.446116262406605,-2.577000243789209,0,0
50.224744959053446,-6.518992013728726,0,0
54.04134891137113,-0.5368618743092322,0,0
52.137307010770314,-7.916452958278614,0,0
50.44652936004954,-6.314009515659632,0,0
56.52138458162866,-2.1920317014652433,0,0
51.00433699961523,-0.8561243796270759,0,0
55.47487550006994,1.1664310269391613,0,0
52.529447751502005,-0.9450334806537617,0,0
51.5614644531952,-1.2822072974513405,0,0
53.41776370627386,-4.056588536493357,0,0
57.213011986006585,-7.987155744731986,0,0
53.528842192141155,-6.798407412643781,0,0
56.7569268428995,-2.654454552439608,0,0
51.129376671192354,-1.2487011415558031,0,0
56.95494277698571,-3.825517161035375,0,0
52.13239992415984,-0.6932098847160981,0,0
56.09653816899986,-2.7813770466782124,0,0
55.09203399356897,-7.258238044056878,0,0
58.36230245490519,-6.079837490320512,0,0
53.48590266177783,0.3999822324394291,0,0
50.59548669950996,-0.7508725337556053,0,0
50.172399369961276,0.9476198701249494,0,0
57.44172704875478,-6.8244275087906345,0,0
54.72262073895289,1.9022253461507397,0,0
56.97719646651454,-5.9059328605006645,0,0
52.10983040010363,-7.88220123713358,0,0
53.1057537096191,1.974229390535541,0,0
50.27093484990187,-5.189261145548869,0,0
58.65343092116701,-1.3198054748744008,0,0
56.01081116030732,-6.2331768582369484,0,0
58.39884578983376,-2.197714678008583,0,0
52.38946766686165,1.0403498645455933,0,0
55.503172501030946,-4.798188325715614,0,0
56.10649971463374,-1.2974602395564077,0,0
52.857947302318294,-6.120964112015835,0,0
57.63298311514067,-1.7520460128127473,0,0
58.524453166102234,-4.635496481824898,0,0
57.96369605926404,-5.8879174141204835,0,0
56.65160278345435,-4.868179492963648,0,0
52.49718211752459,-6.211589314922007,0,0
52.534544378950685,1.0191610783788274,0,0
58.67024288401434,-4.028131136828712,0,0
50.09256046342123,-5.547206950256326,0,0
56.4444497591793,-3.515921589840671,0,0
56.35621546299736,-4.794638331935045,0,0
55.60420586854818,-0.5558074618667401,0,0
58.910979614781795,1.7121991188549437,0,0
52.80691492187353,-3.6196634330235318,0,0
53.059746774139235,0.6103339997224033,0,0
50.710454626519,-2.341369264403805,0,0
53.98518322889364,-6.427643349057665,0,0
52.34943673611363,-1.0937725791865844,0,0
53.0904803195988,-2.8656550287417986,0,0
57.51114611230065,-1.4939347674789651,0,0
58.41936062174746,0.8968741257166499,0,0
51.67159764804667,-3.595654293439539,0,0
53.35258038398119,1.0117762321735562,0,0
58.35767505903855,-0.49330985718345133,0,0
50.556276146203004,-3.113950741220153,0,0
50.83124475300241,-1.9677786434203632,0,0
51.46511890285606,-4.744188674809886,0,0
55.35691550714187,1.8359729973877421,0,0
51.35425043905398,-1.3264883694960403,0,0
58.7126874330566,-7.561531475033701,0,0
54.020430745326685,-4.733780942519912,0,0
54.513661643151494,-1.7668556624094247,0,0
52.219927542248655,-7.4366672220076016,0,0
54.2386422719126,-7.761158086808573,0,0
55.9572226937331,-3.4997576047219745,0,0
56.760594232586385,-4.6730982030733,0,0
56.784812744389214,-3.6170139196683415,0,0
55.201020014246794,-5.373066901199948,0,0
58.13923797494471,-6.352822530570191,0,0
57.35667062575499,-1.108566430196623,0,0
56.81343303228763,-2.8542888373219952,0,0
50.500449695124146,-5.998457887506332,0,0
50.06190165997685,-4.8041057374000165,0,0
51.912025494759256,-2.0819209233667406,0,0
55.97171234522107,-7.277706517275222,0,0
53.700777399942915,-6.525469907338205,0,0
53.62165633369381,-7.267543958926099,0,0
57.961281994066525,0.12317332714118834,0,0
58.06006563318655,-0.47590766787990724,0,0
58.18257737648227,-0.46687068120742925,0,0
52.82490268863525,-0.8367465652397197,0,0
56.219502314653354,-1.3061457633013083,0,0
52.44469863146933,-3.23008084621825,0,0
51.71548849767005,-1.57721836492885,0,0
51.661692116126325,-7.616384452120253,0,0
53.078968587772344,-1.785355773432154,0,0
53.8696185780184,-0.22122294463122838,0,0
57.47854253949561,-2.996416396156098,0,0
51.07901984125441,-4.424866715727631,0,0
56.614332626554045,-5.225732651990208,0,0
54.78309422770375,-1.571979498379175,0,0
52.591508084083934,-1.0719880137009126,0,0
54.43537626079542,0.7096759986254249,0,0
52.6994786279932,-4.576659175390093,0,0
55.36473759714475,-0.3022769261441445,0,0
53.9045953056972,-2.3864417581066206,0,0
51.47964976170991,0.8283649067807914,0,0
51.04924767100127,-2.7218789170437923,0,0
54.920261138649174,-2.8237017160203273,0,0
58.12171729957493,-2.221229185590909,0,0
53.09561917901917,-0.5068464485756561,0,0
56.59700096500361,1.6469047882846084,0,0
55.9279521944579,-7.2643664578423435,0,0
58.383994228785326,-7.465653976089828,0,0
57.388829155692264,1.3755033740733857,0,0
55.09944733014917,-2.7012437448179387,0,0
55.913274484106964,-1.8509698543306392,0,0
58.085478199256315,-3.175763984052711,0,0
53.595669061282415,-7.063425473925255,0,0
52.941152352719996,-0.31910621581333487,0,0
50.097299752716765,-0.5277535491141307,0,0
57.438959667723175,-4.88296678507188,0,0
57.20882630363028,-4.937607547715996,0,0
50.94009066290136,0.3784138090551856,0,0
55.191716430194305,-7.276427422586734,0,0
54.17583528350199,0.8110514835656577,0,0
51.068381859582004,-5.433383101040856,0,0
58.82511404354651,-2.0701525224450608,0,0
51.9322629871702,1.3599417900177766,0,0
50.60510762081505,-1.2187749846335354,0,0
55.35362641551718,-3.8557018753296344,0,0
56.649800094197296,-1.104657910945848,0,0
50.29199101442468,-4.560203636836298,0,0
55.9284587485432,-5.227415836508139,0,0
54.79062688356309,1.966832779346797,0,0
50.92938507987544,-0.4920976882021231,0,0
51.55271489251726,-1.552800226181824,0,0
55.11176867584472,-4.4471035678068125,0,0
52.667218521619596,-7.508391708449518,0,0
58.44484155786184,-7.689431239648444,0,0
57.36866206535646,-2.458187445512012,0,0
58.852104858622965,-0.37967278960948914,0,0
52.337037550553724,-2.6262080955614495,0,0
58.727512695181794,0.4078507193911456,0,0
53.88110482812402,-7.665734669067784,0,0
53.12766915782379,-4.332479235740599,0,0
50.45314574272418,-5.6292960882582195,0,0
50.47488732073642,-3.52727031842878,0,0
56.22810130351989,-7.276236068058775,0,0
54.12136094990625,1.5413164157107246,0,0
52.038694634324955,-5.767445989306391,0,0
55.52573275692709,1.2230777548358471,0,0
52.275723064251004,-3.7410684496331825,0,0
55.198685789099805,1.8552413325521808,0,0
53.23287872284421,-2.4594161653978928,0,0
57.41197003950637,1.3083286417580737,0,0
57.386265446901014,-7.946510113057771,0,0
54.29615358310161,-0.5176119381909992,0,0
53.15737198401514,1.0305065310251535,0,0
53.26303816903185,-6.602794330210459,0,0
57.25143073101396,-7.0387414826784855,0,0
52.953615345178505,-3.754273928140444,0,0
51.88153436336162,1.3367890613293518,0,0
50.76219507687776,-2.576134398095613,0,0
54.200238087959676,-2.7254353627826786,0,0
54.33918889027858,-6.5887388170067815,0,0
57.56817839362616,-7.992104889067813,0,0
51.99114826801458,0.10140090745461272,0,0
53.4289214630156,-7.124254370137618,0,0
57.275651650043216,-1.66150181264676,0,0
57.41261249674076,1.1461645451519153,0,0
53.46149968380892,-5.913480868415689,0,0
54.132116209580126,-1.3472716376308922,0,0
52.729573017643546,-7.213014232924905,0,0
58.39299390577381,-1.9624485616238703,0,0
51.06779389167422,-6.360682790467973,0,0
58.403744807013226,-0.6404643948482196,0,0
56.15479806651809,-4.9876870520609184,0,0
54.78414937418058,-3.3660899119535372,0,0
50.29393154706046,-2.005694579723783,0,0
54.280365726398074,-6.287265893337604,0,0
53.66973294502459,-0.5836218138237914,0,0
51.450969307776106,-4.9735965936318545,0,0
55.90768643150591,-1.3762814008724646,0,0
58.74035816631457,-6.417169493006264,0,0
55.05969929958073,-1.1188234079364978,0,0
56.43277948799551,-6.718119271895382,0,0
50.61605407309415,-3.746435037300164,0,0
53.75900296235295,-5.527939262611232,0,0
51.047226366480466,-0.5162475057181748,0,0
55.51516251982859,-5.379649954931255,0,0
58.44633942392739,0.8171730639539625,0,0
55.955999592244744,0.9182021140661281,0,0
50.69122743482979,-6.035586847772142,0,0
53.191995844865744,-1.8615405499227577,0,0
54.955970414967666,-7.122823582800357,0,0
53.62886980519927,-4.084629003983708,0,0
57.50279609427655,-0.8667827049872772,0,0
57.3320390423899,-1.405767531500837,0,0
55.50647918092899,-1.75299330593392,0,0
53.361121506194344,-5.174591363375564,0,0
52.298027363869195,-4.21975050565598,0,0
50.95286886391816,-6.970538552997138,0,0
53.194079151378986,-0.8097717956639903,0,0
53.71855265486948,-2.9611120320872644,0,0
56.08240632593666,-0.912343676543454,0,0
55.92343841867816,-5.510564752031272,0,0
50.63097325677131,-4.755617713649338,0,0
53.55733383888042,-4.657846627398854,0,0
51.63600980495626,-7.742575902527838,0,0
51.41131434785125,-4.589521271693765,0,0
57.44571934763521,0.03304573518033571,0,0
50.37723695044632,0.9729849574973848,0,0
53.77264588311909,-2.817816843640726,0,0
51.51383290189867,-3.4449830478077974,0,0
57.91397194110627,-7.691753813006297,0,0
55.01336461947532,0.7920433758538259,0,0
52.08242572739163,-7.869897865741272,0,0
54.521845584497385,1.4475008021021178,0,0
56.583377237328044,-3.107837513119094,0,0
58.623062080274906,-4.580655064252734,0,0
51.98401403820877,1.2421843484266013,0,0
57.97563594916411,-7.756090068899033,0,0
58.408737027507414,-2.185751051309129,0,0
58.247784900788595,-2.510674755006624,0,0
55.718729211757186,-5.806795987886179,0,0
55.66838588991237,-3.711125686497894,0,0
53.628895698654404,-1.4773599405622981,0,0
56.77158094073409,-0.7286880311807247,0,0
54.781646165158385,-7.992831412934202,0,0
56.09694264105465,1.3685343009101523,0,0
53.85612113463916,-6.354746276071876,0,0
56.58346817638825,-5.664195657776408,0,0
57.42024365844094,-5.3652655430615175,0,0
51.317926309425346,-7.621798634479647,0,0
57.49636744016805,-6.769478764096751,0,0
54.86266878611276,1.8634992294416204,0,0
57.60199318181202,-4.84783262622714,0,0
53.88171535706913,-6.846989096609507,0,0
53.411364368447316,-6.930087388253767,0,0
58.235546592655,-0.8054003233002813,0,0
52.26052340793561,0.5456866403264087,0,0
