{"type": "FeatureCollection", "features": [{"type": "Feature", "geometry": {"type": "Point", "coordinates": [-8.0, 50.0]}, "properties": {"score": 0.4873911831986539}}, {"type": "Feature", "geometry": {"type": "Point", "coordinates": [-7.75, 50.0]}, "properties": {"score": 0.488520718256148}}, {"type": "Feature", "geometry": {"type": "Point", "coordinates": [-7.5, 50.0]}, "properties": {"score": 0.4896503705542825}}, {"type": "Feature", "geometry": {"type": "Point", "coordinates": [-7.25, 50.0]}, "properties": {"score": 0.4907801285660809}}, {"type": "Feature", "geometry": {"type": "Point", "coordinates": [-7.0, 50.0]}, "properties": {"score": 0.4919099807602486}}, {"type": "Feature", "geometry": {"type": "Point", "coordinates": [-6.75, 50.0]}, "properties": {"score": 0.4930399156016429}}, {"type": "Feature", "geometry": {"type": "Point", "coordinates": [-6.5, 50.0]}, "properties": {"score": 0.4941699215517448}}, {"type": "Feature", "geometry": {"type": "Point", "coordinates": [-6.25, 50.0]}, "properties": {"score": 0.4952999870691295}}, {"type": "Feature", "geometry": {"type": "Point", "coordinates": [-6.0, 50.0]}, "properties": {"score": 0.4964301006099378}}, {"type": "Feature", "geometry": {"type": "Point", "coordinates": [-5.75, 50.0]}, "properties": {"score": 0.4975602506283478}}, {"type": "Feature", "geometry": {"type": "Point", "coordinates": [-5.5, 50.0]}, "properties": {"score": 0.498690425577047}}, {"type": "Feature", "geometry": {"type": "Point", "coordinates": [-5.25, 50.0]}, "properties": {"score": 0.4998206139077041}}, {"type": "Feature", "geometry": {"type": "Point", "coordinates": [-5.0, 50.0]}, "properties": {"score": 0.5009508040714397}}, {"type": "Feature", "geometry": {"type": "Point", "coordinates": [-4.75, 50.0]}, "properties": {"score": 0.5020809845193006}}, {"type": "Feature", "geometry": {"type": "Point", "coordinates": [-4.5, 50.0]}, "properties": {"score": 0.5032111437027305}}, {"type": "Feature", "geometry": {"type": "Point", "coordinates": [-4.25, 50.0]}, "properties": {"score": 0.504341270074042}}, {"type": "Feature", "geometry": {"type": "Point", "coordinates": [-4.0, 50.0]}, "properties": {"score": 0.505471352086889}}, {"type": "Feature", "geometry": {"type": "Point", "coordinates": [-3.75, 50.0]}, "properties": {"score": 0.5066013781967382}}, {"type": "Feature", "geometry": {"type": "Point", "coordinates": [-3.5, 50.0]}, "properties": {"score": 0.5077313368613411}}, {"type": "Feature", "geometry": {"type": "Point", "coordinates": [-3.25, 50.0]}, "properties": {"score": 0.5088612165412048}}, {"type": "Feature", "geometry": {"type": "Point", "coordinates": [-3.0, 50.0]}, "properties": {"score": 0.509991005700064}}, {"type": "Feature", "geometry": {"type": "Point", "coordinates": [-2.75, 50.0]}, "properties": {"score": 0.5111206928053517}}, {"type": "Feature", "geometry": {"type": "Point", "coordinates": [-2.5, 50.0]}, "properties": {"score": 0.5122502663286693}}, {"type": "Feature", "geometry": {"type": "Point", "coordinates": [-2.25, 50.0]}, "properties": {"score": 0.5133797147462581}}, {"type": "Feature", "geometry": {"type": "Point", "coordinates": [-2.0, 50.0]}, "properties": {"score": 0.5145090265394677}}, {"type": "Feature", "geometry": {"type": "Point", "coordinates": [-1.75, 50.0]}, "properties": {"score": 0.5156381901952268}}, {"type": "Feature", "geometry": {"type": "Point", "coordinates": [-1.5, 50.0]}, "properties": {"score": 0.5167671942065102}}, {"type": "Feature", "geometry": {"type": "Point", "coordinates": [-1.25, 50.0]}, "properties": {"score": 0.5178960270728096}}, {"type": "Feature", "geometry": {"type": "Point", "coordinates": [-1.0, 50.0]}, "properties": {"score": 0.5190246773006}}, {"type": "Feature", "geometry": {"type": "Point", "coordinates": [-0.75, 50.0]}, "properties": {"score": 0.5201531334038073}}, {"type": "Feature", "geometry": {"type": "Point", "coordinates": [-0.5, 50.0]}, "properties": {"score": 0.5212813839042748}}, {"type": "Feature", "geometry": {"type": "Point", "coordinates": [-0.25, 50.0]}, "properties": {"score": 0.522409417332229}}, {"type": "Feature", "geometry": {"type": "Point", "coordinates": [0.0, 50.0]}, "properties": {"score": 0.5235372222267453}}, {"type": "Feature", "geometry": {"type": "Point", "coordinates": [0.25, 50.0]}, "properties": {"score": 0.5246647871362118}}, {"type": "Feature", "geometry": {"type": "Point", "coordinates": [0.5, 50.0]}, "properties": {"score": 0.5257921006187932}}, {"type": "Feature", "geometry": {"type": "Point", "coordinates": [0.75, 50.0]}, "properties": {"score": 0.5269191512428937}}, {"type": "Feature", "geometry": {"type": "Point", "coordinates": [1.0, 50.0]}, "properties": {"score": 0.5280459275876187}}, {"type": "Feature", "geometry": {"type": "Point", "coordinates": [1.25, 50.0]}, "properties": {"score": 0.5291724182432356}}, {"type": "Feature", "geometry": {"type": "Point", "coordinates": [1.5, 50.0]}, "properties": {"score": 0.5302986118116344}}, {"type": "Feature", "geometry": {"type": "Point", "coordinates": [1.75, 50.0]}, "properties": {"score": 0.5314244969067858}}, {"type": "Feature", "geometry": {"type": "Point", "coordinates": [2.0, 50.0]}, "properties": {"score": 0.5325500621552006}}, {"type": "Feature", "geometry": {"type": "Point", "coordinates": [2.25, 50.0]}, "properties": {"score": 0.533675296196384}}, {"type": "Feature", "geometry": {"type": "Point", "coordinates": [-8.0, 50.25]}, "properties": {"score": 0.4756955454978691}}, {"type": "Feature", "geometry": {"type": "Point", "coordinates": [-7.75, 50.25]}, "properties": {"score": 0.4768231883488656}}, {"type": "Feature", "geometry": {"type": "Point", "coordinates": [-7.5, 50.25]}, "properties": {"score": 0.4779510675261225}}, {"type": "Feature", "geometry": {"type": "Point", "coordinates": [-7.25, 50.25]}, "properties": {"score": 0.4790791715750011}}, {"type": "Feature", "geometry": {"type": "Point", "coordinates": [-7.0, 50.25]}, "properties": {"score": 0.4802074890316982}}, {"type": "Feature", "geometry": {"type": "Point", "coordinates": [-6.75, 50.25]}, "properties": {"score": 0.4813360084237104}}, {"type": "Feature", "geometry": {"type": "Point", "coordinates": [-6.5, 50.25]}, "properties": {"score": 0.4824647182703003}}, {"type": "Feature", "geometry": {"type": "Point", "coordinates": [-6.25, 50.25]}, "properties": {"score": 0.4835936070829614}}, {"type": "Feature", "geometry": {"type": "Point", "coordinates": [-6.0, 50.25]}, "properties": {"score": 0.4847226633658861}}, {"type": "Feature", "geometry": {"type": "Point", "coordinates": [-5.75, 50.25]}, "properties": {"score": 0.4858518756164326}}, {"type": "Feature", "geometry": {"type": "Point", "coordinates": [-5.5, 50.25]}, "properties": {"score": 0.4869812323255926}}, {"type": "Feature", "geometry": {"type": "Point", "coordinates": [-5.25, 50.25]}, "properties": {"score": 0.4881107219784614}}, {"type": "Feature", "geometry": {"type": "Point", "coordinates": [-5.0, 50.25]}, "properties": {"score": 0.4892403330547037}}, {"type": "Feature", "geometry": {"type": "Point", "coordinates": [-4.75, 50.25]}, "properties": {"score": 0.4903700540290272}}, {"type": "Feature", "geometry": {"type": "Point", "coordinates": [-4.5, 50.25]}, "properties": {"score": 0.4914998733716502}}, {"type": "Feature", "geometry": {"type": "Point", "coordinates": [-4.25, 50.25]}, "properties": {"score": 0.4926297795487724}}, {"type": "Feature", "geometry": {"type": "Point", "coordinates": [-4.0, 50.25]}, "properties": {"score": 0.4937597610230457}}, {"type": "Feature", "geometry": {"type": "Point", "coordinates": [-3.75, 50.25]}, "properties": {"score": 0.4948898062540458}}, {"type": "Feature", "geometry": {"type": "Point", "coordinates": [-3.5, 50.25]}, "properties": {"score": 0.4960199036987422}}, {"type": "Feature", "geometry": {"type": "Point", "coordinates": [-3.25, 50.25]}, "properties": {"score": 0.4971500418119711}}, {"type": "Feature", "geometry": {"type": "Point", "coordinates": [-3.0, 50.25]}, "properties": {"score": 0.4982802090469065}}, {"type": "Feature", "geometry": {"type": "Point", "coordinates": [-2.75, 50.25]}, "properties": {"score": 0.499410393855532}}, {"type": "Feature", "geometry": {"type": "Point", "coordinates": [-2.5, 50.25]}, "properties": {"score": 0.5005405846891129}}, {"type": "Feature", "geometry": {"type": "Point", "coordinates": [-2.25, 50.25]}, "properties": {"score": 0.5016707699986682}}, {"type": "Feature", "geometry": {"type": "Point", "coordinates": [-2.0, 50.25]}, "properties": {"score": 0.5028009382354429}}, {"type": "Feature", "geometry": {"type": "Point", "coordinates": [-1.75, 50.25]}, "properties": {"score": 0.5039310778513802}}, {"type": "Feature", "geometry": {"type": "Point", "coordinates": [-1.5, 50.25]}, "properties": {"score": 0.5050611772995917}}, {"type": "Feature", "geometry": {"type": "Point", "coordinates": [-1.25, 50.25]}, "properties": {"score": 0.5061912250348317}}, {"type": "Feature", "geometry": {"type": "Point", "coordinates": [-1.0, 50.25]}, "properties": {"score": 0.5073212095139683}}, {"type": "Feature", "geometry": {"type": "Point", "coordinates": [-0.75, 50.25]}, "properties": {"score": 0.5084511191964536}}, {"type": "Feature", "geometry": {"type": "Point", "coordinates": [-0.5, 50.25]}, "properties": {"score": 0.5095809425447965}}, {"type": "Feature", "geometry": {"type": "Point", "coordinates": [-0.25, 50.25]}, "properties": {"score": 0.5107106680250331}}, {"type": "Feature", "geometry": {"type": "Point", "coordinates": [0.0, 50.25]}, "properties": {"score": 0.5118402841071977}}, {"type": "Feature", "geometry": {"type": "Point", "coordinates": [0.25, 50.25]}, "properties": {"score": 0.5129697792657929}}, {"type": "Feature", "geometry": {"type": "Point", "coordinates": [0.5, 50.25]}, "properties": {"score": 0.5140991419802597}}, {"type": "Feature", "geometry": {"type": "Point", "coordinates": [0.75, 50.25]}, "properties": {"score": 0.5152283607354476}}, {"type": "Feature", "geometry": {"type": "Point", "coordinates": [1.0, 50.25]}, "properties": {"score": 0.5163574240220831}}, {"type": "Feature", "geometry": {"type": "Point", "coordinates": [1.25, 50.25]}, "properties": {"score": 0.5174863203372381}}, {"type": "Feature", "geometry": {"type": "Point", "coordinates": [1.5, 50.25]}, "properties": {"score": 0.5186150381847989}}, {"type": "Feature", "geometry": {"type": "Point", "coordinates": [1.75, 50.25]}, "properties": {"score": 0.519743566075933}}, {"type": "Feature", "geometry": {"type": "Point", "coordinates": [2.0, 50.25]}, "properties": {"score": 0.5208718925295563}}, {"type": "Feature", "geometry": {"type": "Point", "coordinates": [2.25, 50.25]}, "properties": {"score": 0.5220000060727982}}, {"type": "Feature", "geometry": {"type": "Point", "coordinates": [-8.0, 50.5]}, "properties": {"score": 0.4640265066088063}}, {"type": "Feature", "geometry": {"type": "Point", "coordinates": [-7.75, 50.5]}, "properties": {"score": 0.4651510286023815}}, {"type": "Feature", "geometry": {"type": "Point", "coordinates": [-7.5, 50.5]}, "properties": {"score": 0.4662759049746133}}, {"type": "Feature", "geometry": {"type": "Point", "coordinates": [-7.25, 50.5]}, "properties": {"score": 0.4674011243929795}}, {"type": "Feature", "geometry": {"type": "Point", "coordinates": [-7.0, 50.5]}, "properties": {"score": 0.4685266755110316}}, {"type": "Feature", "geometry": {"type": "Point", "coordinates": [-6.75, 50.5]}, "properties": {"score": 0.4696525469688499}}, {"type": "Feature", "geometry": {"type": "Point", "coordinates": [-6.5, 50.5]}, "properties": {"score": 0.4707787273934988}}, {"type": "Feature", "geometry": {"type": "Point", "coordinates": [-6.25, 50.5]}, "properties": {"score": 0.4719052053994834}}, {"type": "Feature", "geometry": {"type": "Point", "coordinates": [-6.0, 50.5]}, "properties": {"score": 0.4730319695892083}}, {"type": "Feature", "geometry": {"type": "Point", "coordinates": [-5.75, 50.5]}, "properties": {"score": 0.4741590085534353}}, {"type": "Feature", "geometry": {"type": "Point", "coordinates": [-5.5, 50.5]}, "properties": {"score": 0.4752863108717444}}, {"type": "Feature", "geometry": {"type": "Point", "coordinates": [-5.25, 50.5]}, "properties": {"score": 0.4764138651129951}}, {"type": "Feature", "geometry": {"type": "Point", "coordinates": [-5.0, 50.5]}, "properties": {"score": 0.4775416598357854}}, {"type": "Feature", "geometry": {"type": "Point", "coordinates": [-4.75, 50.5]}, "properties": {"score": 0.4786696835889186}}, {"type": "Feature", "geometry": {"type": "Point", "coordinates": [-4.5, 50.5]}, "properties": {"score": 0.4797979249118641}}, {"type": "Feature", "geometry": {"type": "Point", "coordinates": [-4.25, 50.5]}, "properties": {"score": 0.4809263723352229}}, {"type": "Feature", "geometry": {"type": "Point", "coordinates": [-4.0, 50.5]}, "properties": {"score": 0.482055014381192}}, {"type": "Feature", "geometry": {"type": "Point", "coordinates": [-3.75, 50.5]}, "properties": {"score": 0.4831838395640311}}, {"type": "Feature", "geometry": {"type": "Point", "coordinates": [-3.5, 50.5]}, "properties": {"score": 0.4843128363905287}}, {"type": "Feature", "geometry": {"type": "Point", "coordinates": [-3.25, 50.5]}, "properties": {"score": 0.4854419933604693}}, {"type": "Feature", "geometry": {"type": "Point", "coordinates": [-3.0, 50.5]}, "properties": {"score": 0.4865712989671015}}, {"type": "Feature", "geometry": {"type": "Point", "coordinates": [-2.75, 50.5]}, "properties": {"score": 0.4877007416976061}}, {"type": "Feature", "geometry": {"type": "Point", "coordinates": [-2.5, 50.5]}, "properties": {"score": 0.4888303100335651}}, {"type": "Feature", "geometry": {"type": "Point", "coordinates": [-2.25, 50.5]}, "properties": {"score": 0.4899599924514313}}, {"type": "Feature", "geometry": {"type": "Point", "coordinates": [-2.0, 50.5]}, "properties": {"score": 0.4910897774229977}}, {"type": "Feature", "geometry": {"type": "Point", "coordinates": [-1.75, 50.5]}, "properties": {"score": 0.4922196534158689}}, {"type": "Feature", "geometry": {"type": "Point", "coordinates": [-1.5, 50.5]}, "properties": {"score": 0.4933496088939292}}, {"type": "Feature", "geometry": {"type": "Point", "coordinates": [-1.25, 50.5]}, "properties": {"score": 0.4944796323178166}}, {"type": "Feature", "geometry": {"type": "Point", "coordinates": [-1.0, 50.5]}, "properties": {"score": 0.4956097121453923}}, {"type": "Feature", "geometry": {"type": "Point", "coordinates": [-0.75, 50.5]}, "properties": {"score": 0.496739836832212}}, {"type": "Feature", "geometry": {"type": "Point", "coordinates": [-0.5, 50.5]}, "properties": {"score": 0.4978699948319988}}, {"type": "Feature", "geometry": {"type": "Point", "coordinates": [-0.25, 50.5]}, "properties": {"score": 0.4990001745971136}}, {"type": "Feature", "geometry": {"type": "Point", "coordinates": [0.0, 50.5]}, "properties": {"score": 0.5001303645790279}}, {"type": "Feature", "geometry": {"type": "Point", "coordinates": [0.25, 50.5]}, "properties": {"score": 0.5012605532287955}}, {"type": "Feature", "geometry": {"type": "Point", "coordinates": [0.5, 50.5]}, "properties": {"score": 0.502390728997525}}, {"type": "Feature", "geometry": {"type": "Point", "coordinates": [0.75, 50.5]}, "properties": {"score": 0.503520880336851}}, {"type": "Feature", "geometry": {"type": "Point", "coordinates": [1.0, 50.5]}, "properties": {"score": 0.504650995699407}}, {"type": "Feature", "geometry": {"type": "Point", "coordinates": [1.25, 50.5]}, "properties": {"score": 0.5057810635392966}}, {"type": "Feature", "geometry": {"type": "Point", "coordinates": [1.5, 50.5]}, "properties": {"score": 0.5069110723125659}}, {"type": "Feature", "geometry": {"type": "Point", "coordinates": [1.75, 50.5]}, "properties": {"score": 0.5080410104776747}}, {"type": "Feature", "geometry": {"type": "Point", "coordinates": [2.0, 50.5]}, "properties": {"score": 0.5091708664959682}}, {"type": "Feature", "geometry": {"type": "Point", "coordinates": [2.25, 50.5]}, "properties": {"score": 0.5103006288321472}}, {"type": "Feature", "geometry": {"type": "Point", "coordinates": [-8.0, 50.75]}, "properties": {"score": 0.4523967261663519}}, {"type": "Feature", "geometry": {"type": "Point", "coordinates": [-7.75, 50.75]}, "properties": {"score": 0.4535169122655738}}, {"type": "Feature", "geometry": {"type": "Point", "coordinates": [-7.5, 50.75]}, "properties": {"score": 0.4546375692528072}}, {"type": "Feature", "geometry": {"type": "Point", "coordinates": [-7.25, 50.75]}, "properties": {"score": 0.4557586859662951}}, {"type": "Feature", "geometry": {"type": "Point", "coordinates": [-7.0, 50.75]}, "properties": {"score": 0.4568802512257208}}, {"type": "Feature", "geometry": {"type": "Point", "coordinates": [-6.75, 50.75]}, "properties": {"score": 0.4580022538326497}}, {"type": "Feature", "geometry": {"type": "Point", "coordinates": [-6.5, 50.75]}, "properties": {"score": 0.4591246825709698}}, {"type": "Feature", "geometry": {"type": "Point", "coordinates": [-6.25, 50.75]}, "properties": {"score": 0.460247526207336}}, {"type": "Feature", "geometry": {"type": "Point", "coordinates": [-6.0, 50.75]}, "properties": {"score": 0.4613707734916143}}, {"type": "Feature", "geometry": {"type": "Point", "coordinates": [-5.75, 50.75]}, "properties": {"score": 0.4624944131573286}}, {"type": "Feature", "geometry": {"type": "Point", "coordinates": [-5.5, 50.75]}, "properties": {"score": 0.4636184339221081}}, {"type": "Feature", "geometry": {"type": "Point", "coordinates": [-5.25, 50.75]}, "properties": {"score": 0.4647428244881366}}, {"type": "Feature", "geometry": {"type": "Point", "coordinates": [-5.0, 50.75]}, "properties": {"score": 0.4658675735426015}}, {"type": "Feature", "geometry": {"type": "Point", "coordinates": [-4.75, 50.75]}, "properties": {"score": 0.466992669758148}}, {"type": "Feature", "geometry": {"type": "Point", "coordinates": [-4.5, 50.75]}, "properties": {"score": 0.4681181017933297}}, {"type": "Feature", "geometry": {"type": "Point", "coordinates": [-4.25, 50.75]}, "properties": {"score": 0.4692438582930639}}, {"type": "Feature", "geometry": {"type": "Point", "coordinates": [-4.0, 50.75]}, "properties": {"score": 0.4703699278890864}}, {"type": "Feature", "geometry": {"type": "Point", "coordinates": [-3.75, 50.75]}, "properties": {"score": 0.4714962992004082}}, {"type": "Feature", "geometry": {"type": "Point", "coordinates": [-3.5, 50.75]}, "properties": {"score": 0.4726229608337727}}, {"type": "Feature", "geometry": {"type": "Point", "coordinates": [-3.25, 50.75]}, "properties": {"score": 0.4737499013841149}}, {"type": "Feature", "geometry": {"type": "Point", "coordinates": [-3.0, 50.75]}, "properties": {"score": 0.47487710943502}}, {"type": "Feature", "geometry": {"type": "Point", "coordinates": [-2.75, 50.75]}, "properties": {"score": 0.476004573559185}}, {"type": "Feature", "geometry": {"type": "Point", "coordinates": [-2.5, 50.75]}, "properties": {"score": 0.4771322823188794}}, {"type": "Feature", "geometry": {"type": "Point", "coordinates": [-2.25, 50.75]}, "properties": {"score": 0.4782602242664082}}, {"type": "Feature", "geometry": {"type": "Point", "coordinates": [-2.0, 50.75]}, "properties": {"score": 0.4793883879445748}}, {"type": "Feature", "geometry": {"type": "Point", "coordinates": [-1.75, 50.75]}, "properties": {"score": 0.4805167618871458}}, {"type": "Feature", "geometry": {"type": "Point", "coordinates": [-1.5, 50.75]}, "properties": {"score": 0.4816453346193141}}, {"type": "Feature", "geometry": {"type": "Point", "coordinates": [-1.25, 50.75]}, "properties": {"score": 0.4827740946581666}}, {"type": "Feature", "geometry": {"type": "Point", "coordinates": [-1.0, 50.75]}, "properties": {"score": 0.4839030305131497}}, {"type": "Feature", "geometry": {"type": "Point", "coordinates": [-0.75, 50.75]}, "properties": {"score": 0.4850321306865361}}, {"type": "Feature", "geometry": {"type": "Point", "coordinates": [-0.5, 50.75]}, "properties": {"score": 0.4861613836738926}}, {"type": "Feature", "geometry": {"type": "Point", "coordinates": [-0.25, 50.75]}, "properties": {"score": 0.4872907779645481}}, {"type": "Feature", "geometry": {"type": "Point", "coordinates": [0.0, 50.75]}, "properties": {"score": 0.4884203020420626}}, {"type": "Feature", "geometry": {"type": "Point", "coordinates": [0.25, 50.75]}, "properties": {"score": 0.4895499443846964}}, {"type": "Feature", "geometry": {"type": "Point", "coordinates": [0.5, 50.75]}, "properties": {"score": 0.4906796934658795}}, {"type": "Feature", "geometry": {"type": "Point", "coordinates": [0.75, 50.75]}, "properties": {"score": 0.4918095377546821}}, {"type": "Feature", "geometry": {"type": "Point", "coordinates": [1.0, 50.75]}, "properties": {"score": 0.4929394657162845}}, {"type": "Feature", "geometry": {"type": "Point", "coordinates": [1.25, 50.75]}, "properties": {"score": 0.4940694658124488}}, {"type": "Feature", "geometry": {"type": "Point", "coordinates": [1.5, 50.75]}, "properties": {"score": 0.4951995265019895}}, {"type": "Feature", "geometry": {"type": "Point", "coordinates": [1.75, 50.75]}, "properties": {"score": 0.4963296362412445}}, {"type": "Feature", "geometry": {"type": "Point", "coordinates": [2.0, 50.75]}, "properties": {"score": 0.497459783484548}}, {"type": "Feature", "geometry": {"type": "Point", "coordinates": [2.25, 50.75]}, "properties": {"score": 0.4985899566846998}}, {"type": "Feature", "geometry": {"type": "Point", "coordinates": [-8.0, 51.0]}, "properties": {"score": 0.4408186930164799}}, {"type": "Feature", "geometry": {"type": "Point", "coordinates": [-7.75, 51.0]}, "properties": {"score": 0.4419333470047065}}, {"type": "Feature", "geometry": {"type": "Point", "coordinates": [-7.5, 51.0]}, "properties": {"score": 0.4430485863516654}}, {"type": "Feature", "geometry": {"type": "Point", "coordinates": [-7.25, 51.0]}, "properties": {"score": 0.4441644001134431}}, {"type": "Feature", "geometry": {"type": "Point", "coordinates": [-7.0, 51.0]}, "properties": {"score": 0.4452807773231044}}, {"type": "Feature", "geometry": {"type": "Point", "coordinates": [-6.75, 51.0]}, "properties": {"score": 0.4463977069911145}}, {"type": "Feature", "geometry": {"type": "Point", "coordinates": [-6.5, 51.0]}, "properties": {"score": 0.4475151781057626}}, {"type": "Feature", "geometry": {"type": "Point", "coordinates": [-6.25, 51.0]}, "properties": {"score": 0.4486331796335885}}, {"type": "Feature", "geometry": {"type": "Point", "coordinates": [-6.0, 51.0]}, "properties": {"score": 0.4497517005198104}}, {"type": "Feature", "geometry": {"type": "Point", "coordinates": [-5.75, 51.0]}, "properties": {"score": 0.4508707296887537}}, {"type": "Feature", "geometry": {"type": "Point", "coordinates": [-5.5, 51.0]}, "properties": {"score": 0.451990256044283}}, {"type": "Feature", "geometry": {"type": "Point", "coordinates": [-5.25, 51.0]}, "properties": {"score": 0.4531102684702361}}, {"type": "Feature", "geometry": {"type": "Point", "coordinates": [-5.0, 51.0]}, "properties": {"score": 0.4542307558308556}}, {"type": "Feature", "geometry": {"type": "Point", "coordinates": [-4.75, 51.0]}, "properties": {"score": 0.4553517069712297}}, {"type": "Feature", "geometry": {"type": "Point", "coordinates": [-4.5, 51.0]}, "properties": {"score": 0.4564731107177273}}, {"type": "Feature", "geometry": {"type": "Point", "coordinates": [-4.25, 51.0]}, "properties": {"score": 0.457594955878439}}, {"type": "Feature", "geometry": {"type": "Point", "coordinates": [-4.0, 51.0]}, "properties": {"score": 0.4587172312436179}}, {"type": "Feature", "geometry": {"type": "Point", "coordinates": [-3.75, 51.0]}, "properties": {"score": 0.4598399255861224}}, {"type": "Feature", "geometry": {"type": "Point", "coordinates": [-3.5, 51.0]}, "properties": {"score": 0.4609630276618611}}, {"type": "Feature", "geometry": {"type": "Point", "coordinates": [-3.25, 51.0]}, "properties": {"score": 0.4620865262102378}}, {"type": "Feature", "geometry": {"type": "Point", "coordinates": [-3.0, 51.0]}, "properties": {"score": 0.4632104099545989}}, {"type": "Feature", "geometry": {"type": "Point", "coordinates": [-2.75, 51.0]}, "properties": {"score": 0.4643346676026822}}, {"type": "Feature", "geometry": {"type": "Point", "coordinates": [-2.5, 51.0]}, "properties": {"score": 0.4654592878470664}}, {"type": "Feature", "geometry": {"type": "Point", "coordinates": [-2.25, 51.0]}, "properties": {"score": 0.4665842593656228}}, {"type": "Feature", "geometry": {"type": "Point", "coordinates": [-2.0, 51.0]}, "properties": {"score": 0.4677095708219672}}, {"type": "Feature", "geometry": {"type": "Point", "coordinates": [-1.75, 51.0]}, "properties": {"score": 0.4688352108659142}}, {"type": "Feature", "geometry": {"type": "Point", "coordinates": [-1.5, 51.0]}, "properties": {"score": 0.4699611681339306}}, {"type": "Feature", "geometry": {"type": "Point", "coordinates": [-1.25, 51.0]}, "properties": {"score": 0.4710874312495934}}, {"type": "Feature", "geometry": {"type": "Point", "coordinates": [-1.0, 51.0]}, "properties": {"score": 0.4722139888240461}}, {"type": "Feature", "geometry": {"type": "Point", "coordinates": [-0.75, 51.0]}, "properties": {"score": 0.4733408294564564}}, {"type": "Feature", "geometry": {"type": "Point", "coordinates": [-0.5, 51.0]}, "properties": {"score": 0.474467941734476}}, {"type": "Feature", "geometry": {"type": "Point", "coordinates": [-0.25, 51.0]}, "properties": {"score": 0.4755953142347005}}, {"type": "Feature", "geometry": {"type": "Point", "coordinates": [0.0, 51.0]}, "properties": {"score": 0.4767229355231309}}, {"type": "Feature", "geometry": {"type": "Point", "coordinates": [0.25, 51.0]}, "properties": {"score": 0.4778507941556356}}, {"type": "Feature", "geometry": {"type": "Point", "coordinates": [0.5, 51.0]}, "properties": {"score": 0.4789788786784129}}, {"type": "Feature", "geometry": {"type": "Point", "coordinates": [0.75, 51.0]}, "properties": {"score": 0.4801071776284556}}, {"type": "Feature", "geometry": {"type": "Point", "coordinates": [1.0, 51.0]}, "properties": {"score": 0.481235679534015}}, {"type": "Feature", "geometry": {"type": "Point", "coordinates": [1.25, 51.0]}, "properties": {"score": 0.4823643729150666}}, {"type": "Feature", "geometry": {"type": "Point", "coordinates": [1.5, 51.0]}, "properties": {"score": 0.4834932462837757}}, {"type": "Feature", "geometry": {"type": "Point", "coordinates": [1.75, 51.0]}, "properties": {"score": 0.484622288144965}}, {"type": "Feature", "geometry": {"type": "Point", "coordinates": [2.0, 51.0]}, "properties": {"score": 0.4857514869965815}}, {"type": "Feature", "geometry": {"type": "Point", "coordinates": [2.25, 51.0]}, "properties": {"score": 0.4868808313301632}}, {"type": "Feature", "geometry": {"type": "Point", "coordinates": [-8.0, 51.25]}, "properties": {"score": 0.4293046722059799}}, {"type": "Feature", "geometry": {"type": "Point", "coordinates": [-7.75, 51.25]}, "properties": {"score": 0.4304126217203991}}, {"type": "Feature", "geometry": {"type": "Point", "coordinates": [-7.5, 51.25]}, "properties": {"score": 0.4315212685486908}}, {"type": "Feature", "geometry": {"type": "Point", "coordinates": [-7.25, 51.25]}, "properties": {"score": 0.43263060200988}}, {"type": "Feature", "geometry": {"type": "Point", "coordinates": [-7.0, 51.25]}, "properties": {"score": 0.4337406113957157}}, {"type": "Feature", "geometry": {"type": "Point", "coordinates": [-6.75, 51.25]}, "properties": {"score": 0.4348512859710714}}, {"type": "Feature", "geometry": {"type": "Point", "coordinates": [-6.5, 51.25]}, "properties": {"score": 0.4359626149743479}}, {"type": "Feature", "geometry": {"type": "Point", "coordinates": [-6.25, 51.25]}, "properties": {"score": 0.4370745876178777}}, {"type": "Feature", "geometry": {"type": "Point", "coordinates": [-6.0, 51.25]}, "properties": {"score": 0.4381871930883323}}, {"type": "Feature", "geometry": {"type": "Point", "coordinates": [-5.75, 51.25]}, "properties": {"score": 0.4393004205471318}}, {"type": "Feature", "geometry": {"type": "Point", "coordinates": [-5.5, 51.25]}, "properties": {"score": 0.4404142591308555}}, {"type": "Feature", "geometry": {"type": "Point", "coordinates": [-5.25, 51.25]}, "properties": {"score": 0.4415286979516562}}, {"type": "Feature", "geometry": {"type": "Point", "coordinates": [-5.0, 51.25]}, "properties": {"score": 0.4426437260976739}}, {"type": "Feature", "geometry": {"type": "Point", "coordinates": [-4.75, 51.25]}, "properties": {"score": 0.4437593326334558}}, {"type": "Feature", "geometry": {"type": "Point", "coordinates": [-4.5, 51.25]}, "properties": {"score": 0.4448755066003741}}, {"type": "Feature", "geometry": {"type": "Point", "coordinates": [-4.25, 51.25]}, "properties": {"score": 0.4459922370170477}}, {"type": "Feature", "geometry": {"type": "Point", "coordinates": [-4.0, 51.25]}, "properties": {"score": 0.4471095128797661}}, {"type": "Feature", "geometry": {"type": "Point", "coordinates": [-3.75, 51.25]}, "properties": {"score": 0.4482273231629141}}, {"type": "Feature", "geometry": {"type": "Point", "coordinates": [-3.5, 51.25]}, "properties": {"score": 0.4493456568193988}}, {"type": "Feature", "geometry": {"type": "Point", "coordinates": [-3.25, 51.25]}, "properties": {"score": 0.4504645027810796}}, {"type": "Feature", "geometry": {"type": "Point", "coordinates": [-3.0, 51.25]}, "properties": {"score": 0.4515838499591977}}, {"type": "Feature", "geometry": {"type": "Point", "coordinates": [-2.75, 51.25]}, "properties": {"score": 0.4527036872448093}}, {"type": "Feature", "geometry": {"type": "Point", "coordinates": [-2.5, 51.25]}, "properties": {"score": 0.4538240035092193}}, {"type": "Feature", "geometry": {"type": "Point", "coordinates": [-2.25, 51.25]}, "properties": {"score": 0.4549447876044181}}, {"type": "Feature", "geometry": {"type": "Point", "coordinates": [-2.0, 51.25]}, "properties": {"score": 0.4560660283635179}}, {"type": "Feature", "geometry": {"type": "Point", "coordinates": [-1.75, 51.25]}, "properties": {"score": 0.4571877146011933}}, {"type": "Feature", "geometry": {"type": "Point", "coordinates": [-1.5, 51.25]}, "properties": {"score": 0.4583098351141197}}, {"type": "Feature", "geometry": {"type": "Point", "coordinates": [-1.25, 51.25]}, "properties": {"score": 0.4594323786814185}}, {"type": "Feature", "geometry": {"type": "Point", "coordinates": [-1.0, 51.25]}, "properties": {"score": 0.4605553340650989}}, {"type": "Feature", "geometry": {"type": "Point", "coordinates": [-0.75, 51.25]}, "properties": {"score": 0.4616786900105037}}, {"type": "Feature", "geometry": {"type": "Point", "coordinates": [-0.5, 51.25]}, "properties": {"score": 0.4628024352467557}}, {"type": "Feature", "geometry": {"type": "Point", "coordinates": [-0.25, 51.25]}, "properties": {"score": 0.4639265584872065}}, {"type": "Feature", "geometry": {"type": "Point", "coordinates": [0.0, 51.25]}, "properties": {"score": 0.4650510484298847}}, {"type": "Feature", "geometry": {"type": "Point", "coordinates": [0.25, 51.25]}, "properties": {"score": 0.4661758937579477}}, {"type": "Feature", "geometry": {"type": "Point", "coordinates": [0.5, 51.25]}, "properties": {"score": 0.467301083140133}}, {"type": "Feature", "geometry": {"type": "Point", "coordinates": [0.75, 51.25]}, "properties": {"score": 0.4684266052312119}}, {"type": "Feature", "geometry": {"type": "Point", "coordinates": [1.0, 51.25]}, "properties": {"score": 0.4695524486724438}}, {"type": "Feature", "geometry": {"type": "Point", "coordinates": [1.25, 51.25]}, "properties": {"score": 0.4706786020920315}}, {"type": "Feature", "geometry": {"type": "Point", "coordinates": [1.5, 51.25]}, "properties": {"score": 0.4718050541055782}}, {"type": "Feature", "geometry": {"type": "Point", "coordinates": [1.75, 51.25]}, "properties": {"score": 0.4729317933165454}}, {"type": "Feature", "geometry": {"type": "Point", "coordinates": [2.0, 51.25]}, "properties": {"score": 0.474058808316712}}, {"type": "Feature", "geometry": {"type": "Point", "coordinates": [2.25, 51.25]}, "properties": {"score": 0.4751860876866325}}, {"type": "Feature", "geometry": {"type": "Point", "coordinates": [-8.0, 51.5]}, "properties": {"score": 0.4178666540164052}}, {"type": "Feature", "geometry": {"type": "Point", "coordinates": [-7.75, 51.5]}, "properties": {"score": 0.4189667553645796}}, {"type": "Feature", "geometry": {"type": "Point", "coordinates": [-7.5, 51.5]}, "properties": {"score": 0.4200676630120202}}, {"type": "Feature", "geometry": {"type": "Point", "coordinates": [-7.25, 51.5]}, "properties": {"score": 0.4211693665834158}}, {"type": "Feature", "geometry": {"type": "Point", "coordinates": [-7.0, 51.5]}, "properties": {"score": 0.4222718556721694}}, {"type": "Feature", "geometry": {"type": "Point", "coordinates": [-6.75, 51.5]}, "properties": {"score": 0.4233751198407738}}, {"type": "Feature", "geometry": {"type": "Point", "coordinates": [-6.5, 51.5]}, "properties": {"score": 0.4244791486211898}}, {"type": "Feature", "geometry": {"type": "Point", "coordinates": [-6.25, 51.5]}, "properties": {"score": 0.4255839315152256}}, {"type": "Feature", "geometry": {"type": "Point", "coordinates": [-6.0, 51.5]}, "properties": {"score": 0.4266894579949211}}, {"type": "Feature", "geometry": {"type": "Point", "coordinates": [-5.75, 51.5]}, "properties": {"score": 0.4277957175029321}}, {"type": "Feature", "geometry": {"type": "Point", "coordinates": [-5.5, 51.5]}, "properties": {"score": 0.4289026994529191}}, {"type": "Feature", "geometry": {"type": "Point", "coordinates": [-5.25, 51.5]}, "properties": {"score": 0.4300103932299368}}, {"type": "Feature", "geometry": {"type": "Point", "coordinates": [-5.0, 51.5]}, "properties": {"score": 0.4311187881908264}}, {"type": "Feature", "geometry": {"type": "Point", "coordinates": [-4.75, 51.5]}, "properties": {"score": 0.4322278736646119}}, {"type": "Feature", "geometry": {"type": "Point", "coordinates": [-4.5, 51.5]}, "properties": {"score": 0.4333376389528965}}, {"type": "Feature", "geometry": {"type": "Point", "coordinates": [-4.25, 51.5]}, "properties": {"score": 0.4344480733302621}}, {"type": "Feature", "geometry": {"type": "Point", "coordinates": [-4.0, 51.5]}, "properties": {"score": 0.4355591660446715}}, {"type": "Feature", "geometry": {"type": "Point", "coordinates": [-3.75, 51.5]}, "properties": {"score": 0.436670906317872}}, {"type": "Feature", "geometry": {"type": "Point", "coordinates": [-3.5, 51.5]}, "properties": {"score": 0.4377832833458021}}, {"type": "Feature", "geometry": {"type": "Point", "coordinates": [-3.25, 51.5]}, "properties": {"score": 0.4388962862989998}}, {"type": "Feature", "geometry": {"type": "Point", "coordinates": [-3.0, 51.5]}, "properties": {"score": 0.4400099043230132}}, {"type": "Feature", "geometry": {"type": "Point", "coordinates": [-2.75, 51.5]}, "properties": {"score": 0.4411241265388126}}, {"type": "Feature", "geometry": {"type": "Point", "coordinates": [-2.5, 51.5]}, "properties": {"score": 0.4422389420432063}}, {"type": "Feature", "geometry": {"type": "Point", "coordinates": [-2.25, 51.5]}, "properties": {"score": 0.4433543399092564}}, {"type": "Feature", "geometry": {"type": "Point", "coordinates": [-2.0, 51.5]}, "properties": {"score": 0.444470309186698}}, {"type": "Feature", "geometry": {"type": "Point", "coordinates": [-1.75, 51.5]}, "properties": {"score": 0.4455868389023603}}, {"type": "Feature", "geometry": {"type": "Point", "coordinates": [-1.5, 51.5]}, "properties": {"score": 0.4467039180605878}}, {"type": "Feature", "geometry": {"type": "Point", "coordinates": [-1.25, 51.5]}, "properties": {"score": 0.4478215356436668}}, {"type": "Feature", "geometry": {"type": "Point", "coordinates": [-1.0, 51.5]}, "properties": {"score": 0.4489396806122508}}, {"type": "Feature", "geometry": {"type": "Point", "coordinates": [-0.75, 51.5]}, "properties": {"score": 0.450058341905789}}, {"type": "Feature", "geometry": {"type": "Point", "coordinates": [-0.5, 51.5]}, "properties": {"score": 0.4511775084429565}}, {"type": "Feature", "geometry": {"type": "Point", "coordinates": [-0.25, 51.5]}, "properties": {"score": 0.4522971691220856}}, {"type": "Feature", "geometry": {"type": "Point", "coordinates": [0.0, 51.5]}, "properties": {"score": 0.4534173128216002}}, {"type": "Feature", "geometry": {"type": "Point", "coordinates": [0.25, 51.5]}, "properties": {"score": 0.4545379284004505}}, {"type": "Feature", "geometry": {"type": "Point", "coordinates": [0.5, 51.5]}, "properties": {"score": 0.4556590046985503}}, {"type": "Feature", "geometry": {"type": "Point", "coordinates": [0.75, 51.5]}, "properties": {"score": 0.4567805305372151}}, {"type": "Feature", "geometry": {"type": "Point", "coordinates": [1.0, 51.5]}, "properties": {"score": 0.4579024947196028}}, {"type": "Feature", "geometry": {"type": "Point", "coordinates": [1.25, 51.5]}, "properties": {"score": 0.4590248860311552}}, {"type": "Feature", "geometry": {"type": "Point", "coordinates": [1.5, 51.5]}, "properties": {"score": 0.4601476932400409}}, {"type": "Feature", "geometry": {"type": "Point", "coordinates": [1.75, 51.5]}, "properties": {"score": 0.4612709050976007}}, {"type": "Feature", "geometry": {"type": "Point", "coordinates": [2.0, 51.5]}, "properties": {"score": 0.4623945103387932}}, {"type": "Feature", "geometry": {"type": "Point", "coordinates": [2.25, 51.5]}, "properties": {"score": 0.4635184976826417}}, {"type": "Feature", "geometry": {"type": "Point", "coordinates": [-8.0, 51.75]}, "properties": {"score": 0.4065163054820814}}, {"type": "Feature", "geometry": {"type": "Point", "coordinates": [-7.75, 51.75]}, "properties": {"score": 0.4076074482006262}}, {"type": "Feature", "geometry": {"type": "Point", "coordinates": [-7.5, 51.75]}, "properties": {"score": 0.4086995028064784}}, {"type": "Feature", "geometry": {"type": "Point", "coordinates": [-7.25, 51.75]}, "properties": {"score": 0.4097924592699988}}, {"type": "Feature", "geometry": {"type": "Point", "coordinates": [-7.0, 51.75]}, "properties": {"score": 0.4108863075265292}}, {"type": "Feature", "geometry": {"type": "Point", "coordinates": [-6.75, 51.75]}, "properties": {"score": 0.4119810374767398}}, {"type": "Feature", "geometry": {"type": "Point", "coordinates": [-6.5, 51.75]}, "properties": {"score": 0.4130766389869793}}, {"type": "Feature", "geometry": {"type": "Point", "coordinates": [-6.25, 51.75]}, "properties": {"score": 0.4141731018896281}}, {"type": "Feature", "geometry": {"type": "Point", "coordinates": [-6.0, 51.75]}, "properties": {"score": 0.415270415983454}}, {"type": "Feature", "geometry": {"type": "Point", "coordinates": [-5.75, 51.75]}, "properties": {"score": 0.4163685710339709}}, {"type": "Feature", "geometry": {"type": "Point", "coordinates": [-5.5, 51.75]}, "properties": {"score": 0.4174675567737996}}, {"type": "Feature", "geometry": {"type": "Point", "coordinates": [-5.25, 51.75]}, "properties": {"score": 0.4185673629030325}}, {"type": "Feature", "geometry": {"type": "Point", "coordinates": [-5.0, 51.75]}, "properties": {"score": 0.4196679790895986}}, {"type": "Feature", "geometry": {"type": "Point", "coordinates": [-4.75, 51.75]}, "properties": {"score": 0.4207693949696351}}, {"type": "Feature", "geometry": {"type": "Point", "coordinates": [-4.5, 51.75]}, "properties": {"score": 0.4218716001478572}}, {"type": "Feature", "geometry": {"type": "Point", "coordinates": [-4.25, 51.75]}, "properties": {"score": 0.4229745841979337}}, {"type": "Feature", "geometry": {"type": "Point", "coordinates": [-4.0, 51.75]}, "properties": {"score": 0.4240783366628636}}, {"type": "Feature", "geometry": {"type": "Point", "coordinates": [-3.75, 51.75]}, "properties": {"score": 0.4251828470553551}}, {"type": "Feature", "geometry": {"type": "Point", "coordinates": [-3.5, 51.75]}, "properties": {"score": 0.4262881048582086}}, {"type": "Feature", "geometry": {"type": "Point", "coordinates": [-3.25, 51.75]}, "properties": {"score": 0.4273940995247009}}, {"type": "Feature", "geometry": {"type": "Point", "coordinates": [-3.0, 51.75]}, "properties": {"score": 0.4285008204789713}}, {"type": "Feature", "geometry": {"type": "Point", "coordinates": [-2.75, 51.75]}, "properties": {"score": 0.4296082571164123}}, {"type": "Feature", "geometry": {"type": "Point", "coordinates": [-2.5, 51.75]}, "properties": {"score": 0.4307163988040602}}, {"type": "Feature", "geometry": {"type": "Point", "coordinates": [-2.25, 51.75]}, "properties": {"score": 0.4318252348809902}}, {"type": "Feature", "geometry": {"type": "Point", "coordinates": [-2.0, 51.75]}, "properties": {"score": 0.4329347546587118}}, {"type": "Feature", "geometry": {"type": "Point", "coordinates": [-1.75, 51.75]}, "properties": {"score": 0.4340449474215689}}, {"type": "Feature", "geometry": {"type": "Point", "coordinates": [-1.5, 51.75]}, "properties": {"score": 0.4351558024271385}}, {"type": "Feature", "geometry": {"type": "Point", "coordinates": [-1.25, 51.75]}, "properties": {"score": 0.436267308906637}}, {"type": "Feature", "geometry": {"type": "Point", "coordinates": [-1.0, 51.75]}, "properties": {"score": 0.4373794560653236}}, {"type": "Feature", "geometry": {"type": "Point", "coordinates": [-0.75, 51.75]}, "properties": {"score": 0.4384922330829083}}, {"type": "Feature", "geometry": {"type": "Point", "coordinates": [-0.5, 51.75]}, "properties": {"score": 0.4396056291139618}}, {"type": "Feature", "geometry": {"type": "Point", "coordinates": [-0.25, 51.75]}, "properties": {"score": 0.4407196332883279}}, {"type": "Feature", "geometry": {"type": "Point", "coordinates": [0.0, 51.75]}, "properties": {"score": 0.4418342347115365}}, {"type": "Feature", "geometry": {"type": "Point", "coordinates": [0.25, 51.75]}, "properties": {"score": 0.4429494224652205}}, {"type": "Feature", "geometry": {"type": "Point", "coordinates": [0.5, 51.75]}, "properties": {"score": 0.4440651856075334}}, {"type": "Feature", "geometry": {"type": "Point", "coordinates": [0.75, 51.75]}, "properties": {"score": 0.4451815131735696}}, {"type": "Feature", "geometry": {"type": "Point", "coordinates": [1.0, 51.75]}, "properties": {"score": 0.4462983941757857}}, {"type": "Feature", "geometry": {"type": "Point", "coordinates": [1.25, 51.75]}, "properties": {"score": 0.4474158176044255}}, {"type": "Feature", "geometry": {"type": "Point", "coordinates": [1.5, 51.75]}, "properties": {"score": 0.4485337724279449}}, {"type": "Feature", "geometry": {"type": "Point", "coordinates": [1.75, 51.75]}, "properties": {"score": 0.44965224759344}}, {"type": "Feature", "geometry": {"type": "Point", "coordinates": [2.0, 51.75]}, "properties": {"score": 0.4507712320270765}}, {"type": "Feature", "geometry": {"type": "Point", "coordinates": [2.25, 51.75]}, "properties": {"score": 0.4518907146345196}}, {"type": "Feature", "geometry": {"type": "Point", "coordinates": [-8.0, 52.0]}, "properties": {"score": 0.3952649247938491}}, {"type": "Feature", "geometry": {"type": "Point", "coordinates": [-7.75, 52.0]}, "properties": {"score": 0.3963460359123033}}, {"type": "Feature", "geometry": {"type": "Point", "coordinates": [-7.5, 52.0]}, "properties": {"score": 0.397428160711087}}, {"type": "Feature", "geometry": {"type": "Point", "coordinates": [-7.25, 52.0]}, "properties": {"score": 0.3985112895432171}}, {"type": "Feature", "geometry": {"type": "Point", "coordinates": [-7.0, 52.0]}, "properties": {"score": 0.399595412723262}}, {"type": "Feature", "geometry": {"type": "Point", "coordinates": [-6.75, 52.0]}, "properties": {"score": 0.400680520527659}}, {"type": "Feature", "geometry": {"type": "Point", "coordinates": [-6.5, 52.0]}, "properties": {"score": 0.4017666031950335}}, {"type": "Feature", "geometry": {"type": "Point", "coordinates": [-6.25, 52.0]}, "properties": {"score": 0.4028536509265227}}, {"type": "Feature", "geometry": {"type": "Point", "coordinates": [-6.0, 52.0]}, "properties": {"score": 0.4039416538861016}}, {"type": "Feature", "geometry": {"type": "Point", "coordinates": [-5.75, 52.0]}, "properties": {"score": 0.4050306022009116}}, {"type": "Feature", "geometry": {"type": "Point", "coordinates": [-5.5, 52.0]}, "properties": {"score": 0.4061204859615928}}, {"type": "Feature", "geometry": {"type": "Point", "coordinates": [-5.25, 52.0]}, "properties": {"score": 0.4072112952226193}}, {"type": "Feature", "geometry": {"type": "Point", "coordinates": [-5.0, 52.0]}, "properties": {"score": 0.4083030200026352}}, {"type": "Feature", "geometry": {"type": "Point", "coordinates": [-4.75, 52.0]}, "properties": {"score": 0.4093956502847978}}, {"type": "Feature", "geometry": {"type": "Point", "coordinates": [-4.5, 52.0]}, "properties": {"score": 0.4104891760171195}}, {"type": "Feature", "geometry": {"type": "Point", "coordinates": [-4.25, 52.0]}, "properties": {"score": 0.4115835871128149}}, {"type": "Feature", "geometry": {"type": "Point", "coordinates": [-4.0, 52.0]}, "properties": {"score": 0.4126788734506495}}, {"type": "Feature", "geometry": {"type": "Point", "coordinates": [-3.75, 52.0]}, "properties": {"score": 0.4137750248752919}}, {"type": "Feature", "geometry": {"type": "Point", "coordinates": [-3.5, 52.0]}, "properties": {"score": 0.4148720311976691}}, {"type": "Feature", "geometry": {"type": "Point", "coordinates": [-3.25, 52.0]}, "properties": {"score": 0.415969882195323}}, {"type": "Feature", "geometry": {"type": "Point", "coordinates": [-3.0, 52.0]}, "properties": {"score": 0.4170685676127718}}, {"type": "Feature", "geometry": {"type": "Point", "coordinates": [-2.75, 52.0]}, "properties": {"score": 0.4181680771618721}}, {"type": "Feature", "geometry": {"type": "Point", "coordinates": [-2.5, 52.0]}, "properties": {"score": 0.4192684005221848}}, {"type": "Feature", "geometry": {"type": "Point", "coordinates": [-2.25, 52.0]}, "properties": {"score": 0.4203695273413435}}, {"type": "Feature", "geometry": {"type": "Point", "coordinates": [-2.0, 52.0]}, "properties": {"score": 0.4214714472354254}}, {"type": "Feature", "geometry": {"type": "Point", "coordinates": [-1.75, 52.0]}, "properties": {"score": 0.422574149789325}}, {"type": "Feature", "geometry": {"type": "Point", "coordinates": [-1.5, 52.0]}, "properties": {"score": 0.4236776245571287}}, {"type": "Feature", "geometry": {"type": "Point", "coordinates": [-1.25, 52.0]}, "properties": {"score": 0.4247818610624957}}, {"type": "Feature", "geometry": {"type": "Point", "coordinates": [-1.0, 52.0]}, "properties": {"score": 0.4258868487990376}}, {"type": "Feature", "geometry": {"type": "Point", "coordinates": [-0.75, 52.0]}, "properties": {"score": 0.4269925772307026}}, {"type": "Feature", "geometry": {"type": "Point", "coordinates": [-0.5, 52.0]}, "properties": {"score": 0.4280990357921608}}, {"type": "Feature", "geometry": {"type": "Point", "coordinates": [-0.25, 52.0]}, "properties": {"score": 0.4292062138891939}}, {"type": "Feature", "geometry": {"type": "Point", "coordinates": [0.0, 52.0]}, "properties": {"score": 0.4303141008990852}}, {"type": "Feature", "geometry": {"type": "Point", "coordinates": [0.25, 52.0]}, "properties": {"score": 0.4314226861710126}}, {"type": "Feature", "geometry": {"type": "Point", "coordinates": [0.5, 52.0]}, "properties": {"score": 0.4325319590264454}}, {"type": "Feature", "geometry": {"type": "Point", "coordinates": [0.75, 52.0]}, "properties": {"score": 0.4336419087595411}}, {"type": "Feature", "geometry": {"type": "Point", "coordinates": [1.0, 52.0]}, "properties": {"score": 0.434752524637546}}, {"type": "Feature", "geometry": {"type": "Point", "coordinates": [1.25, 52.0]}, "properties": {"score": 0.4358637959011978}}, {"type": "Feature", "geometry": {"type": "Point", "coordinates": [1.5, 52.0]}, "properties": {"score": 0.4369757117651299}}, {"type": "Feature", "geometry": {"type": "Point", "coordinates": [1.75, 52.0]}, "properties": {"score": 0.4380882614182788}}, {"type": "Feature", "geometry": {"type": "Point", "coordinates": [2.0, 52.0]}, "properties": {"score": 0.4392014340242926}}, {"type": "Feature", "geometry": {"type": "Point", "coordinates": [2.25, 52.0]}, "properties": {"score": 0.4403152187219418}}, {"type": "Feature", "geometry": {"type": "Point", "coordinates": [-8.0, 52.25]}, "properties": {"score": 0.3841233989465683}}, {"type": "Feature", "geometry": {"type": "Point", "coordinates": [-7.75, 52.25]}, "properties": {"score": 0.3851934469239442}}, {"type": "Feature", "geometry": {"type": "Point", "coordinates": [-7.5, 52.25]}, "properties": {"score": 0.3862646062148586}}, {"type": "Feature", "geometry": {"type": "Point", "coordinates": [-7.25, 52.25]}, "properties": {"score": 0.3873368675886817}}, {"type": "Feature", "geometry": {"type": "Point", "coordinates": [-7.0, 52.25]}, "properties": {"score": 0.3884102217732331}}, {"type": "Feature", "geometry": {"type": "Point", "coordinates": [-6.75, 52.25]}, "properties": {"score": 0.3894846594550661}}, {"type": "Feature", "geometry": {"type": "Point", "coordinates": [-6.5, 52.25]}, "properties": {"score": 0.3905601712797562}}, {"type": "Feature", "geometry": {"type": "Point", "coordinates": [-6.25, 52.25]}, "properties": {"score": 0.3916367478521914}}, {"type": "Feature", "geometry": {"type": "Point", "coordinates": [-6.0, 52.25]}, "properties": {"score": 0.3927143797368662}}, {"type": "Feature", "geometry": {"type": "Point", "coordinates": [-5.75, 52.25]}, "properties": {"score": 0.3937930574581796}}, {"type": "Feature", "geometry": {"type": "Point", "coordinates": [-5.5, 52.25]}, "properties": {"score": 0.3948727715007344}}, {"type": "Feature", "geometry": {"type": "Point", "coordinates": [-5.25, 52.25]}, "properties": {"score": 0.3959535123096426}}, {"type": "Feature", "geometry": {"type": "Point", "coordinates": [-5.0, 52.25]}, "properties": {"score": 0.3970352702908291}}, {"type": "Feature", "geometry": {"type": "Point", "coordinates": [-4.75, 52.25]}, "properties": {"score": 0.3981180358113442}}, {"type": "Feature", "geometry": {"type": "Point", "coordinates": [-4.5, 52.25]}, "properties": {"score": 0.3992017991996758}}, {"type": "Feature", "geometry": {"type": "Point", "coordinates": [-4.25, 52.25]}, "properties": {"score": 0.4002865507460643}}, {"type": "Feature", "geometry": {"type": "Point", "coordinates": [-4.0, 52.25]}, "properties": {"score": 0.4013722807028223}}, {"type": "Feature", "geometry": {"type": "Point", "coordinates": [-3.75, 52.25]}, "properties": {"score": 0.4024589792846567}}, {"type": "Feature", "geometry": {"type": "Point", "coordinates": [-3.5, 52.25]}, "properties": {"score": 0.4035466366689928}}, {"type": "Feature", "geometry": {"type": "Point", "coordinates": [-3.25, 52.25]}, "properties": {"score": 0.4046352429963034}}, {"type": "Feature", "geometry": {"type": "Point", "coordinates": [-3.0, 52.25]}, "properties": {"score": 0.4057247883704385}}, {"type": "Feature", "geometry": {"type": "Point", "coordinates": [-2.75, 52.25]}, "properties": {"score": 0.4068152628589604}}, {"type": "Feature", "geometry": {"type": "Point", "coordinates": [-2.5, 52.25]}, "properties": {"score": 0.407906656493479}}, {"type": "Feature", "geometry": {"type": "Point", "coordinates": [-2.25, 52.25]}, "properties": {"score": 0.4089989592699928}}, {"type": "Feature", "geometry": {"type": "Point", "coordinates": [-2.0, 52.25]}, "properties": {"score": 0.4100921611492306}}, {"type": "Feature", "geometry": {"type": "Point", "coordinates": [-1.75, 52.25]}, "properties": {"score": 0.4111862520569972}}, {"type": "Feature", "geometry": {"type": "Point", "coordinates": [-1.5, 52.25]}, "properties": {"score": 0.4122812218845209}}, {"type": "Feature", "geometry": {"type": "Point", "coordinates": [-1.25, 52.25]}, "properties": {"score": 0.4133770604888058}}, {"type": "Feature", "geometry": {"type": "Point", "coordinates": [-1.0, 52.25]}, "properties": {"score": 0.4144737576929845}}, {"type": "Feature", "geometry": {"type": "Point", "coordinates": [-0.75, 52.25]}, "properties": {"score": 0.4155713032866754}}, {"type": "Feature", "geometry": {"type": "Point", "coordinates": [-0.5, 52.25]}, "properties": {"score": 0.4166696870263409}}, {"type": "Feature", "geometry": {"type": "Point", "coordinates": [-0.25, 52.25]}, "properties": {"score": 0.4177688986356508}}, {"type": "Feature", "geometry": {"type": "Point", "coordinates": [0.0, 52.25]}, "properties": {"score": 0.4188689278058458}}, {"type": "Feature", "geometry": {"type": "Point", "coordinates": [0.25, 52.25]}, "properties": {"score": 0.4199697641961052}}, {"type": "Feature", "geometry": {"type": "Point", "coordinates": [0.5, 52.25]}, "properties": {"score": 0.4210713974339171}}, {"type": "Feature", "geometry": {"type": "Point", "coordinates": [0.75, 52.25]}, "properties": {"score": 0.4221738171154504}}, {"type": "Feature", "geometry": {"type": "Point", "coordinates": [1.0, 52.25]}, "properties": {"score": 0.4232770128059307}}, {"type": "Feature", "geometry": {"type": "Point", "coordinates": [1.25, 52.25]}, "properties": {"score": 0.4243809740400172}}, {"type": "Feature", "geometry": {"type": "Point", "coordinates": [1.5, 52.25]}, "properties": {"score": 0.4254856903221836}}, {"type": "Feature", "geometry": {"type": "Point", "coordinates": [1.75, 52.25]}, "properties": {"score": 0.4265911511271002}}, {"type": "Feature", "geometry": {"type": "Point", "coordinates": [2.0, 52.25]}, "properties": {"score": 0.4276973459000197}}, {"type": "Feature", "geometry": {"type": "Point", "coordinates": [2.25, 52.25]}, "properties": {"score": 0.4288042640571634}}, {"type": "Feature", "geometry": {"type": "Point", "coordinates": [-8.0, 52.5]}, "properties": {"score": 0.3731021649403406}}, {"type": "Feature", "geometry": {"type": "Point", "coordinates": [-7.75, 52.5]}, "properties": {"score": 0.3741601632466402}}, {"type": "Feature", "geometry": {"type": "Point", "coordinates": [-7.5, 52.5]}, "properties": {"score": 0.3752193660104093}}, {"type": "Feature", "geometry": {"type": "Point", "coordinates": [-7.25, 52.5]}, "properties": {"score": 0.3762797644475657}}, {"type": "Feature", "geometry": {"type": "Point", "coordinates": [-7.0, 52.5]}, "properties": {"score": 0.3773413497297206}}, {"type": "Feature", "geometry": {"type": "Point", "coordinates": [-6.75, 52.5]}, "properties": {"score": 0.3784041129844289}}, {"type": "Feature", "geometry": {"type": "Point", "coordinates": [-6.5, 52.5]}, "properties": {"score": 0.3794680452954436}}, {"type": "Feature", "geometry": {"type": "Point", "coordinates": [-6.25, 52.5]}, "properties": {"score": 0.3805331377029721}}, {"type": "Feature", "geometry": {"type": "Point", "coordinates": [-6.0, 52.5]}, "properties": {"score": 0.3815993812039372}}, {"type": "Feature", "geometry": {"type": "Point", "coordinates": [-5.75, 52.5]}, "properties": {"score": 0.3826667667522409}}, {"type": "Feature", "geometry": {"type": "Point", "coordinates": [-5.5, 52.5]}, "properties": {"score": 0.383735285259031}}, {"type": "Feature", "geometry": {"type": "Point", "coordinates": [-5.25, 52.5]}, "properties": {"score": 0.3848049275929722}}, {"type": "Feature", "geometry": {"type": "Point", "coordinates": [-5.0, 52.5]}, "properties": {"score": 0.385875684580518}}, {"type": "Feature", "geometry": {"type": "Point", "coordinates": [-4.75, 52.5]}, "properties": {"score": 0.38694754700619}}, {"type": "Feature", "geometry": {"type": "Point", "coordinates": [-4.5, 52.5]}, "properties": {"score": 0.3880205056128564}}, {"type": "Feature", "geometry": {"type": "Point", "coordinates": [-4.25, 52.5]}, "properties": {"score": 0.3890945511020161}}, {"type": "Feature", "geometry": {"type": "Point", "coordinates": [-4.0, 52.5]}, "properties": {"score": 0.3901696741340842}}, {"type": "Feature", "geometry": {"type": "Point", "coordinates": [-3.75, 52.5]}, "properties": {"score": 0.3912458653286832}}, {"type": "Feature", "geometry": {"type": "Point", "coordinates": [-3.5, 52.5]}, "properties": {"score": 0.3923231152649348}}, {"type": "Feature", "geometry": {"type": "Point", "coordinates": [-3.25, 52.5]}, "properties": {"score": 0.3934014144817567}}, {"type": "Feature", "geometry": {"type": "Point", "coordinates": [-3.0, 52.5]}, "properties": {"score": 0.3944807534781615}}, {"type": "Feature", "geometry": {"type": "Point", "coordinates": [-2.75, 52.5]}, "properties": {"score": 0.3955611227135593}}, {"type": "Feature", "geometry": {"type": "Point", "coordinates": [-2.5, 52.5]}, "properties": {"score": 0.3966425126080634}}, {"type": "Feature", "geometry": {"type": "Point", "coordinates": [-2.25, 52.5]}, "properties": {"score": 0.3977249135427985}}, {"type": "Feature", "geometry": {"type": "Point", "coordinates": [-2.0, 52.5]}, "properties": {"score": 0.3988083158602122}}, {"type": "Feature", "geometry": {"type": "Point", "coordinates": [-1.75, 52.5]}, "properties": {"score": 0.3998927098643917}}, {"type": "Feature", "geometry": {"type": "Point", "coordinates": [-1.5, 52.5]}, "properties": {"score": 0.4009780858213778}}, {"type": "Feature", "geometry": {"type": "Point", "coordinates": [-1.25, 52.5]}, "properties": {"score": 0.4020644339594901}}, {"type": "Feature", "geometry": {"type": "Point", "coordinates": [-1.0, 52.5]}, "properties": {"score": 0.4031517444696482}}, {"type": "Feature", "geometry": {"type": "Point", "coordinates": [-0.75, 52.5]}, "properties": {"score": 0.4042400075056991}}, {"type": "Feature", "geometry": {"type": "Point", "coordinates": [-0.5, 52.5]}, "properties": {"score": 0.4053292131847474}}, {"type": "Feature", "geometry": {"type": "Point", "coordinates": [-0.25, 52.5]}, "properties": {"score": 0.4064193515874875}}, {"type": "Feature", "geometry": {"type": "Point", "coordinates": [0.0, 52.5]}, "properties": {"score": 0.4075104127585398}}, {"type": "Feature", "geometry": {"type": "Point", "coordinates": [0.25, 52.5]}, "properties": {"score": 0.4086023867067891}}, {"type": "Feature", "geometry": {"type": "Point", "coordinates": [0.5, 52.5]}, "properties": {"score": 0.409695263405726}}, {"type": "Feature", "geometry": {"type": "Point", "coordinates": [0.75, 52.5]}, "properties": {"score": 0.4107890327937913}}, {"type": "Feature", "geometry": {"type": "Point", "coordinates": [1.0, 52.5]}, "properties": {"score": 0.4118836847747231}}, {"type": "Feature", "geometry": {"type": "Point", "coordinates": [1.25, 52.5]}, "properties": {"score": 0.4129792092179071}}, {"type": "Feature", "geometry": {"type": "Point", "coordinates": [1.5, 52.5]}, "properties": {"score": 0.4140755959587289}}, {"type": "Feature", "geometry": {"type": "Point", "coordinates": [1.75, 52.5]}, "properties": {"score": 0.4151728347989299}}, {"type": "Feature", "geometry": {"type": "Point", "coordinates": [2.0, 52.5]}, "properties": {"score": 0.4162709155069659}}, {"type": "Feature", "geometry": {"type": "Point", "coordinates": [2.25, 52.5]}, "properties": {"score": 0.4173698278183661}}, {"type": "Feature", "geometry": {"type": "Point", "coordinates": [-8.0, 52.75]}, "properties": {"score": 0.36221117479391}}, {"type": "Feature", "geometry": {"type": "Point", "coordinates": [-7.75, 52.75]}, "properties": {"score": 0.3632561851139831}}, {"type": "Feature", "geometry": {"type": "Point", "coordinates": [-7.5, 52.75]}, "properties": {"score": 0.3643024882539983}}, {"type": "Feature", "geometry": {"type": "Point", "coordinates": [-7.25, 52.75]}, "properties": {"score": 0.3653500759029466}}, {"type": "Feature", "geometry": {"type": "Point", "coordinates": [-7.0, 52.75]}, "properties": {"score": 0.3663989397031161}}, {"type": "Feature", "geometry": {"type": "Point", "coordinates": [-6.75, 52.75]}, "properties": {"score": 0.3674490712503075}}, {"type": "Feature", "geometry": {"type": "Point", "coordinates": [-6.5, 52.75]}, "properties": {"score": 0.368500462094053}}, {"type": "Feature", "geometry": {"type": "Point", "coordinates": [-6.25, 52.75]}, "properties": {"score": 0.3695531037378379}}, {"type": "Feature", "geometry": {"type": "Point", "coordinates": [-6.0, 52.75]}, "properties": {"score": 0.3706069876393266}}, {"type": "Feature", "geometry": {"type": "Point", "coordinates": [-5.75, 52.75]}, "properties": {"score": 0.3716621052105912}}, {"type": "Feature", "geometry": {"type": "Point", "coordinates": [-5.5, 52.75]}, "properties": {"score": 0.372718447818344}}, {"type": "Feature", "geometry": {"type": "Point", "coordinates": [-5.25, 52.75]}, "properties": {"score": 0.3737760067841736}}, {"type": "Feature", "geometry": {"type": "Point", "coordinates": [-5.0, 52.75]}, "properties": {"score": 0.3748347733847826}}, {"type": "Feature", "geometry": {"type": "Point", "coordinates": [-4.75, 52.75]}, "properties": {"score": 0.375894738852232}}, {"type": "Feature", "geometry": {"type": "Point", "coordinates": [-4.5, 52.75]}, "properties": {"score": 0.3769558943741859}}, {"type": "Feature", "geometry": {"type": "Point", "coordinates": [-4.25, 52.75]}, "properties": {"score": 0.378018231094161}}, {"type": "Feature", "geometry": {"type": "Point", "coordinates": [-4.0, 52.75]}, "properties": {"score": 0.3790817401117794}}, {"type": "Feature", "geometry": {"type": "Point", "coordinates": [-3.75, 52.75]}, "properties": {"score": 0.380146412483024}}, {"type": "Feature", "geometry": {"type": "Point", "coordinates": [-3.5, 52.75]}, "properties": {"score": 0.3812122392204982}}, {"type": "Feature", "geometry": {"type": "Point", "coordinates": [-3.25, 52.75]}, "properties": {"score": 0.3822792112936881}}, {"type": "Feature", "geometry": {"type": "Point", "coordinates": [-3.0, 52.75]}, "properties": {"score": 0.3833473196292289}}, {"type": "Feature", "geometry": {"type": "Point", "coordinates": [-2.75, 52.75]}, "properties": {"score": 0.3844165551111735}}, {"type": "Feature", "geometry": {"type": "Point", "coordinates": [-2.5, 52.75]}, "properties": {"score": 0.3854869085812651}}, {"type": "Feature", "geometry": {"type": "Point", "coordinates": [-2.25, 52.75]}, "properties": {"score": 0.3865583708392131}}, {"type": "Feature", "geometry": {"type": "Point", "coordinates": [-2.0, 52.75]}, "properties": {"score": 0.3876309326429715}}, {"type": "Feature", "geometry": {"type": "Point", "coordinates": [-1.75, 52.75]}, "properties": {"score": 0.3887045847090223}}, {"type": "Feature", "geometry": {"type": "Point", "coordinates": [-1.5, 52.75]}, "properties": {"score": 0.3897793177126584}}, {"type": "Feature", "geometry": {"type": "Point", "coordinates": [-1.25, 52.75]}, "properties": {"score": 0.3908551222882755}}, {"type": "Feature", "geometry": {"type": "Point", "coordinates": [-1.0, 52.75]}, "properties": {"score": 0.3919319890296615}}, {"type": "Feature", "geometry": {"type": "Point", "coordinates": [-0.75, 52.75]}, "properties": {"score": 0.3930099084902923}}, {"type": "Feature", "geometry": {"type": "Point", "coordinates": [-0.5, 52.75]}, "properties": {"score": 0.39408887118363}}, {"type": "Feature", "geometry": {"type": "Point", "coordinates": [-0.25, 52.75]}, "properties": {"score": 0.3951688675834238}}, {"type": "Feature", "geometry": {"type": "Point", "coordinates": [0.0, 52.75]}, "properties": {"score": 0.3962498881240147}}, {"type": "Feature", "geometry": {"type": "Point", "coordinates": [0.25, 52.75]}, "properties": {"score": 0.3973319232006431}}, {"type": "Feature", "geometry": {"type": "Point", "coordinates": [0.5, 52.75]}, "properties": {"score": 0.3984149631697591}}, {"type": "Feature", "geometry": {"type": "Point", "coordinates": [0.75, 52.75]}, "properties": {"score": 0.3994989983493362}}, {"type": "Feature", "geometry": {"type": "Point", "coordinates": [1.0, 52.75]}, "properties": {"score": 0.4005840190191884}}, {"type": "Feature", "geometry": {"type": "Point", "coordinates": [1.25, 52.75]}, "properties": {"score": 0.4016700154212895}}, {"type": "Feature", "geometry": {"type": "Point", "coordinates": [1.5, 52.75]}, "properties": {"score": 0.402756977760096}}, {"type": "Feature", "geometry": {"type": "Point", "coordinates": [1.75, 52.75]}, "properties": {"score": 0.4038448962028734}}, {"type": "Feature", "geometry": {"type": "Point", "coordinates": [2.0, 52.75]}, "properties": {"score": 0.4049337608800242}}, {"type": "Feature", "geometry": {"type": "Point", "coordinates": [2.25, 52.75]}, "properties": {"score": 0.4060235618854192}}, {"type": "Feature", "geometry": {"type": "Point", "coordinates": [-8.0, 53.0]}, "properties": {"score": 0.3514598645749399}}, {"type": "Feature", "geometry": {"type": "Point", "coordinates": [-7.75, 53.0]}, "properties": {"score": 0.3524909996173164}}, {"type": "Feature", "geometry": {"type": "Point", "coordinates": [-7.5, 53.0]}, "properties": {"score": 0.353523510807198}}, {"type": "Feature", "geometry": {"type": "Point", "coordinates": [-7.25, 53.0]}, "properties": {"score": 0.3545573903293881}}, {"type": "Feature", "geometry": {"type": "Point", "coordinates": [-7.0, 53.0]}, "properties": {"score": 0.3555926303199605}}, {"type": "Feature", "geometry": {"type": "Point", "coordinates": [-6.75, 53.0]}, "properties": {"score": 0.3566292228664385}}, {"type": "Feature", "geometry": {"type": "Point", "coordinates": [-6.5, 53.0]}, "properties": {"score": 0.357667160007978}}, {"type": "Feature", "geometry": {"type": "Point", "coordinates": [-6.25, 53.0]}, "properties": {"score": 0.358706433735554}}, {"type": "Feature", "geometry": {"type": "Point", "coordinates": [-6.0, 53.0]}, "properties": {"score": 0.3597470359921499}}, {"type": "Feature", "geometry": {"type": "Point", "coordinates": [-5.75, 53.0]}, "properties": {"score": 0.3607889586729511}}, {"type": "Feature", "geometry": {"type": "Point", "coordinates": [-5.5, 53.0]}, "properties": {"score": 0.3618321936255415}}, {"type": "Feature", "geometry": {"type": "Point", "coordinates": [-5.25, 53.0]}, "properties": {"score": 0.3628767326501045}}, {"type": "Feature", "geometry": {"type": "Point", "coordinates": [-5.0, 53.0]}, "properties": {"score": 0.3639225674996242}}, {"type": "Feature", "geometry": {"type": "Point", "coordinates": [-4.75, 53.0]}, "properties": {"score": 0.3649696898800962}}, {"type": "Feature", "geometry": {"type": "Point", "coordinates": [-4.5, 53.0]}, "properties": {"score": 0.3660180914507352}}, {"type": "Feature", "geometry": {"type": "Point", "coordinates": [-4.25, 53.0]}, "properties": {"score": 0.3670677638241902}}, {"type": "Feature", "geometry": {"type": "Point", "coordinates": [-4.0, 53.0]}, "properties": {"score": 0.3681186985667617}}, {"type": "Feature", "geometry": {"type": "Point", "coordinates": [-3.75, 53.0]}, "properties": {"score": 0.3691708871986227}}, {"type": "Feature", "geometry": {"type": "Point", "coordinates": [-3.5, 53.0]}, "properties": {"score": 0.3702243211940426}}, {"type": "Feature", "geometry": {"type": "Point", "coordinates": [-3.25, 53.0]}, "properties": {"score": 0.3712789919816151}}, {"type": "Feature", "geometry": {"type": "Point", "coordinates": [-3.0, 53.0]}, "properties": {"score": 0.3723348909444897}}, {"type": "Feature", "geometry": {"type": "Point", "coordinates": [-2.75, 53.0]}, "properties": {"score": 0.3733920094206057}}, {"type": "Feature", "geometry": {"type": "Point", "coordinates": [-2.5, 53.0]}, "properties": {"score": 0.3744503387029299}}, {"type": "Feature", "geometry": {"type": "Point", "coordinates": [-2.25, 53.0]}, "properties": {"score": 0.3755098700396987}}, {"type": "Feature", "geometry": {"type": "Point", "coordinates": [-2.0, 53.0]}, "properties": {"score": 0.3765705946346618}}, {"type": "Feature", "geometry": {"type": "Point", "coordinates": [-1.75, 53.0]}, "properties": {"score": 0.3776325036473316}}, {"type": "Feature", "geometry": {"type": "Point", "coordinates": [-1.5, 53.0]}, "properties": {"score": 0.3786955881932318}}, {"type": "Feature", "geometry": {"type": "Point", "coordinates": [-1.25, 53.0]}, "properties": {"score": 0.3797598393441555}}, {"type": "Feature", "geometry": {"type": "Point", "coordinates": [-1.0, 53.0]}, "properties": {"score": 0.3808252481284214}}, {"type": "Feature", "geometry": {"type": "Point", "coordinates": [-0.75, 53.0]}, "properties": {"score": 0.3818918055311349}}, {"type": "Feature", "geometry": {"type": "Point", "coordinates": [-0.5, 53.0]}, "properties": {"score": 0.3829595024944538}}, {"type": "Feature", "geometry": {"type": "Point", "coordinates": [-0.25, 53.0]}, "properties": {"score": 0.3840283299178555}}, {"type": "Feature", "geometry": {"type": "Point", "coordinates": [0.0, 53.0]}, "properties": {"score": 0.3850982786584084}}, {"type": "Feature", "geometry": {"type": "Point", "coordinates": [0.25, 53.0]}, "properties": {"score": 0.3861693395310467}}, {"type": "Feature", "geometry": {"type": "Point", "coordinates": [0.5, 53.0]}, "properties": {"score": 0.3872415033088477}}, {"type": "Feature", "geometry": {"type": "Point", "coordinates": [0.75, 53.0]}, "properties": {"score": 0.3883147607233133}}, {"type": "Feature", "geometry": {"type": "Point", "coordinates": [1.0, 53.0]}, "properties": {"score": 0.3893891024646538}}, {"type": "Feature", "geometry": {"type": "Point", "coordinates": [1.25, 53.0]}, "properties": {"score": 0.3904645191820754}}, {"type": "Feature", "geometry": {"type": "Point", "coordinates": [1.5, 53.0]}, "properties": {"score": 0.3915410014840714}}, {"type": "Feature", "geometry": {"type": "Point", "coordinates": [1.75, 53.0]}, "properties": {"score": 0.392618539938715}}, {"type": "Feature", "geometry": {"type": "Point", "coordinates": [2.0, 53.0]}, "properties": {"score": 0.393697125073958}}, {"type": "Feature", "geometry": {"type": "Point", "coordinates": [2.25, 53.0]}, "properties": {"score": 0.3947767473779277}}, {"type": "Feature", "geometry": {"type": "Point", "coordinates": [-8.0, 53.25]}, "properties": {"score": 0.3408571275969358}}, {"type": "Feature", "geometry": {"type": "Point", "coordinates": [-7.75, 53.25]}, "properties": {"score": 0.3418735534955835}}, {"type": "Feature", "geometry": {"type": "Point", "coordinates": [-7.5, 53.25]}, "properties": {"score": 0.3428914336205982}}, {"type": "Feature", "geometry": {"type": "Point", "coordinates": [-7.25, 53.25]}, "properties": {"score": 0.3439107606714817}}, {"type": "Feature", "geometry": {"type": "Point", "coordinates": [-7.0, 53.25]}, "properties": {"score": 0.3449315272973525}}, {"type": "Feature", "geometry": {"type": "Point", "coordinates": [-6.75, 53.25]}, "properties": {"score": 0.3459537260970896}}, {"type": "Feature", "geometry": {"type": "Point", "coordinates": [-6.5, 53.25]}, "properties": {"score": 0.3469773496194782}}, {"type": "Feature", "geometry": {"type": "Point", "coordinates": [-6.25, 53.25]}, "properties": {"score": 0.3480023903633607}}, {"type": "Feature", "geometry": {"type": "Point", "coordinates": [-6.0, 53.25]}, "properties": {"score": 0.3490288407777905}}, {"type": "Feature", "geometry": {"type": "Point", "coordinates": [-5.75, 53.25]}, "properties": {"score": 0.3500566932621886}}, {"type": "Feature", "geometry": {"type": "Point", "coordinates": [-5.5, 53.25]}, "properties": {"score": 0.3510859401665047}}, {"type": "Feature", "geometry": {"type": "Point", "coordinates": [-5.25, 53.25]}, "properties": {"score": 0.3521165737913813}}, {"type": "Feature", "geometry": {"type": "Point", "coordinates": [-5.0, 53.25]}, "properties": {"score": 0.3531485863883206}}, {"type": "Feature", "geometry": {"type": "Point", "coordinates": [-4.75, 53.25]}, "properties": {"score": 0.3541819701598571}}, {"type": "Feature", "geometry": {"type": "Point", "coordinates": [-4.5, 53.25]}, "properties": {"score": 0.3552167172597313}}, {"type": "Feature", "geometry": {"type": "Point", "coordinates": [-4.25, 53.25]}, "properties": {"score": 0.3562528197930676}}, {"type": "Feature", "geometry": {"type": "Point", "coordinates": [-4.0, 53.25]}, "properties": {"score": 0.3572902698165563}}, {"type": "Feature", "geometry": {"type": "Point", "coordinates": [-3.75, 53.25]}, "properties": {"score": 0.3583290593386388}}, {"type": "Feature", "geometry": {"type": "Point", "coordinates": [-3.5, 53.25]}, "properties": {"score": 0.3593691803196953}}, {"type": "Feature", "geometry": {"type": "Point", "coordinates": [-3.25, 53.25]}, "properties": {"score": 0.3604106246722379}}, {"type": "Feature", "geometry": {"type": "Point", "coordinates": [-3.0, 53.25]}, "properties": {"score": 0.3614533842611052}}, {"type": "Feature", "geometry": {"type": "Point", "coordinates": [-2.75, 53.25]}, "properties": {"score": 0.3624974509036615}}, {"type": "Feature", "geometry": {"type": "Point", "coordinates": [-2.5, 53.25]}, "properties": {"score": 0.3635428163699996}}, {"type": "Feature", "geometry": {"type": "Point", "coordinates": [-2.25, 53.25]}, "properties": {"score": 0.3645894723831459}}, {"type": "Feature", "geometry": {"type": "Point", "coordinates": [-2.0, 53.25]}, "properties": {"score": 0.3656374106192704}}, {"type": "Feature", "geometry": {"type": "Point", "coordinates": [-1.75, 53.25]}, "properties": {"score": 0.3666866227078991}}, {"type": "Feature", "geometry": {"type": "Point", "coordinates": [-1.5, 53.25]}, "properties": {"score": 0.3677371002321293}}, {"type": "Feature", "geometry": {"type": "Point", "coordinates": [-1.25, 53.25]}, "properties": {"score": 0.3687888347288515}}, {"type": "Feature", "geometry": {"type": "Point", "coordinates": [-1.0, 53.25]}, "properties": {"score": 0.3698418176889701}}, {"type": "Feature", "geometry": {"type": "Point", "coordinates": [-0.75, 53.25]}, "properties": {"score": 0.3708960405576312}}, {"type": "Feature", "geometry": {"type": "Point", "coordinates": [-0.5, 53.25]}, "properties": {"score": 0.371951494734452}}, {"type": "Feature", "geometry": {"type": "Point", "coordinates": [-0.25, 53.25]}, "properties": {"score": 0.3730081715737541}}, {"type": "Feature", "geometry": {"type": "Point", "coordinates": [0.0, 53.25]}, "properties": {"score": 0.3740660623848001}}, {"type": "Feature", "geometry": {"type": "Point", "coordinates": [0.25, 53.25]}, "properties": {"score": 0.375125158432034}}, {"type": "Feature", "geometry": {"type": "Point", "coordinates": [0.5, 53.25]}, "properties": {"score": 0.3761854509353239}}, {"type": "Feature", "geometry": {"type": "Point", "coordinates": [0.75, 53.25]}, "properties": {"score": 0.3772469310702098}}, {"type": "Feature", "geometry": {"type": "Point", "coordinates": [1.0, 53.25]}, "properties": {"score": 0.3783095899681529}}, {"type": "Feature", "geometry": {"type": "Point", "coordinates": [1.25, 53.25]}, "properties": {"score": 0.3793734187167893}}, {"type": "Feature", "geometry": {"type": "Point", "coordinates": [1.5, 53.25]}, "properties": {"score": 0.3804384083601873}}, {"type": "Feature", "geometry": {"type": "Point", "coordinates": [1.75, 53.25]}, "properties": {"score": 0.3815045498991066}}, {"type": "Feature", "geometry": {"type": "Point", "coordinates": [2.0, 53.25]}, "properties": {"score": 0.3825718342912634}}, {"type": "Feature", "geometry": {"type": "Point", "coordinates": [2.25, 53.25]}, "properties": {"score": 0.3836402524515945}}, {"type": "Feature", "geometry": {"type": "Point", "coordinates": [-8.0, 53.5]}, "properties": {"score": 0.3304112918775824}}, {"type": "Feature", "geometry": {"type": "Point", "coordinates": [-7.75, 53.5]}, "properties": {"score": 0.3314122301798236}}, {"type": "Feature", "geometry": {"type": "Point", "coordinates": [-7.5, 53.5]}, "properties": {"score": 0.3324146953648873}}, {"type": "Feature", "geometry": {"type": "Point", "coordinates": [-7.25, 53.5]}, "properties": {"score": 0.3334186806619864}}, {"type": "Feature", "geometry": {"type": "Point", "coordinates": [-7.0, 53.5]}, "properties": {"score": 0.3344241792486706}}, {"type": "Feature", "geometry": {"type": "Point", "coordinates": [-6.75, 53.5]}, "properties": {"score": 0.3354311842509335}}, {"type": "Feature", "geometry": {"type": "Point", "coordinates": [-6.5, 53.5]}, "properties": {"score": 0.3364396887433231}}, {"type": "Feature", "geometry": {"type": "Point", "coordinates": [-6.25, 53.5]}, "properties": {"score": 0.3374496857490568}}, {"type": "Feature", "geometry": {"type": "Point", "coordinates": [-6.0, 53.5]}, "properties": {"score": 0.3384611682401384}}, {"type": "Feature", "geometry": {"type": "Point", "coordinates": [-5.75, 53.5]}, "properties": {"score": 0.3394741291374795}}, {"type": "Feature", "geometry": {"type": "Point", "coordinates": [-5.5, 53.5]}, "properties": {"score": 0.3404885613110243}}, {"type": "Feature", "geometry": {"type": "Point", "coordinates": [-5.25, 53.5]}, "properties": {"score": 0.3415044575798779}}, {"type": "Feature", "geometry": {"type": "Point", "coordinates": [-5.0, 53.5]}, "properties": {"score": 0.3425218107124362}}, {"type": "Feature", "geometry": {"type": "Point", "coordinates": [-4.75, 53.5]}, "properties": {"score": 0.3435406134265238}}, {"type": "Feature", "geometry": {"type": "Point", "coordinates": [-4.5, 53.5]}, "properties": {"score": 0.34456085838953}}, {"type": "Feature", "geometry": {"type": "Point", "coordinates": [-4.25, 53.5]}, "properties": {"score": 0.3455825382185522}}, {"type": "Feature", "geometry": {"type": "Point", "coordinates": [-4.0, 53.5]}, "properties": {"score": 0.3466056454805408}}, {"type": "Feature", "geometry": {"type": "Point", "coordinates": [-3.75, 53.5]}, "properties": {"score": 0.3476301726924483}}, {"type": "Feature", "geometry": {"type": "Point", "coordinates": [-3.5, 53.5]}, "properties": {"score": 0.3486561123213815}}, {"type": "Feature", "geometry": {"type": "Point", "coordinates": [-3.25, 53.5]}, "properties": {"score": 0.3496834567847579}}, {"type": "Feature", "geometry": {"type": "Point", "coordinates": [-3.0, 53.5]}, "properties": {"score": 0.3507121984504648}}, {"type": "Feature", "geometry": {"type": "Point", "coordinates": [-2.75, 53.5]}, "properties": {"score": 0.3517423296370223}}, {"type": "Feature", "geometry": {"type": "Point", "coordinates": [-2.5, 53.5]}, "properties": {"score": 0.3527738426137493}}, {"type": "Feature", "geometry": {"type": "Point", "coordinates": [-2.25, 53.5]}, "properties": {"score": 0.3538067296009339}}, {"type": "Feature", "geometry": {"type": "Point", "coordinates": [-2.0, 53.5]}, "properties": {"score": 0.3548409827700068}}, {"type": "Feature", "geometry": {"type": "Point", "coordinates": [-1.75, 53.5]}, "properties": {"score": 0.3558765942437177}}, {"type": "Feature", "geometry": {"type": "Point", "coordinates": [-1.5, 53.5]}, "properties": {"score": 0.3569135560963151}}, {"type": "Feature", "geometry": {"type": "Point", "coordinates": [-1.25, 53.5]}, "properties": {"score": 0.3579518603537315}}, {"type": "Feature", "geometry": {"type": "Point", "coordinates": [-1.0, 53.5]}, "properties": {"score": 0.3589914989937699}}, {"type": "Feature", "geometry": {"type": "Point", "coordinates": [-0.75, 53.5]}, "properties": {"score": 0.3600324639462944}}, {"type": "Feature", "geometry": {"type": "Point", "coordinates": [-0.5, 53.5]}, "properties": {"score": 0.3610747470934246}}, {"type": "Feature", "geometry": {"type": "Point", "coordinates": [-0.25, 53.5]}, "properties": {"score": 0.3621183402697331}}, {"type": "Feature", "geometry": {"type": "Point", "coordinates": [0.0, 53.5]}, "properties": {"score": 0.3631632352624469}}, {"type": "Feature", "geometry": {"type": "Point", "coordinates": [0.25, 53.5]}, "properties": {"score": 0.364209423811652}}, {"type": "Feature", "geometry": {"type": "Point", "coordinates": [0.5, 53.5]}, "properties": {"score": 0.3652568976105012}}, {"type": "Feature", "geometry": {"type": "Point", "coordinates": [0.75, 53.5]}, "properties": {"score": 0.3663056483054255}}, {"type": "Feature", "geometry": {"type": "Point", "coordinates": [1.0, 53.5]}, "properties": {"score": 0.3673556674963495}}, {"type": "Feature", "geometry": {"type": "Point", "coordinates": [1.25, 53.5]}, "properties": {"score": 0.3684069467369096}}, {"type": "Feature", "geometry": {"type": "Point", "coordinates": [1.5, 53.5]}, "properties": {"score": 0.3694594775346753}}, {"type": "Feature", "geometry": {"type": "Point", "coordinates": [1.75, 53.5]}, "properties": {"score": 0.3705132513513751}}, {"type": "Feature", "geometry": {"type": "Point", "coordinates": [2.0, 53.5]}, "properties": {"score": 0.3715682596031251}}, {"type": "Feature", "geometry": {"type": "Point", "coordinates": [2.25, 53.5]}, "properties": {"score": 0.3726244936606597}}, {"type": "Feature", "geometry": {"type": "Point", "coordinates": [-8.0, 53.75]}, "properties": {"score": 0.3201301018992393}}, {"type": "Feature", "geometry": {"type": "Point", "coordinates": [-7.75, 53.75]}, "properties": {"score": 0.3211148311382034}}, {"type": "Feature", "geometry": {"type": "Point", "coordinates": [-7.5, 53.75]}, "properties": {"score": 0.3221011543603573}}, {"type": "Feature", "geometry": {"type": "Point", "coordinates": [-7.25, 53.75]}, "properties": {"score": 0.3230890653357919}}, {"type": "Feature", "geometry": {"type": "Point", "coordinates": [-7.0, 53.75]}, "properties": {"score": 0.3240785577820228}}, {"type": "Feature", "geometry": {"type": "Point", "coordinates": [-6.75, 53.75]}, "properties": {"score": 0.3250696253640628}}, {"type": "Feature", "geometry": {"type": "Point", "coordinates": [-6.5, 53.75]}, "properties": {"score": 0.3260622616944975}}, {"type": "Feature", "geometry": {"type": "Point", "coordinates": [-6.25, 53.75]}, "properties": {"score": 0.3270564603335636}}, {"type": "Feature", "geometry": {"type": "Point", "coordinates": [-6.0, 53.75]}, "properties": {"score": 0.3280522147892319}}, {"type": "Feature", "geometry": {"type": "Point", "coordinates": [-5.75, 53.75]}, "properties": {"score": 0.3290495185172921}}, {"type": "Feature", "geometry": {"type": "Point", "coordinates": [-5.5, 53.75]}, "properties": {"score": 0.3300483649214424}}, {"type": "Feature", "geometry": {"type": "Point", "coordinates": [-5.25, 53.75]}, "properties": {"score": 0.3310487473533819}}, {"type": "Feature", "geometry": {"type": "Point", "coordinates": [-5.0, 53.75]}, "properties": {"score": 0.332050659112905}}, {"type": "Feature", "geometry": {"type": "Point", "coordinates": [-4.75, 53.75]}, "properties": {"score": 0.3330540934480033}}, {"type": "Feature", "geometry": {"type": "Point", "coordinates": [-4.5, 53.75]}, "properties": {"score": 0.334059043554966}}, {"type": "Feature", "geometry": {"type": "Point", "coordinates": [-4.25, 53.75]}, "properties": {"score": 0.3350655025784873}}, {"type": "Feature", "geometry": {"type": "Point", "coordinates": [-4.0, 53.75]}, "properties": {"score": 0.336073463611775}}, {"type": "Feature", "geometry": {"type": "Point", "coordinates": [-3.75, 53.75]}, "properties": {"score": 0.3370829196966646}}, {"type": "Feature", "geometry": {"type": "Point", "coordinates": [-3.5, 53.75]}, "properties": {"score": 0.3380938638237344}}, {"type": "Feature", "geometry": {"type": "Point", "coordinates": [-3.25, 53.75]}, "properties": {"score": 0.3391062889324269}}, {"type": "Feature", "geometry": {"type": "Point", "coordinates": [-3.0, 53.75]}, "properties": {"score": 0.3401201879111707}}, {"type": "Feature", "geometry": {"type": "Point", "coordinates": [-2.75, 53.75]}, "properties": {"score": 0.3411355535975088}}, {"type": "Feature", "geometry": {"type": "Point", "coordinates": [-2.5, 53.75]}, "properties": {"score": 0.3421523787782276}}, {"type": "Feature", "geometry": {"type": "Point", "coordinates": [-2.25, 53.75]}, "properties": {"score": 0.3431706561894913}}, {"type": "Feature", "geometry": {"type": "Point", "coordinates": [-2.0, 53.75]}, "properties": {"score": 0.3441903785169793}}, {"type": "Feature", "geometry": {"type": "Point", "coordinates": [-1.75, 53.75]}, "properties": {"score": 0.3452115383960271}}, {"type": "Feature", "geometry": {"type": "Point", "coordinates": [-1.5, 53.75]}, "properties": {"score": 0.3462341284117686}}, {"type": "Feature", "geometry": {"type": "Point", "coordinates": [-1.25, 53.75]}, "properties": {"score": 0.347258141099287}}, {"type": "Feature", "geometry": {"type": "Point", "coordinates": [-1.0, 53.75]}, "properties": {"score": 0.3482835689437634}}, {"type": "Feature", "geometry": {"type": "Point", "coordinates": [-0.75, 53.75]}, "properties": {"score": 0.3493104043806326}}, {"type": "Feature", "geometry": {"type": "Point", "coordinates": [-0.5, 53.75]}, "properties": {"score": 0.350338639795741}}, {"type": "Feature", "geometry": {"type": "Point", "coordinates": [-0.25, 53.75]}, "properties": {"score": 0.3513682675255081}}, {"type": "Feature", "geometry": {"type": "Point", "coordinates": [0.0, 53.75]}, "properties": {"score": 0.3523992798570919}}, {"type": "Feature", "geometry": {"type": "Point", "coordinates": [0.25, 53.75]}, "properties": {"score": 0.353431669028557}}, {"type": "Feature", "geometry": {"type": "Point", "coordinates": [0.5, 53.75]}, "properties": {"score": 0.3544654272290474}}, {"type": "Feature", "geometry": {"type": "Point", "coordinates": [0.75, 53.75]}, "properties": {"score": 0.3555005465989614}}, {"type": "Feature", "geometry": {"type": "Point", "coordinates": [1.0, 53.75]}, "properties": {"score": 0.3565370192301311}}, {"type": "Feature", "geometry": {"type": "Point", "coordinates": [1.25, 53.75]}, "properties": {"score": 0.3575748371660045}}, {"type": "Feature", "geometry": {"type": "Point", "coordinates": [1.5, 53.75]}, "properties": {"score": 0.358613992401832}}, {"type": "Feature", "geometry": {"type": "Point", "coordinates": [1.75, 53.75]}, "properties": {"score": 0.3596544768848555}}, {"type": "Feature", "geometry": {"type": "Point", "coordinates": [2.0, 53.75]}, "properties": {"score": 0.360696282514502}}, {"type": "Feature", "geometry": {"type": "Point", "coordinates": [2.25, 53.75]}, "properties": {"score": 0.3617394011425782}}, {"type": "Feature", "geometry": {"type": "Point", "coordinates": [-8.0, 54.0]}, "properties": {"score": 0.3100207046602701}}, {"type": "Feature", "geometry": {"type": "Point", "coordinates": [-7.75, 54.0]}, "properties": {"score": 0.3109885615151725}}, {"type": "Feature", "geometry": {"type": "Point", "coordinates": [-7.5, 54.0]}, "properties": {"score": 0.3119580738033632}}, {"type": "Feature", "geometry": {"type": "Point", "coordinates": [-7.25, 54.0]}, "properties": {"score": 0.3129292358432001}}, {"type": "Feature", "geometry": {"type": "Point", "coordinates": [-7.0, 54.0]}, "properties": {"score": 0.3139020418999146}}, {"type": "Feature", "geometry": {"type": "Point", "coordinates": [-6.75, 54.0]}, "properties": {"score": 0.3148764861856502}}, {"type": "Feature", "geometry": {"type": "Point", "coordinates": [-6.5, 54.0]}, "properties": {"score": 0.3158525628595029}}, {"type": "Feature", "geometry": {"type": "Point", "coordinates": [-6.25, 54.0]}, "properties": {"score": 0.316830266027566}}, {"type": "Feature", "geometry": {"type": "Point", "coordinates": [-6.0, 54.0]}, "properties": {"score": 0.3178095897429772}}, {"type": "Feature", "geometry": {"type": "Point", "coordinates": [-5.75, 54.0]}, "properties": {"score": 0.3187905280059698}}, {"type": "Feature", "geometry": {"type": "Point", "coordinates": [-5.5, 54.0]}, "properties": {"score": 0.3197730747639269}}, {"type": "Feature", "geometry": {"type": "Point", "coordinates": [-5.25, 54.0]}, "properties": {"score": 0.3207572239114392}}, {"type": "Feature", "geometry": {"type": "Point", "coordinates": [-5.0, 54.0]}, "properties": {"score": 0.3217429692903645}}, {"type": "Feature", "geometry": {"type": "Point", "coordinates": [-4.75, 54.0]}, "properties": {"score": 0.3227303046898936}}, {"type": "Feature", "geometry": {"type": "Point", "coordinates": [-4.5, 54.0]}, "properties": {"score": 0.3237192238466171}}, {"type": "Feature", "geometry": {"type": "Point", "coordinates": [-4.25, 54.0]}, "properties": {"score": 0.3247097204445959}}, {"type": "Feature", "geometry": {"type": "Point", "coordinates": [-4.0, 54.0]}, "properties": {"score": 0.3257017881154359}}, {"type": "Feature", "geometry": {"type": "Point", "coordinates": [-3.75, 54.0]}, "properties": {"score": 0.3266954204383654}}, {"type": "Feature", "geometry": {"type": "Point", "coordinates": [-3.5, 54.0]}, "properties": {"score": 0.3276906109403162}}, {"type": "Feature", "geometry": {"type": "Point", "coordinates": [-3.25, 54.0]}, "properties": {"score": 0.3286873530960077}}, {"type": "Feature", "geometry": {"type": "Point", "coordinates": [-3.0, 54.0]}, "properties": {"score": 0.3296856403280351}}, {"type": "Feature", "geometry": {"type": "Point", "coordinates": [-2.75, 54.0]}, "properties": {"score": 0.3306854660069603}}, {"type": "Feature", "geometry": {"type": "Point", "coordinates": [-2.5, 54.0]}, "properties": {"score": 0.3316868234514062}}, {"type": "Feature", "geometry": {"type": "Point", "coordinates": [-2.25, 54.0]}, "properties": {"score": 0.3326897059281554}}, {"type": "Feature", "geometry": {"type": "Point", "coordinates": [-2.0, 54.0]}, "properties": {"score": 0.3336941066522511}}, {"type": "Feature", "geometry": {"type": "Point", "coordinates": [-1.75, 54.0]}, "properties": {"score": 0.3347000187871027}}, {"type": "Feature", "geometry": {"type": "Point", "coordinates": [-1.5, 54.0]}, "properties": {"score": 0.335707435444592}}, {"type": "Feature", "geometry": {"type": "Point", "coordinates": [-1.25, 54.0]}, "properties": {"score": 0.3367163496851879}}, {"type": "Feature", "geometry": {"type": "Point", "coordinates": [-1.0, 54.0]}, "properties": {"score": 0.3377267545180597}}, {"type": "Feature", "geometry": {"type": "Point", "coordinates": [-0.75, 54.0]}, "properties": {"score": 0.3387386429011963}}, {"type": "Feature", "geometry": {"type": "Point", "coordinates": [-0.5, 54.0]}, "properties": {"score": 0.3397520077415283}}, {"type": "Feature", "geometry": {"type": "Point", "coordinates": [-0.25, 54.0]}, "properties": {"score": 0.3407668418950533}}, {"type": "Feature", "geometry": {"type": "Point", "coordinates": [0.0, 54.0]}, "properties": {"score": 0.3417831381669653}}, {"type": "Feature", "geometry": {"type": "Point", "coordinates": [0.25, 54.0]}, "properties": {"score": 0.3428008893117871}}, {"type": "Feature", "geometry": {"type": "Point", "coordinates": [0.5, 54.0]}, "properties": {"score": 0.3438200880335061}}, {"type": "Feature", "geometry": {"type": "Point", "coordinates": [0.75, 54.0]}, "properties": {"score": 0.3448407269857141}}, {"type": "Feature", "geometry": {"type": "Point", "coordinates": [1.0, 54.0]}, "properties": {"score": 0.3458627987717502}}, {"type": "Feature", "geometry": {"type": "Point", "coordinates": [1.25, 54.0]}, "properties": {"score": 0.3468862959448466}}, {"type": "Feature", "geometry": {"type": "Point", "coordinates": [1.5, 54.0]}, "properties": {"score": 0.3479112110082797}}, {"type": "Feature", "geometry": {"type": "Point", "coordinates": [1.75, 54.0]}, "properties": {"score": 0.3489375364155221}}, {"type": "Feature", "geometry": {"type": "Point", "coordinates": [2.0, 54.0]}, "properties": {"score": 0.3499652645704011}}, {"type": "Feature", "geometry": {"type": "Point", "coordinates": [2.25, 54.0]}, "properties": {"score": 0.3509943878272568}}, {"type": "Feature", "geometry": {"type": "Point", "coordinates": [-8.0, 54.25]}, "properties": {"score": 0.3000896399565901}}, {"type": "Feature", "geometry": {"type": "Point", "coordinates": [-7.75, 54.25]}, "properties": {"score": 0.3010400200087432}}, {"type": "Feature", "geometry": {"type": "Point", "coordinates": [-7.5, 54.25]}, "properties": {"score": 0.3019921112383783}}, {"type": "Feature", "geometry": {"type": "Point", "coordinates": [-7.25, 54.25]}, "properties": {"score": 0.3029459085158432}}, {"type": "Feature", "geometry": {"type": "Point", "coordinates": [-7.0, 54.25]}, "properties": {"score": 0.3039014066581562}}, {"type": "Feature", "geometry": {"type": "Point", "coordinates": [-6.75, 54.25]}, "properties": {"score": 0.3048586004290112}}, {"type": "Feature", "geometry": {"type": "Point", "coordinates": [-6.5, 54.25]}, "properties": {"score": 0.3058174845387859}}, {"type": "Feature", "geometry": {"type": "Point", "coordinates": [-6.25, 54.25]}, "properties": {"score": 0.3067780536445524}}, {"type": "Feature", "geometry": {"type": "Point", "coordinates": [-6.0, 54.25]}, "properties": {"score": 0.3077403023500914}}, {"type": "Feature", "geometry": {"type": "Point", "coordinates": [-5.75, 54.25]}, "properties": {"score": 0.3087042252059102}}, {"type": "Feature", "geometry": {"type": "Point", "coordinates": [-5.5, 54.25]}, "properties": {"score": 0.3096698167092627}}, {"type": "Feature", "geometry": {"type": "Point", "coordinates": [-5.25, 54.25]}, "properties": {"score": 0.3106370713041736}}, {"type": "Feature", "geometry": {"type": "Point", "coordinates": [-5.0, 54.25]}, "properties": {"score": 0.311605983381464}}, {"type": "Feature", "geometry": {"type": "Point", "coordinates": [-4.75, 54.25]}, "properties": {"score": 0.3125765472787837}}, {"type": "Feature", "geometry": {"type": "Point", "coordinates": [-4.5, 54.25]}, "properties": {"score": 0.3135487572806431}}, {"type": "Feature", "geometry": {"type": "Point", "coordinates": [-4.25, 54.25]}, "properties": {"score": 0.3145226076184502}}, {"type": "Feature", "geometry": {"type": "Point", "coordinates": [-4.0, 54.25]}, "properties": {"score": 0.3154980924705506}}, {"type": "Feature", "geometry": {"type": "Point", "coordinates": [-3.75, 54.25]}, "properties": {"score": 0.3164752059622701}}, {"type": "Feature", "geometry": {"type": "Point", "coordinates": [-3.5, 54.25]}, "properties": {"score": 0.3174539421659618}}, {"type": "Feature", "geometry": {"type": "Point", "coordinates": [-3.25, 54.25]}, "properties": {"score": 0.3184342951010555}}, {"type": "Feature", "geometry": {"type": "Point", "coordinates": [-3.0, 54.25]}, "properties": {"score": 0.3194162587341106}}, {"type": "Feature", "geometry": {"type": "Point", "coordinates": [-2.75, 54.25]}, "properties": {"score": 0.3203998269788726}}, {"type": "Feature", "geometry": {"type": "Point", "coordinates": [-2.5, 54.25]}, "properties": {"score": 0.3213849936963324}}, {"type": "Feature", "geometry": {"type": "Point", "coordinates": [-2.25, 54.25]}, "properties": {"score": 0.3223717526947896}}, {"type": "Feature", "geometry": {"type": "Point", "coordinates": [-2.0, 54.25]}, "properties": {"score": 0.3233600977299187}}, {"type": "Feature", "geometry": {"type": "Point", "coordinates": [-1.75, 54.25]}, "properties": {"score": 0.3243500225048392}}, {"type": "Feature", "geometry": {"type": "Point", "coordinates": [-1.5, 54.25]}, "properties": {"score": 0.3253415206701865}}, {"type": "Feature", "geometry": {"type": "Point", "coordinates": [-1.25, 54.25]}, "properties": {"score": 0.3263345858241915}}, {"type": "Feature", "geometry": {"type": "Point", "coordinates": [-1.0, 54.25]}, "properties": {"score": 0.3273292115127583}}, {"type": "Feature", "geometry": {"type": "Point", "coordinates": [-0.75, 54.25]}, "properties": {"score": 0.3283253912295475}}, {"type": "Feature", "geometry": {"type": "Point", "coordinates": [-0.5, 54.25]}, "properties": {"score": 0.3293231184160634}}, {"type": "Feature", "geometry": {"type": "Point", "coordinates": [-0.25, 54.25]}, "properties": {"score": 0.3303223864617431}}, {"type": "Feature", "geometry": {"type": "Point", "coordinates": [0.0, 54.25]}, "properties": {"score": 0.3313231887040508}}, {"type": "Feature", "geometry": {"type": "Point", "coordinates": [0.25, 54.25]}, "properties": {"score": 0.3323255184285736}}, {"type": "Feature", "geometry": {"type": "Point", "coordinates": [0.5, 54.25]}, "properties": {"score": 0.3333293688691223}}, {"type": "Feature", "geometry": {"type": "Point", "coordinates": [0.75, 54.25]}, "properties": {"score": 0.3343347332078351}}, {"type": "Feature", "geometry": {"type": "Point", "coordinates": [1.0, 54.25]}, "properties": {"score": 0.335341604575284}}, {"type": "Feature", "geometry": {"type": "Point", "coordinates": [1.25, 54.25]}, "properties": {"score": 0.3363499760505862}}, {"type": "Feature", "geometry": {"type": "Point", "coordinates": [1.5, 54.25]}, "properties": {"score": 0.3373598406615171}}, {"type": "Feature", "geometry": {"type": "Point", "coordinates": [1.75, 54.25]}, "properties": {"score": 0.3383711913846284}}, {"type": "Feature", "geometry": {"type": "Point", "coordinates": [2.0, 54.25]}, "properties": {"score": 0.3393840211453691}}, {"type": "Feature", "geometry": {"type": "Point", "coordinates": [2.25, 54.25]}, "properties": {"score": 0.3403983228182082}}, {"type": "Feature", "geometry": {"type": "Point", "coordinates": [-8.0, 54.5]}, "properties": {"score": 0.2903428347871239}}, {"type": "Feature", "geometry": {"type": "Point", "coordinates": [-7.75, 54.5]}, "properties": {"score": 0.2912751928838175}}, {"type": "Feature", "geometry": {"type": "Point", "coordinates": [-7.5, 54.5]}, "properties": {"score": 0.2922093121778483}}, {"type": "Feature", "geometry": {"type": "Point", "coordinates": [-7.25, 54.5]}, "properties": {"score": 0.2931451880917554}}, {"type": "Feature", "geometry": {"type": "Point", "coordinates": [-7.0, 54.5]}, "properties": {"score": 0.2940828159948782}}, {"type": "Feature", "geometry": {"type": "Point", "coordinates": [-6.75, 54.5]}, "properties": {"score": 0.2950221912033293}}, {"type": "Feature", "geometry": {"type": "Point", "coordinates": [-6.5, 54.5]}, "properties": {"score": 0.2959633089799718}}, {"type": "Feature", "geometry": {"type": "Point", "coordinates": [-6.25, 54.5]}, "properties": {"score": 0.2969061645343978}}, {"type": "Feature", "geometry": {"type": "Point", "coordinates": [-6.0, 54.5]}, "properties": {"score": 0.2978507530229116}}, {"type": "Feature", "geometry": {"type": "Point", "coordinates": [-5.75, 54.5]}, "properties": {"score": 0.2987970695485148}}, {"type": "Feature", "geometry": {"type": "Point", "coordinates": [-5.5, 54.5]}, "properties": {"score": 0.2997451091608944}}, {"type": "Feature", "geometry": {"type": "Point", "coordinates": [-5.25, 54.5]}, "properties": {"score": 0.3006948668564151}}, {"type": "Feature", "geometry": {"type": "Point", "coordinates": [-5.0, 54.5]}, "properties": {"score": 0.301646337578112}}, {"type": "Feature", "geometry": {"type": "Point", "coordinates": [-4.75, 54.5]}, "properties": {"score": 0.3025995162156903}}, {"type": "Feature", "geometry": {"type": "Point", "coordinates": [-4.5, 54.5]}, "properties": {"score": 0.3035543976055249}}, {"type": "Feature", "geometry": {"type": "Point", "coordinates": [-4.25, 54.5]}, "properties": {"score": 0.3045109765306638}}, {"type": "Feature", "geometry": {"type": "Point", "coordinates": [-4.0, 54.5]}, "properties": {"score": 0.3054692477208355}}, {"type": "Feature", "geometry": {"type": "Point", "coordinates": [-3.75, 54.5]}, "properties": {"score": 0.3064292058524585}}, {"type": "Feature", "geometry": {"type": "Point", "coordinates": [-3.5, 54.5]}, "properties": {"score": 0.3073908455486549}}, {"type": "Feature", "geometry": {"type": "Point", "coordinates": [-3.25, 54.5]}, "properties": {"score": 0.3083541613792661}}, {"type": "Feature", "geometry": {"type": "Point", "coordinates": [-3.0, 54.5]}, "properties": {"score": 0.3093191478608725}}, {"type": "Feature", "geometry": {"type": "Point", "coordinates": [-2.75, 54.5]}, "properties": {"score": 0.310285799456816}}, {"type": "Feature", "geometry": {"type": "Point", "coordinates": [-2.5, 54.5]}, "properties": {"score": 0.3112541105772258}}, {"type": "Feature", "geometry": {"type": "Point", "coordinates": [-2.25, 54.5]}, "properties": {"score": 0.3122240755790474}}, {"type": "Feature", "geometry": {"type": "Point", "coordinates": [-2.0, 54.5]}, "properties": {"score": 0.3131956887660747}}, {"type": "Feature", "geometry": {"type": "Point", "coordinates": [-1.75, 54.5]}, "properties": {"score": 0.314168944388986}}, {"type": "Feature", "geometry": {"type": "Point", "coordinates": [-1.5, 54.5]}, "properties": {"score": 0.3151438366453812}}, {"type": "Feature", "geometry": {"type": "Point", "coordinates": [-1.25, 54.5]}, "properties": {"score": 0.3161203596798255}}, {"type": "Feature", "geometry": {"type": "Point", "coordinates": [-1.0, 54.5]}, "properties": {"score": 0.3170985075838939}}, {"type": "Feature", "geometry": {"type": "Point", "coordinates": [-0.75, 54.5]}, "properties": {"score": 0.3180782743962194}}, {"type": "Feature", "geometry": {"type": "Point", "coordinates": [-0.5, 54.5]}, "properties": {"score": 0.3190596541025453}}, {"type": "Feature", "geometry": {"type": "Point", "coordinates": [-0.25, 54.5]}, "properties": {"score": 0.3200426406357799}}, {"type": "Feature", "geometry": {"type": "Point", "coordinates": [0.0, 54.5]}, "properties": {"score": 0.3210272278760551}}, {"type": "Feature", "geometry": {"type": "Point", "coordinates": [0.25, 54.5]}, "properties": {"score": 0.3220134096507881}}, {"type": "Feature", "geometry": {"type": "Point", "coordinates": [0.5, 54.5]}, "properties": {"score": 0.3230011797347468}}, {"type": "Feature", "geometry": {"type": "Point", "coordinates": [0.75, 54.5]}, "properties": {"score": 0.3239905318501176}}, {"type": "Feature", "geometry": {"type": "Point", "coordinates": [1.0, 54.5]}, "properties": {"score": 0.3249814596665776}}, {"type": "Feature", "geometry": {"type": "Point", "coordinates": [1.25, 54.5]}, "properties": {"score": 0.3259739568013699}}, {"type": "Feature", "geometry": {"type": "Point", "coordinates": [1.5, 54.5]}, "properties": {"score": 0.3269680168193815}}, {"type": "Feature", "geometry": {"type": "Point", "coordinates": [1.75, 54.5]}, "properties": {"score": 0.3279636332332261}}, {"type": "Feature", "geometry": {"type": "Point", "coordinates": [2.0, 54.5]}, "properties": {"score": 0.3289607995033287}}, {"type": "Feature", "geometry": {"type": "Point", "coordinates": [2.25, 54.5]}, "properties": {"score": 0.329959509038014}}, {"type": "Feature", "geometry": {"type": "Point", "coordinates": [-8.0, 54.75]}, "properties": {"score": 0.2807856017353157}}, {"type": "Feature", "geometry": {"type": "Point", "coordinates": [-7.75, 54.75]}, "properties": {"score": 0.2816994519775209}}, {"type": "Feature", "geometry": {"type": "Point", "coordinates": [-7.5, 54.75]}, "properties": {"score": 0.2826151077296548}}, {"type": "Feature", "geometry": {"type": "Point", "coordinates": [-7.25, 54.75]}, "properties": {"score": 0.2835325649633055}}, {"type": "Feature", "geometry": {"type": "Point", "coordinates": [-7.0, 54.75]}, "properties": {"score": 0.2844518195973046}}, {"type": "Feature", "geometry": {"type": "Point", "coordinates": [-6.75, 54.75]}, "properties": {"score": 0.2853728674976714}}, {"type": "Feature", "geometry": {"type": "Point", "coordinates": [-6.5, 54.75]}, "properties": {"score": 0.2862957044775599}}, {"type": "Feature", "geometry": {"type": "Point", "coordinates": [-6.25, 54.75]}, "properties": {"score": 0.2872203262972081}}, {"type": "Feature", "geometry": {"type": "Point", "coordinates": [-6.0, 54.75]}, "properties": {"score": 0.2881467286638905}}, {"type": "Feature", "geometry": {"type": "Point", "coordinates": [-5.75, 54.75]}, "properties": {"score": 0.2890749072318733}}, {"type": "Feature", "geometry": {"type": "Point", "coordinates": [-5.5, 54.75]}, "properties": {"score": 0.2900048576023724}}, {"type": "Feature", "geometry": {"type": "Point", "coordinates": [-5.25, 54.75]}, "properties": {"score": 0.2909365753235146}}, {"type": "Feature", "geometry": {"type": "Point", "coordinates": [-5.0, 54.75]}, "properties": {"score": 0.2918700558903001}}, {"type": "Feature", "geometry": {"type": "Point", "coordinates": [-4.75, 54.75]}, "properties": {"score": 0.2928052947445707}}, {"type": "Feature", "geometry": {"type": "Point", "coordinates": [-4.5, 54.75]}, "properties": {"score": 0.2937422872749786}}, {"type": "Feature", "geometry": {"type": "Point", "coordinates": [-4.25, 54.75]}, "properties": {"score": 0.2946810288169589}}, {"type": "Feature", "geometry": {"type": "Point", "coordinates": [-4.0, 54.75]}, "properties": {"score": 0.2956215146527048}}, {"type": "Feature", "geometry": {"type": "Point", "coordinates": [-3.75, 54.75]}, "properties": {"score": 0.2965637400111464}}, {"type": "Feature", "geometry": {"type": "Point", "coordinates": [-3.5, 54.75]}, "properties": {"score": 0.2975077000679312}}, {"type": "Feature", "geometry": {"type": "Point", "coordinates": [-3.25, 54.75]}, "properties": {"score": 0.2984533899454095}}, {"type": "Feature", "geometry": {"type": "Point", "coordinates": [-3.0, 54.75]}, "properties": {"score": 0.2994008047126207}}, {"type": "Feature", "geometry": {"type": "Point", "coordinates": [-2.75, 54.75]}, "properties": {"score": 0.3003499393852842}}, {"type": "Feature", "geometry": {"type": "Point", "coordinates": [-2.5, 54.75]}, "properties": {"score": 0.3013007889257929}}, {"type": "Feature", "geometry": {"type": "Point", "coordinates": [-2.25, 54.75]}, "properties": {"score": 0.3022533482432087}}, {"type": "Feature", "geometry": {"type": "Point", "coordinates": [-2.0, 54.75]}, "properties": {"score": 0.3032076121932635}}, {"type": "Feature", "geometry": {"type": "Point", "coordinates": [-1.75, 54.75]}, "properties": {"score": 0.3041635755783605}}, {"type": "Feature", "geometry": {"type": "Point", "coordinates": [-1.5, 54.75]}, "properties": {"score": 0.3051212331475798}}, {"type": "Feature", "geometry": {"type": "Point", "coordinates": [-1.25, 54.75]}, "properties": {"score": 0.3060805795966886}}, {"type": "Feature", "geometry": {"type": "Point", "coordinates": [-1.0, 54.75]}, "properties": {"score": 0.3070416095681522}}, {"type": "Feature", "geometry": {"type": "Point", "coordinates": [-0.75, 54.75]}, "properties": {"score": 0.3080043176511486}}, {"type": "Feature", "geometry": {"type": "Point", "coordinates": [-0.5, 54.75]}, "properties": {"score": 0.3089686983815879}}, {"type": "Feature", "geometry": {"type": "Point", "coordinates": [-0.25, 54.75]}, "properties": {"score": 0.3099347462421329}}, {"type": "Feature", "geometry": {"type": "Point", "coordinates": [0.0, 54.75]}, "properties": {"score": 0.310902455662224}}, {"type": "Feature", "geometry": {"type": "Point", "coordinates": [0.25, 54.75]}, "properties": {"score": 0.3118718210181069}}, {"type": "Feature", "geometry": {"type": "Point", "coordinates": [0.5, 54.75]}, "properties": {"score": 0.3128428366328639}}, {"type": "Feature", "geometry": {"type": "Point", "coordinates": [0.75, 54.75]}, "properties": {"score": 0.3138154967764477}}, {"type": "Feature", "geometry": {"type": "Point", "coordinates": [1.0, 54.75]}, "properties": {"score": 0.3147897956657197}}, {"type": "Feature", "geometry": {"type": "Point", "coordinates": [1.25, 54.75]}, "properties": {"score": 0.3157657274644896}}, {"type": "Feature", "geometry": {"type": "Point", "coordinates": [1.5, 54.75]}, "properties": {"score": 0.3167432862835607}}, {"type": "Feature", "geometry": {"type": "Point", "coordinates": [1.75, 54.75]}, "properties": {"score": 0.317722466180776}}, {"type": "Feature", "geometry": {"type": "Point", "coordinates": [2.0, 54.75]}, "properties": {"score": 0.3187032611610704}}, {"type": "Feature", "geometry": {"type": "Point", "coordinates": [2.25, 54.75]}, "properties": {"score": 0.3196856651765219}}, {"type": "Feature", "geometry": {"type": "Point", "coordinates": [-8.0, 55.0]}, "properties": {"score": 0.2714226411419695}}, {"type": "Feature", "geometry": {"type": "Point", "coordinates": [-7.75, 55.0]}, "properties": {"score": 0.2723175565151627}}, {"type": "Feature", "geometry": {"type": "Point", "coordinates": [-7.5, 55.0]}, "properties": {"score": 0.273214316054201}}, {"type": "Feature", "geometry": {"type": "Point", "coordinates": [-7.25, 55.0]}, "properties": {"score": 0.2741129162734393}}, {"type": "Feature", "geometry": {"type": "Point", "coordinates": [-7.0, 55.0]}, "properties": {"score": 0.2750133536352128}}, {"type": "Feature", "geometry": {"type": "Point", "coordinates": [-6.75, 55.0]}, "properties": {"score": 0.2759156245497542}}, {"type": "Feature", "geometry": {"type": "Point", "coordinates": [-6.5, 55.0]}, "properties": {"score": 0.2768197253751128}}, {"type": "Feature", "geometry": {"type": "Point", "coordinates": [-6.25, 55.0]}, "properties": {"score": 0.2777256524170761}}, {"type": "Feature", "geometry": {"type": "Point", "coordinates": [-6.0, 55.0]}, "properties": {"score": 0.2786334019290946}}, {"type": "Feature", "geometry": {"type": "Point", "coordinates": [-5.75, 55.0]}, "properties": {"score": 0.2795429701122086}}, {"type": "Feature", "geometry": {"type": "Point", "coordinates": [-5.5, 55.0]}, "properties": {"score": 0.2804543531149778}}, {"type": "Feature", "geometry": {"type": "Point", "coordinates": [-5.25, 55.0]}, "properties": {"score": 0.2813675470334139}}, {"type": "Feature", "geometry": {"type": "Point", "coordinates": [-5.0, 55.0]}, "properties": {"score": 0.2822825479109141}}, {"type": "Feature", "geometry": {"type": "Point", "coordinates": [-4.75, 55.0]}, "properties": {"score": 0.2831993517382015}}, {"type": "Feature", "geometry": {"type": "Point", "coordinates": [-4.5, 55.0]}, "properties": {"score": 0.2841179544532627}}, {"type": "Feature", "geometry": {"type": "Point", "coordinates": [-4.25, 55.0]}, "properties": {"score": 0.2850383519412928}}, {"type": "Feature", "geometry": {"type": "Point", "coordinates": [-4.0, 55.0]}, "properties": {"score": 0.2859605400346396}}, {"type": "Feature", "geometry": {"type": "Point", "coordinates": [-3.75, 55.0]}, "properties": {"score": 0.2868845145127538}}, {"type": "Feature", "geometry": {"type": "Point", "coordinates": [-3.5, 55.0]}, "properties": {"score": 0.2878102711021388}}, {"type": "Feature", "geometry": {"type": "Point", "coordinates": [-3.25, 55.0]}, "properties": {"score": 0.2887378054763063}}, {"type": "Feature", "geometry": {"type": "Point", "coordinates": [-3.0, 55.0]}, "properties": {"score": 0.2896671132557321}}, {"type": "Feature", "geometry": {"type": "Point", "coordinates": [-2.75, 55.0]}, "properties": {"score": 0.2905981900078166}}, {"type": "Feature", "geometry": {"type": "Point", "coordinates": [-2.5, 55.0]}, "properties": {"score": 0.2915310312468475}}, {"type": "Feature", "geometry": {"type": "Point", "coordinates": [-2.25, 55.0]}, "properties": {"score": 0.292465632433965}}, {"type": "Feature", "geometry": {"type": "Point", "coordinates": [-2.0, 55.0]}, "properties": {"score": 0.2934019889771306}}, {"type": "Feature", "geometry": {"type": "Point", "coordinates": [-1.75, 55.0]}, "properties": {"score": 0.2943400962310985}}, {"type": "Feature", "geometry": {"type": "Point", "coordinates": [-1.5, 55.0]}, "properties": {"score": 0.295279949497389}}, {"type": "Feature", "geometry": {"type": "Point", "coordinates": [-1.25, 55.0]}, "properties": {"score": 0.2962215440242673}}, {"type": "Feature", "geometry": {"type": "Point", "coordinates": [-1.0, 55.0]}, "properties": {"score": 0.2971648750067229}}, {"type": "Feature", "geometry": {"type": "Point", "coordinates": [-0.75, 55.0]}, "properties": {"score": 0.2981099375864526}}, {"type": "Feature", "geometry": {"type": "Point", "coordinates": [-0.5, 55.0]}, "properties": {"score": 0.2990567268518471}}, {"type": "Feature", "geometry": {"type": "Point", "coordinates": [-0.25, 55.0]}, "properties": {"score": 0.30000523783798}}, {"type": "Feature", "geometry": {"type": "Point", "coordinates": [0.0, 55.0]}, "properties": {"score": 0.3009554655266005}}, {"type": "Feature", "geometry": {"type": "Point", "coordinates": [0.25, 55.0]}, "properties": {"score": 0.3019074048461281}}, {"type": "Feature", "geometry": {"type": "Point", "coordinates": [0.5, 55.0]}, "properties": {"score": 0.3028610506716513}}, {"type": "Feature", "geometry": {"type": "Point", "coordinates": [0.75, 55.0]}, "properties": {"score": 0.3038163978249293}}, {"type": "Feature", "geometry": {"type": "Point", "coordinates": [1.0, 55.0]}, "properties": {"score": 0.304773441074396}}, {"type": "Feature", "geometry": {"type": "Point", "coordinates": [1.25, 55.0]}, "properties": {"score": 0.3057321751351682}}, {"type": "Feature", "geometry": {"type": "Point", "coordinates": [1.5, 55.0]}, "properties": {"score": 0.3066925946690561}}, {"type": "Feature", "geometry": {"type": "Point", "coordinates": [1.75, 55.0]}, "properties": {"score": 0.3076546942845772}}, {"type": "Feature", "geometry": {"type": "Point", "coordinates": [2.0, 55.0]}, "properties": {"score": 0.3086184685369743}}, {"type": "Feature", "geometry": {"type": "Point", "coordinates": [2.25, 55.0]}, "properties": {"score": 0.3095839119282335}}, {"type": "Feature", "geometry": {"type": "Point", "coordinates": [-8.0, 55.25]}, "properties": {"score": 0.2622580468528369}}, {"type": "Feature", "geometry": {"type": "Point", "coordinates": [-7.75, 55.25]}, "properties": {"score": 0.2631336585230869}}, {"type": "Feature", "geometry": {"type": "Point", "coordinates": [-7.5, 55.25]}, "properties": {"score": 0.2640111474402798}}, {"type": "Feature", "geometry": {"type": "Point", "coordinates": [-7.25, 55.25]}, "properties": {"score": 0.2648905106523415}}, {"type": "Feature", "geometry": {"type": "Point", "coordinates": [-7.0, 55.25]}, "properties": {"score": 0.2657717451561861}}, {"type": "Feature", "geometry": {"type": "Point", "coordinates": [-6.75, 55.25]}, "properties": {"score": 0.2666548478976079}}, {"type": "Feature", "geometry": {"type": "Point", "coordinates": [-6.5, 55.25]}, "properties": {"score": 0.2675398157711749}}, {"type": "Feature", "geometry": {"type": "Point", "coordinates": [-6.25, 55.25]}, "properties": {"score": 0.2684266456201253}}, {"type": "Feature", "geometry": {"type": "Point", "coordinates": [-6.0, 55.25]}, "properties": {"score": 0.2693153342362663}}, {"type": "Feature", "geometry": {"type": "Point", "coordinates": [-5.75, 55.25]}, "properties": {"score": 0.2702058783598745}}, {"type": "Feature", "geometry": {"type": "Point", "coordinates": [-5.5, 55.25]}, "properties": {"score": 0.2710982746796}}, {"type": "Feature", "geometry": {"type": "Point", "coordinates": [-5.25, 55.25]}, "properties": {"score": 0.2719925198323725}}, {"type": "Feature", "geometry": {"type": "Point", "coordinates": [-5.0, 55.25]}, "properties": {"score": 0.2728886104033078}}, {"type": "Feature", "geometry": {"type": "Point", "coordinates": [-4.75, 55.25]}, "properties": {"score": 0.2737865429256212}}, {"type": "Feature", "geometry": {"type": "Point", "coordinates": [-4.5, 55.25]}, "properties": {"score": 0.2746863138805389}}, {"type": "Feature", "geometry": {"type": "Point", "coordinates": [-4.25, 55.25]}, "properties": {"score": 0.2755879196972145}}, {"type": "Feature", "geometry": {"type": "Point", "coordinates": [-4.0, 55.25]}, "properties": {"score": 0.2764913567526472}}, {"type": "Feature", "geometry": {"type": "Point", "coordinates": [-3.75, 55.25]}, "properties": {"score": 0.2773966213716027}}, {"type": "Feature", "geometry": {"type": "Point", "coordinates": [-3.5, 55.25]}, "properties": {"score": 0.2783037098265367}}, {"type": "Feature", "geometry": {"type": "Point", "coordinates": [-3.25, 55.25]}, "properties": {"score": 0.2792126183375206}}, {"type": "Feature", "geometry": {"type": "Point", "coordinates": [-3.0, 55.25]}, "properties": {"score": 0.2801233430721708}}, {"type": "Feature", "geometry": {"type": "Point", "coordinates": [-2.75, 55.25]}, "properties": {"score": 0.2810358801455796}}, {"type": "Feature", "geometry": {"type": "Point", "coordinates": [-2.5, 55.25]}, "properties": {"score": 0.2819502256202492}}, {"type": "Feature", "geometry": {"type": "Point", "coordinates": [-2.25, 55.25]}, "properties": {"score": 0.2828663755060284}}, {"type": "Feature", "geometry": {"type": "Point", "coordinates": [-2.0, 55.25]}, "properties": {"score": 0.2837843257600521}}, {"type": "Feature", "geometry": {"type": "Point", "coordinates": [-1.75, 55.25]}, "properties": {"score": 0.2847040722866835}}, {"type": "Feature", "geometry": {"type": "Point", "coordinates": [-1.5, 55.25]}, "properties": {"score": 0.2856256109374577}}, {"type": "Feature", "geometry": {"type": "Point", "coordinates": [-1.25, 55.25]}, "properties": {"score": 0.2865489375110313}}, {"type": "Feature", "geometry": {"type": "Point", "coordinates": [-1.0, 55.25]}, "properties": {"score": 0.2874740477531311}}, {"type": "Feature", "geometry": {"type": "Point", "coordinates": [-0.75, 55.25]}, "properties": {"score": 0.2884009373565082}}, {"type": "Feature", "geometry": {"type": "Point", "coordinates": [-0.5, 55.25]}, "properties": {"score": 0.2893296019608931}}, {"type": "Feature", "geometry": {"type": "Point", "coordinates": [-0.25, 55.25]}, "properties": {"score": 0.2902600371529556}}, {"type": "Feature", "geometry": {"type": "Point", "coordinates": [0.0, 55.25]}, "properties": {"score": 0.2911922384662653}}, {"type": "Feature", "geometry": {"type": "Point", "coordinates": [0.25, 55.25]}, "properties": {"score": 0.2921262013812571}}, {"type": "Feature", "geometry": {"type": "Point", "coordinates": [0.5, 55.25]}, "properties": {"score": 0.2930619213251978}}, {"type": "Feature", "geometry": {"type": "Point", "coordinates": [0.75, 55.25]}, "properties": {"score": 0.2939993936721571}}, {"type": "Feature", "geometry": {"type": "Point", "coordinates": [1.0, 55.25]}, "properties": {"score": 0.2949386137429804}}, {"type": "Feature", "geometry": {"type": "Point", "coordinates": [1.25, 55.25]}, "properties": {"score": 0.2958795768052651}}, {"type": "Feature", "geometry": {"type": "Point", "coordinates": [1.5, 55.25]}, "properties": {"score": 0.2968222780733398}}, {"type": "Feature", "geometry": {"type": "Point", "coordinates": [1.75, 55.25]}, "properties": {"score": 0.2977667127082466}}, {"type": "Feature", "geometry": {"type": "Point", "coordinates": [2.0, 55.25]}, "properties": {"score": 0.2987128758177262}}, {"type": "Feature", "geometry": {"type": "Point", "coordinates": [2.25, 55.25]}, "properties": {"score": 0.2996607624562049}}, {"type": "Feature", "geometry": {"type": "Point", "coordinates": [-8.0, 55.5]}, "properties": {"score": 0.2532953152977208}}, {"type": "Feature", "geometry": {"type": "Point", "coordinates": [-7.75, 55.5]}, "properties": {"score": 0.2541513115975281}}, {"type": "Feature", "geometry": {"type": "Point", "coordinates": [-7.5, 55.5]}, "properties": {"score": 0.2550092127612293}}, {"type": "Feature", "geometry": {"type": "Point", "coordinates": [-7.25, 55.5]}, "properties": {"score": 0.2558690163584569}}, {"type": "Feature", "geometry": {"type": "Point", "coordinates": [-7.0, 55.5]}, "properties": {"score": 0.256730719909086}}, {"type": "Feature", "geometry": {"type": "Point", "coordinates": [-6.75, 55.5]}, "properties": {"score": 0.257594320883103}}, {"type": "Feature", "geometry": {"type": "Point", "coordinates": [-6.5, 55.5]}, "properties": {"score": 0.2584598167004769}}, {"type": "Feature", "geometry": {"type": "Point", "coordinates": [-6.25, 55.5]}, "properties": {"score": 0.2593272047310322}}, {"type": "Feature", "geometry": {"type": "Point", "coordinates": [-6.0, 55.5]}, "properties": {"score": 0.2601964822943244}}, {"type": "Feature", "geometry": {"type": "Point", "coordinates": [-5.75, 55.5]}, "properties": {"score": 0.2610676466595169}}, {"type": "Feature", "geometry": {"type": "Point", "coordinates": [-5.5, 55.5]}, "properties": {"score": 0.2619406950452612}}, {"type": "Feature", "geometry": {"type": "Point", "coordinates": [-5.25, 55.5]}, "properties": {"score": 0.2628156246195785}}, {"type": "Feature", "geometry": {"type": "Point", "coordinates": [-5.0, 55.5]}, "properties": {"score": 0.2636924324997425}}, {"type": "Feature", "geometry": {"type": "Point", "coordinates": [-4.75, 55.5]}, "properties": {"score": 0.2645711157521676}}, {"type": "Feature", "geometry": {"type": "Point", "coordinates": [-4.5, 55.5]}, "properties": {"score": 0.2654516713922962}}, {"type": "Feature", "geometry": {"type": "Point", "coordinates": [-4.25, 55.5]}, "properties": {"score": 0.2663340963844897}}, {"type": "Feature", "geometry": {"type": "Point", "coordinates": [-4.0, 55.5]}, "properties": {"score": 0.2672183876419216}}, {"type": "Feature", "geometry": {"type": "Point", "coordinates": [-3.75, 55.5]}, "properties": {"score": 0.2681045420264729}}, {"type": "Feature", "geometry": {"type": "Point", "coordinates": [-3.5, 55.5]}, "properties": {"score": 0.2689925563486299}}, {"type": "Feature", "geometry": {"type": "Point", "coordinates": [-3.25, 55.5]}, "properties": {"score": 0.2698824273673845}}, {"type": "Feature", "geometry": {"type": "Point", "coordinates": [-3.0, 55.5]}, "properties": {"score": 0.2707741517901363}}, {"type": "Feature", "geometry": {"type": "Point", "coordinates": [-2.75, 55.5]}, "properties": {"score": 0.2716677262725984}}, {"type": "Feature", "geometry": {"type": "Point", "coordinates": [-2.5, 55.5]}, "properties": {"score": 0.2725631474187038}}, {"type": "Feature", "geometry": {"type": "Point", "coordinates": [-2.25, 55.5]}, "properties": {"score": 0.2734604117805163}}, {"type": "Feature", "geometry": {"type": "Point", "coordinates": [-2.0, 55.5]}, "properties": {"score": 0.2743595158581418}}, {"type": "Feature", "geometry": {"type": "Point", "coordinates": [-1.75, 55.5]}, "properties": {"score": 0.2752604560996446}}, {"type": "Feature", "geometry": {"type": "Point", "coordinates": [-1.5, 55.5]}, "properties": {"score": 0.2761632289009627}}, {"type": "Feature", "geometry": {"type": "Point", "coordinates": [-1.25, 55.5]}, "properties": {"score": 0.27706783060583}}, {"type": "Feature", "geometry": {"type": "Point", "coordinates": [-1.0, 55.5]}, "properties": {"score": 0.2779742575056976}}, {"type": "Feature", "geometry": {"type": "Point", "coordinates": [-0.75, 55.5]}, "properties": {"score": 0.2788825058396591}}, {"type": "Feature", "geometry": {"type": "Point", "coordinates": [-0.5, 55.5]}, "properties": {"score": 0.2797925717943783}}, {"type": "Feature", "geometry": {"type": "Point", "coordinates": [-0.25, 55.5]}, "properties": {"score": 0.2807044515040195}}, {"type": "Feature", "geometry": {"type": "Point", "coordinates": [0.0, 55.5]}, "properties": {"score": 0.2816181410501809}}, {"type": "Feature", "geometry": {"type": "Point", "coordinates": [0.25, 55.5]}, "properties": {"score": 0.2825336364618299}}, {"type": "Feature", "geometry": {"type": "Point", "coordinates": [0.5, 55.5]}, "properties": {"score": 0.2834509337152415}}, {"type": "Feature", "geometry": {"type": "Point", "coordinates": [0.75, 55.5]}, "properties": {"score": 0.2843700287339394}}, {"type": "Feature", "geometry": {"type": "Point", "coordinates": [1.0, 55.5]}, "properties": {"score": 0.2852909173886402}}, {"type": "Feature", "geometry": {"type": "Point", "coordinates": [1.25, 55.5]}, "properties": {"score": 0.2862135954971992}}, {"type": "Feature", "geometry": {"type": "Point", "coordinates": [1.5, 55.5]}, "properties": {"score": 0.2871380588245606}}, {"type": "Feature", "geometry": {"type": "Point", "coordinates": [1.75, 55.5]}, "properties": {"score": 0.2880643030827089}}, {"type": "Feature", "geometry": {"type": "Point", "coordinates": [2.0, 55.5]}, "properties": {"score": 0.2889923239306247}}, {"type": "Feature", "geometry": {"type": "Point", "coordinates": [2.25, 55.5]}, "properties": {"score": 0.2899221169742406}}, {"type": "Feature", "geometry": {"type": "Point", "coordinates": [-8.0, 55.75]}, "properties": {"score": 0.2445373576365289}}, {"type": "Feature", "geometry": {"type": "Point", "coordinates": [-7.75, 55.75]}, "properties": {"score": 0.2453734827667277}}, {"type": "Feature", "geometry": {"type": "Point", "coordinates": [-7.5, 55.75]}, "properties": {"score": 0.2462115350505092}}, {"type": "Feature", "geometry": {"type": "Point", "coordinates": [-7.25, 55.75]}, "properties": {"score": 0.2470515125649352}}, {"type": "Feature", "geometry": {"type": "Point", "coordinates": [-7.0, 55.75]}, "properties": {"score": 0.2478934133387856}}, {"type": "Feature", "geometry": {"type": "Point", "coordinates": [-6.75, 55.75]}, "properties": {"score": 0.2487372353524071}}, {"type": "Feature", "geometry": {"type": "Point", "coordinates": [-6.5, 55.75]}, "properties": {"score": 0.2495829765375639}}, {"type": "Feature", "geometry": {"type": "Point", "coordinates": [-6.25, 55.75]}, "properties": {"score": 0.2504306347772899}}, {"type": "Feature", "geometry": {"type": "Point", "coordinates": [-6.0, 55.75]}, "properties": {"score": 0.2512802079057428}}, {"type": "Feature", "geometry": {"type": "Point", "coordinates": [-5.75, 55.75]}, "properties": {"score": 0.2521316937080606}}, {"type": "Feature", "geometry": {"type": "Point", "coordinates": [-5.5, 55.75]}, "properties": {"score": 0.2529850899202199}}, {"type": "Feature", "geometry": {"type": "Point", "coordinates": [-5.25, 55.75]}, "properties": {"score": 0.2538403942288956}}, {"type": "Feature", "geometry": {"type": "Point", "coordinates": [-5.0, 55.75]}, "properties": {"score": 0.2546976042713225}}, {"type": "Feature", "geometry": {"type": "Point", "coordinates": [-4.75, 55.75]}, "properties": {"score": 0.2555567176351606}}, {"type": "Feature", "geometry": {"type": "Point", "coordinates": [-4.5, 55.75]}, "properties": {"score": 0.2564177318583605}}, {"type": "Feature", "geometry": {"type": "Point", "coordinates": [-4.25, 55.75]}, "properties": {"score": 0.2572806444290313}}, {"type": "Feature", "geometry": {"type": "Point", "coordinates": [-4.0, 55.75]}, "properties": {"score": 0.2581454527853117}}, {"type": "Feature", "geometry": {"type": "Point", "coordinates": [-3.75, 55.75]}, "properties": {"score": 0.2590121543152412}}, {"type": "Feature", "geometry": {"type": "Point", "coordinates": [-3.5, 55.75]}, "properties": {"score": 0.2598807463566357}}, {"type": "Feature", "geometry": {"type": "Point", "coordinates": [-3.25, 55.75]}, "properties": {"score": 0.260751226196963}}, {"type": "Feature", "geometry": {"type": "Point", "coordinates": [-3.0, 55.75]}, "properties": {"score": 0.2616235910732227}}, {"type": "Feature", "geometry": {"type": "Point", "coordinates": [-2.75, 55.75]}, "properties": {"score": 0.2624978381718261}}, {"type": "Feature", "geometry": {"type": "Point", "coordinates": [-2.5, 55.75]}, "properties": {"score": 0.2633739646284803}}, {"type": "Feature", "geometry": {"type": "Point", "coordinates": [-2.25, 55.75]}, "properties": {"score": 0.2642519675280727}}, {"type": "Feature", "geometry": {"type": "Point", "coordinates": [-2.0, 55.75]}, "properties": {"score": 0.2651318439045595}}, {"type": "Feature", "geometry": {"type": "Point", "coordinates": [-1.75, 55.75]}, "properties": {"score": 0.2660135907408557}}, {"type": "Feature", "geometry": {"type": "Point", "coordinates": [-1.5, 55.75]}, "properties": {"score": 0.2668972049687255}}, {"type": "Feature", "geometry": {"type": "Point", "coordinates": [-1.25, 55.75]}, "properties": {"score": 0.2677826834686798}}, {"type": "Feature", "geometry": {"type": "Point", "coordinates": [-1.0, 55.75]}, "properties": {"score": 0.2686700230698709}}, {"type": "Feature", "geometry": {"type": "Point", "coordinates": [-0.75, 55.75]}, "properties": {"score": 0.2695592205499928}}, {"type": "Feature", "geometry": {"type": "Point", "coordinates": [-0.5, 55.75]}, "properties": {"score": 0.2704502726351826}}, {"type": "Feature", "geometry": {"type": "Point", "coordinates": [-0.25, 55.75]}, "properties": {"score": 0.2713431759999244}}, {"type": "Feature", "geometry": {"type": "Point", "coordinates": [0.0, 55.75]}, "properties": {"score": 0.2722379272669564}}, {"type": "Feature", "geometry": {"type": "Point", "coordinates": [0.25, 55.75]}, "properties": {"score": 0.2731345230071791}}, {"type": "Feature", "geometry": {"type": "Point", "coordinates": [0.5, 55.75]}, "properties": {"score": 0.2740329597395675}}, {"type": "Feature", "geometry": {"type": "Point", "coordinates": [0.75, 55.75]}, "properties": {"score": 0.2749332339310846}}, {"type": "Feature", "geometry": {"type": "Point", "coordinates": [1.0, 55.75]}, "properties": {"score": 0.2758353419965981}}, {"type": "Feature", "geometry": {"type": "Point", "coordinates": [1.25, 55.75]}, "properties": {"score": 0.2767392802987994}}, {"type": "Feature", "geometry": {"type": "Point", "coordinates": [1.5, 55.75]}, "properties": {"score": 0.277645045148125}}, {"type": "Feature", "geometry": {"type": "Point", "coordinates": [1.75, 55.75]}, "properties": {"score": 0.278552632802681}}, {"type": "Feature", "geometry": {"type": "Point", "coordinates": [2.0, 55.75]}, "properties": {"score": 0.27946203946817}}, {"type": "Feature", "geometry": {"type": "Point", "coordinates": [2.25, 55.75]}, "properties": {"score": 0.2803732612978189}}, {"type": "Feature", "geometry": {"type": "Point", "coordinates": [-8.0, 56.0]}, "properties": {"score": 0.2359865146916235}}, {"type": "Feature", "geometry": {"type": "Point", "coordinates": [-7.75, 56.0]}, "properties": {"score": 0.2368025671669908}}, {"type": "Feature", "geometry": {"type": "Point", "coordinates": [-7.5, 56.0]}, "properties": {"score": 0.2376205639187512}}, {"type": "Feature", "geometry": {"type": "Point", "coordinates": [-7.25, 56.0]}, "properties": {"score": 0.2384405035149711}}, {"type": "Feature", "geometry": {"type": "Point", "coordinates": [-7.0, 56.0]}, "properties": {"score": 0.2392623844771061}}, {"type": "Feature", "geometry": {"type": "Point", "coordinates": [-6.75, 56.0]}, "properties": {"score": 0.2400862052798321}}, {"type": "Feature", "geometry": {"type": "Point", "coordinates": [-6.5, 56.0]}, "properties": {"score": 0.2409119643508779}}, {"type": "Feature", "geometry": {"type": "Point", "coordinates": [-6.25, 56.0]}, "properties": {"score": 0.2417396600708589}}, {"type": "Feature", "geometry": {"type": "Point", "coordinates": [-6.0, 56.0]}, "properties": {"score": 0.2425692907731137}}, {"type": "Feature", "geometry": {"type": "Point", "coordinates": [-5.75, 56.0]}, "properties": {"score": 0.2434008547435407}}, {"type": "Feature", "geometry": {"type": "Point", "coordinates": [-5.5, 56.0]}, "properties": {"score": 0.2442343502204381}}, {"type": "Feature", "geometry": {"type": "Point", "coordinates": [-5.25, 56.0]}, "properties": {"score": 0.2450697753943443}}, {"type": "Feature", "geometry": {"type": "Point", "coordinates": [-5.0, 56.0]}, "properties": {"score": 0.24590712840788}}, {"type": "Feature", "geometry": {"type": "Point", "coordinates": [-4.75, 56.0]}, "properties": {"score": 0.2467464073555941}}, {"type": "Feature", "geometry": {"type": "Point", "coordinates": [-4.5, 56.0]}, "properties": {"score": 0.2475876102838087}}, {"type": "Feature", "geometry": {"type": "Point", "coordinates": [-4.25, 56.0]}, "properties": {"score": 0.2484307351904676}}, {"type": "Feature", "geometry": {"type": "Point", "coordinates": [-4.0, 56.0]}, "properties": {"score": 0.2492757800249857}}, {"type": "Feature", "geometry": {"type": "Point", "coordinates": [-3.75, 56.0]}, "properties": {"score": 0.2501227426881014}}, {"type": "Feature", "geometry": {"type": "Point", "coordinates": [-3.5, 56.0]}, "properties": {"score": 0.2509716210317294}}, {"type": "Feature", "geometry": {"type": "Point", "coordinates": [-3.25, 56.0]}, "properties": {"score": 0.2518224128588168}}, {"type": "Feature", "geometry": {"type": "Point", "coordinates": [-3.0, 56.0]}, "properties": {"score": 0.2526751159232003}}, {"type": "Feature", "geometry": {"type": "Point", "coordinates": [-2.75, 56.0]}, "properties": {"score": 0.2535297279294655}}, {"type": "Feature", "geometry": {"type": "Point", "coordinates": [-2.5, 56.0]}, "properties": {"score": 0.2543862465328083}}, {"type": "Feature", "geometry": {"type": "Point", "coordinates": [-2.25, 56.0]}, "properties": {"score": 0.2552446693388981}}, {"type": "Feature", "geometry": {"type": "Point", "coordinates": [-2.0, 56.0]}, "properties": {"score": 0.2561049939037438}}, {"type": "Feature", "geometry": {"type": "Point", "coordinates": [-1.75, 56.0]}, "properties": {"score": 0.2569672177335606}}, {"type": "Feature", "geometry": {"type": "Point", "coordinates": [-1.5, 56.0]}, "properties": {"score": 0.2578313382846389}}, {"type": "Feature", "geometry": {"type": "Point", "coordinates": [-1.25, 56.0]}, "properties": {"score": 0.2586973529632174}}, {"type": "Feature", "geometry": {"type": "Point", "coordinates": [-1.0, 56.0]}, "properties": {"score": 0.2595652591253558}}, {"type": "Feature", "geometry": {"type": "Point", "coordinates": [-0.75, 56.0]}, "properties": {"score": 0.2604350540768108}}, {"type": "Feature", "geometry": {"type": "Point", "coordinates": [-0.5, 56.0]}, "properties": {"score": 0.2613067350729138}}, {"type": "Feature", "geometry": {"type": "Point", "coordinates": [-0.25, 56.0]}, "properties": {"score": 0.2621802993184518}}, {"type": "Feature", "geometry": {"type": "Point", "coordinates": [0.0, 56.0]}, "properties": {"score": 0.263055743967549}}, {"type": "Feature", "geometry": {"type": "Point", "coordinates": [0.25, 56.0]}, "properties": {"score": 0.2639330661235517}}, {"type": "Feature", "geometry": {"type": "Point", "coordinates": [0.5, 56.0]}, "properties": {"score": 0.2648122628389153}}, {"type": "Feature", "geometry": {"type": "Point", "coordinates": [0.75, 56.0]}, "properties": {"score": 0.2656933311150933}}, {"type": "Feature", "geometry": {"type": "Point", "coordinates": [1.0, 56.0]}, "properties": {"score": 0.2665762679024284}}, {"type": "Feature", "geometry": {"type": "Point", "coordinates": [1.25, 56.0]}, "properties": {"score": 0.2674610701000468}}, {"type": "Feature", "geometry": {"type": "Point", "coordinates": [1.5, 56.0]}, "properties": {"score": 0.268347734555754}}, {"type": "Feature", "geometry": {"type": "Point", "coordinates": [1.75, 56.0]}, "properties": {"score": 0.2692362580659329}}, {"type": "Feature", "geometry": {"type": "Point", "coordinates": [2.0, 56.0]}, "properties": {"score": 0.2701266373754454}}, {"type": "Feature", "geometry": {"type": "Point", "coordinates": [2.25, 56.0]}, "properties": {"score": 0.2710188691775344}}, {"type": "Feature", "geometry": {"type": "Point", "coordinates": [-8.0, 56.25]}, "properties": {"score": 0.2276445743748389}}, {"type": "Feature", "geometry": {"type": "Point", "coordinates": [-7.75, 56.25]}, "properties": {"score": 0.228440405241891}}, {"type": "Feature", "geometry": {"type": "Point", "coordinates": [-7.5, 56.25]}, "properties": {"score": 0.2292381925223796}}, {"type": "Feature", "geometry": {"type": "Point", "coordinates": [-7.25, 56.25]}, "properties": {"score": 0.2300379352570727}}, {"type": "Feature", "geometry": {"type": "Point", "coordinates": [-7.0, 56.25]}, "properties": {"score": 0.230839632441968}}, {"type": "Feature", "geometry": {"type": "Point", "coordinates": [-6.75, 56.25]}, "properties": {"score": 0.231643283028109}}, {"type": "Feature", "geometry": {"type": "Point", "coordinates": [-6.5, 56.25]}, "properties": {"score": 0.2324488859214018}}, {"type": "Feature", "geometry": {"type": "Point", "coordinates": [-6.25, 56.25]}, "properties": {"score": 0.2332564399824338}}, {"type": "Feature", "geometry": {"type": "Point", "coordinates": [-6.0, 56.25]}, "properties": {"score": 0.2340659440262934}}, {"type": "Feature", "geometry": {"type": "Point", "coordinates": [-5.75, 56.25]}, "properties": {"score": 0.2348773968223912}}, {"type": "Feature", "geometry": {"type": "Point", "coordinates": [-5.5, 56.25]}, "properties": {"score": 0.2356907970942831}}, {"type": "Feature", "geometry": {"type": "Point", "coordinates": [-5.25, 56.25]}, "properties": {"score": 0.2365061435194944}}, {"type": "Feature", "geometry": {"type": "Point", "coordinates": [-5.0, 56.25]}, "properties": {"score": 0.2373234347293447}}, {"type": "Feature", "geometry": {"type": "Point", "coordinates": [-4.75, 56.25]}, "properties": {"score": 0.2381426693087764}}, {"type": "Feature", "geometry": {"type": "Point", "coordinates": [-4.5, 56.25]}, "properties": {"score": 0.2389638457961831}}, {"type": "Feature", "geometry": {"type": "Point", "coordinates": [-4.25, 56.25]}, "properties": {"score": 0.2397869626832394}}, {"type": "Feature", "geometry": {"type": "Point", "coordinates": [-4.0, 56.25]}, "properties": {"score": 0.2406120184147337}}, {"type": "Feature", "geometry": {"type": "Point", "coordinates": [-3.75, 56.25]}, "properties": {"score": 0.2414390113884009}}, {"type": "Feature", "geometry": {"type": "Point", "coordinates": [-3.5, 56.25]}, "properties": {"score": 0.2422679399547583}}, {"type": "Feature", "geometry": {"type": "Point", "coordinates": [-3.25, 56.25]}, "properties": {"score": 0.2430988024169423}}, {"type": "Feature", "geometry": {"type": "Point", "coordinates": [-3.0, 56.25]}, "properties": {"score": 0.2439315970305465}}, {"type": "Feature", "geometry": {"type": "Point", "coordinates": [-2.75, 56.25]}, "properties": {"score": 0.2447663220034627}}, {"type": "Feature", "geometry": {"type": "Point", "coordinates": [-2.5, 56.25]}, "properties": {"score": 0.2456029754957226}}, {"type": "Feature", "geometry": {"type": "Point", "coordinates": [-2.25, 56.25]}, "properties": {"score": 0.2464415556193411}}, {"type": "Feature", "geometry": {"type": "Point", "coordinates": [-2.0, 56.25]}, "properties": {"score": 0.2472820604381627}}, {"type": "Feature", "geometry": {"type": "Point", "coordinates": [-1.75, 56.25]}, "properties": {"score": 0.2481244879677086}}, {"type": "Feature", "geometry": {"type": "Point", "coordinates": [-1.5, 56.25]}, "properties": {"score": 0.2489688361750247}}, {"type": "Feature", "geometry": {"type": "Point", "coordinates": [-1.25, 56.25]}, "properties": {"score": 0.2498151029785344}}, {"type": "Feature", "geometry": {"type": "Point", "coordinates": [-1.0, 56.25]}, "properties": {"score": 0.2506632862478907}}, {"type": "Feature", "geometry": {"type": "Point", "coordinates": [-0.75, 56.25]}, "properties": {"score": 0.2515133838038308}}, {"type": "Feature", "geometry": {"type": "Point", "coordinates": [-0.5, 56.25]}, "properties": {"score": 0.2523653934180331}}, {"type": "Feature", "geometry": {"type": "Point", "coordinates": [-0.25, 56.25]}, "properties": {"score": 0.2532193128129757}}, {"type": "Feature", "geometry": {"type": "Point", "coordinates": [0.0, 56.25]}, "properties": {"score": 0.2540751396617973}}, {"type": "Feature", "geometry": {"type": "Point", "coordinates": [0.25, 56.25]}, "properties": {"score": 0.2549328715881594}}, {"type": "Feature", "geometry": {"type": "Point", "coordinates": [0.5, 56.25]}, "properties": {"score": 0.2557925061661112}}, {"type": "Feature", "geometry": {"type": "Point", "coordinates": [0.75, 56.25]}, "properties": {"score": 0.2566540409199564}}, {"type": "Feature", "geometry": {"type": "Point", "coordinates": [1.0, 56.25]}, "properties": {"score": 0.2575174733241217}}, {"type": "Feature", "geometry": {"type": "Point", "coordinates": [1.25, 56.25]}, "properties": {"score": 0.2583828008030274}}, {"type": "Feature", "geometry": {"type": "Point", "coordinates": [1.5, 56.25]}, "properties": {"score": 0.259250020730961}}, {"type": "Feature", "geometry": {"type": "Point", "coordinates": [1.75, 56.25]}, "properties": {"score": 0.2601191304319514}}, {"type": "Feature", "geometry": {"type": "Point", "coordinates": [2.0, 56.25]}, "properties": {"score": 0.2609901271796472}}, {"type": "Feature", "geometry": {"type": "Point", "coordinates": [2.25, 56.25]}, "properties": {"score": 0.2618630081971941}}, {"type": "Feature", "geometry": {"type": "Point", "coordinates": [-8.0, 56.5]}, "properties": {"score": 0.2195127913114387}}, {"type": "Feature", "geometry": {"type": "Point", "coordinates": [-7.75, 56.5]}, "properties": {"score": 0.2202883021672829}}, {"type": "Feature", "geometry": {"type": "Point", "coordinates": [-7.5, 56.5]}, "properties": {"score": 0.2210657767868893}}, {"type": "Feature", "geometry": {"type": "Point", "coordinates": [-7.25, 56.5]}, "properties": {"score": 0.2218452146638144}}, {"type": "Feature", "geometry": {"type": "Point", "coordinates": [-7.0, 56.5]}, "properties": {"score": 0.2226266152488291}}, {"type": "Feature", "geometry": {"type": "Point", "coordinates": [-6.75, 56.5]}, "properties": {"score": 0.2234099779497214}}, {"type": "Feature", "geometry": {"type": "Point", "coordinates": [-6.5, 56.5]}, "properties": {"score": 0.2241953021311007}}, {"type": "Feature", "geometry": {"type": "Point", "coordinates": [-6.25, 56.5]}, "properties": {"score": 0.224982587114203}}, {"type": "Feature", "geometry": {"type": "Point", "coordinates": [-6.0, 56.5]}, "properties": {"score": 0.2257718321766972}}, {"type": "Feature", "geometry": {"type": "Point", "coordinates": [-5.75, 56.5]}, "properties": {"score": 0.2265630365524923}}, {"type": "Feature", "geometry": {"type": "Point", "coordinates": [-5.5, 56.5]}, "properties": {"score": 0.2273561994315474}}, {"type": "Feature", "geometry": {"type": "Point", "coordinates": [-5.25, 56.5]}, "properties": {"score": 0.2281513199596808}}, {"type": "Feature", "geometry": {"type": "Point", "coordinates": [-5.0, 56.5]}, "properties": {"score": 0.2289483972383804}}, {"type": "Feature", "geometry": {"type": "Point", "coordinates": [-4.75, 56.5]}, "properties": {"score": 0.2297474303246187}}, {"type": "Feature", "geometry": {"type": "Point", "coordinates": [-4.5, 56.5]}, "properties": {"score": 0.2305484182306648}}, {"type": "Feature", "geometry": {"type": "Point", "coordinates": [-4.25, 56.5]}, "properties": {"score": 0.2313513599239002}}, {"type": "Feature", "geometry": {"type": "Point", "coordinates": [-4.0, 56.5]}, "properties": {"score": 0.2321562543266356}}, {"type": "Feature", "geometry": {"type": "Point", "coordinates": [-3.75, 56.5]}, "properties": {"score": 0.2329631003159282}}, {"type": "Feature", "geometry": {"type": "Point", "coordinates": [-3.5, 56.5]}, "properties": {"score": 0.2337718967234018}}, {"type": "Feature", "geometry": {"type": "Point", "coordinates": [-3.25, 56.5]}, "properties": {"score": 0.2345826423350669}}, {"type": "Feature", "geometry": {"type": "Point", "coordinates": [-3.0, 56.5]}, "properties": {"score": 0.2353953358911436}}, {"type": "Feature", "geometry": {"type": "Point", "coordinates": [-2.75, 56.5]}, "properties": {"score": 0.2362099760858848}}, {"type": "Feature", "geometry": {"type": "Point", "coordinates": [-2.5, 56.5]}, "properties": {"score": 0.2370265615674012}}, {"type": "Feature", "geometry": {"type": "Point", "coordinates": [-2.25, 56.5]}, "properties": {"score": 0.2378450909374888}}, {"type": "Feature", "geometry": {"type": "Point", "coordinates": [-2.0, 56.5]}, "properties": {"score": 0.2386655627514561}}, {"type": "Feature", "geometry": {"type": "Point", "coordinates": [-1.75, 56.5]}, "properties": {"score": 0.2394879755179551}}, {"type": "Feature", "geometry": {"type": "Point", "coordinates": [-1.5, 56.5]}, "properties": {"score": 0.2403123276988109}}, {"type": "Feature", "geometry": {"type": "Point", "coordinates": [-1.25, 56.5]}, "properties": {"score": 0.2411386177088566}}, {"type": "Feature", "geometry": {"type": "Point", "coordinates": [-1.0, 56.5]}, "properties": {"score": 0.2419668439157668}}, {"type": "Feature", "geometry": {"type": "Point", "coordinates": [-0.75, 56.5]}, "properties": {"score": 0.2427970046398943}}, {"type": "Feature", "geometry": {"type": "Point", "coordinates": [-0.5, 56.5]}, "properties": {"score": 0.2436290981541077}}, {"type": "Feature", "geometry": {"type": "Point", "coordinates": [-0.25, 56.5]}, "properties": {"score": 0.2444631226836312}}, {"type": "Feature", "geometry": {"type": "Point", "coordinates": [0.0, 56.5]}, "properties": {"score": 0.2452990764058862}}, {"type": "Feature", "geometry": {"type": "Point", "coordinates": [0.25, 56.5]}, "properties": {"score": 0.2461369574503341}}, {"type": "Feature", "geometry": {"type": "Point", "coordinates": [0.5, 56.5]}, "properties": {"score": 0.2469767638983212}}, {"type": "Feature", "geometry": {"type": "Point", "coordinates": [0.75, 56.5]}, "properties": {"score": 0.2478184937829258}}, {"type": "Feature", "geometry": {"type": "Point", "coordinates": [1.0, 56.5]}, "properties": {"score": 0.2486621450888061}}, {"type": "Feature", "geometry": {"type": "Point", "coordinates": [1.25, 56.5]}, "properties": {"score": 0.2495077157520511}}, {"type": "Feature", "geometry": {"type": "Point", "coordinates": [1.5, 56.5]}, "properties": {"score": 0.2503552036600325}}, {"type": "Feature", "geometry": {"type": "Point", "coordinates": [1.75, 56.5]}, "properties": {"score": 0.251204606651259}}, {"type": "Feature", "geometry": {"type": "Point", "coordinates": [2.0, 56.5]}, "properties": {"score": 0.2520559225152322}}, {"type": "Feature", "geometry": {"type": "Point", "coordinates": [2.25, 56.5]}, "properties": {"score": 0.2529091489923039}}, {"type": "Feature", "geometry": {"type": "Point", "coordinates": [-8.0, 56.75]}, "properties": {"score": 0.2115919083617198}}, {"type": "Feature", "geometry": {"type": "Point", "coordinates": [-7.75, 56.75]}, "properties": {"score": 0.2123470492027939}}, {"type": "Feature", "geometry": {"type": "Point", "coordinates": [-7.5, 56.75]}, "properties": {"score": 0.213104156585454}}, {"type": "Feature", "geometry": {"type": "Point", "coordinates": [-7.25, 56.75]}, "properties": {"score": 0.2138632304347887}}, {"type": "Feature", "geometry": {"type": "Point", "coordinates": [-7.0, 56.75]}, "properties": {"score": 0.2146242706352032}}, {"type": "Feature", "geometry": {"type": "Point", "coordinates": [-6.75, 56.75]}, "properties": {"score": 0.2153872770302125}}, {"type": "Feature", "geometry": {"type": "Point", "coordinates": [-6.5, 56.75]}, "properties": {"score": 0.2161522494222343}}, {"type": "Feature", "geometry": {"type": "Point", "coordinates": [-6.25, 56.75]}, "properties": {"score": 0.2169191875723839}}, {"type": "Feature", "geometry": {"type": "Point", "coordinates": [-6.0, 56.75]}, "properties": {"score": 0.2176880912002696}}, {"type": "Feature", "geometry": {"type": "Point", "coordinates": [-5.75, 56.75]}, "properties": {"score": 0.2184589599837887}}, {"type": "Feature", "geometry": {"type": "Point", "coordinates": [-5.5, 56.75]}, "properties": {"score": 0.219231793558925}}, {"type": "Feature", "geometry": {"type": "Point", "coordinates": [-5.25, 56.75]}, "properties": {"score": 0.2200065915195476}}, {"type": "Feature", "geometry": {"type": "Point", "coordinates": [-5.0, 56.75]}, "properties": {"score": 0.2207833534172087}}, {"type": "Feature", "geometry": {"type": "Point", "coordinates": [-4.75, 56.75]}, "properties": {"score": 0.221562078760946}}, {"type": "Feature", "geometry": {"type": "Point", "coordinates": [-4.5, 56.75]}, "properties": {"score": 0.2223427670170829}}, {"type": "Feature", "geometry": {"type": "Point", "coordinates": [-4.25, 56.75]}, "properties": {"score": 0.2231254176090316}}, {"type": "Feature", "geometry": {"type": "Point", "coordinates": [-4.0, 56.75]}, "properties": {"score": 0.2239100299170963}}, {"type": "Feature", "geometry": {"type": "Point", "coordinates": [-3.75, 56.75]}, "properties": {"score": 0.2246966032782786}}, {"type": "Feature", "geometry": {"type": "Point", "coordinates": [-3.5, 56.75]}, "properties": {"score": 0.2254851369860829}}, {"type": "Feature", "geometry": {"type": "Point", "coordinates": [-3.25, 56.75]}, "properties": {"score": 0.2262756302903238}}, {"type": "Feature", "geometry": {"type": "Point", "coordinates": [-3.0, 56.75]}, "properties": {"score": 0.2270680823969347}}, {"type": "Feature", "geometry": {"type": "Point", "coordinates": [-2.75, 56.75]}, "properties": {"score": 0.227862492467777}}, {"type": "Feature", "geometry": {"type": "Point", "coordinates": [-2.5, 56.75]}, "properties": {"score": 0.2286588596204513}}, {"type": "Feature", "geometry": {"type": "Point", "coordinates": [-2.25, 56.75]}, "properties": {"score": 0.229457182928109}}, {"type": "Feature", "geometry": {"type": "Point", "coordinates": [-2.0, 56.75]}, "properties": {"score": 0.2302574614192666}}, {"type": "Feature", "geometry": {"type": "Point", "coordinates": [-1.75, 56.75]}, "properties": {"score": 0.2310596940776196}}, {"type": "Feature", "geometry": {"type": "Point", "coordinates": [-1.5, 56.75]}, "properties": {"score": 0.2318638798418584}}, {"type": "Feature", "geometry": {"type": "Point", "coordinates": [-1.25, 56.75]}, "properties": {"score": 0.2326700176054869}}, {"type": "Feature", "geometry": {"type": "Point", "coordinates": [-1.0, 56.75]}, "properties": {"score": 0.2334781062166404}}, {"type": "Feature", "geometry": {"type": "Point", "coordinates": [-0.75, 56.75]}, "properties": {"score": 0.2342881444779063}}, {"type": "Feature", "geometry": {"type": "Point", "coordinates": [-0.5, 56.75]}, "properties": {"score": 0.2351001311461454}}, {"type": "Feature", "geometry": {"type": "Point", "coordinates": [-0.25, 56.75]}, "properties": {"score": 0.2359140649323151}}, {"type": "Feature", "geometry": {"type": "Point", "coordinates": [0.0, 56.75]}, "properties": {"score": 0.2367299445012947}}, {"type": "Feature", "geometry": {"type": "Point", "coordinates": [0.25, 56.75]}, "properties": {"score": 0.2375477684717104}}, {"type": "Feature", "geometry": {"type": "Point", "coordinates": [0.5, 56.75]}, "properties": {"score": 0.238367535415764}}, {"type": "Feature", "geometry": {"type": "Point", "coordinates": [0.75, 56.75]}, "properties": {"score": 0.2391892438590616}}, {"type": "Feature", "geometry": {"type": "Point", "coordinates": [1.0, 56.75]}, "properties": {"score": 0.2400128922804445}}, {"type": "Feature", "geometry": {"type": "Point", "coordinates": [1.25, 56.75]}, "properties": {"score": 0.2408384791118213}}, {"type": "Feature", "geometry": {"type": "Point", "coordinates": [1.5, 56.75]}, "properties": {"score": 0.2416660027380027}}, {"type": "Feature", "geometry": {"type": "Point", "coordinates": [1.75, 56.75]}, "properties": {"score": 0.2424954614965364}}, {"type": "Feature", "geometry": {"type": "Point", "coordinates": [2.0, 56.75]}, "properties": {"score": 0.2433268536775449}}, {"type": "Feature", "geometry": {"type": "Point", "coordinates": [2.25, 56.75]}, "properties": {"score": 0.2441601775235636}}, {"type": "Feature", "geometry": {"type": "Point", "coordinates": [-8.0, 57.0]}, "properties": {"score": 0.2038821797435812}}, {"type": "Feature", "geometry": {"type": "Point", "coordinates": [-7.75, 57.0]}, "properties": {"score": 0.2046169466726868}}, {"type": "Feature", "geometry": {"type": "Point", "coordinates": [-7.5, 57.0]}, "properties": {"score": 0.2053536785753717}}, {"type": "Feature", "geometry": {"type": "Point", "coordinates": [-7.25, 57.0]}, "properties": {"score": 0.2060923757859137}}, {"type": "Feature", "geometry": {"type": "Point", "coordinates": [-7.0, 57.0]}, "properties": {"score": 0.2068330386001037}}, {"type": "Feature", "geometry": {"type": "Point", "coordinates": [-6.75, 57.0]}, "properties": {"score": 0.2075756672750303}}, {"type": "Feature", "geometry": {"type": "Point", "coordinates": [-6.5, 57.0]}, "properties": {"score": 0.2083202620288655}}, {"type": "Feature", "geometry": {"type": "Point", "coordinates": [-6.25, 57.0]}, "properties": {"score": 0.2090668230406503}}, {"type": "Feature", "geometry": {"type": "Point", "coordinates": [-6.0, 57.0]}, "properties": {"score": 0.2098153504500817}}, {"type": "Feature", "geometry": {"type": "Point", "coordinates": [-5.75, 57.0]}, "properties": {"score": 0.2105658443573}}, {"type": "Feature", "geometry": {"type": "Point", "coordinates": [-5.5, 57.0]}, "properties": {"score": 0.2113183048226771}}, {"type": "Feature", "geometry": {"type": "Point", "coordinates": [-5.25, 57.0]}, "properties": {"score": 0.2120727318666056}}, {"type": "Feature", "geometry": {"type": "Point", "coordinates": [-5.0, 57.0]}, "properties": {"score": 0.2128291254692875}}, {"type": "Feature", "geometry": {"type": "Point", "coordinates": [-4.75, 57.0]}, "properties": {"score": 0.2135874855705267}}, {"type": "Feature", "geometry": {"type": "Point", "coordinates": [-4.5, 57.0]}, "properties": {"score": 0.2143478120695192}}, {"type": "Feature", "geometry": {"type": "Point", "coordinates": [-4.25, 57.0]}, "properties": {"score": 0.2151101048246455}}, {"type": "Feature", "geometry": {"type": "Point", "coordinates": [-4.0, 57.0]}, "properties": {"score": 0.215874363653264}}, {"type": "Feature", "geometry": {"type": "Point", "coordinates": [-3.75, 57.0]}, "properties": {"score": 0.2166405883315053}}, {"type": "Feature", "geometry": {"type": "Point", "coordinates": [-3.5, 57.0]}, "properties": {"score": 0.2174087785940667}}, {"type": "Feature", "geometry": {"type": "Point", "coordinates": [-3.25, 57.0]}, "properties": {"score": 0.2181789341340085}}, {"type": "Feature", "geometry": {"type": "Point", "coordinates": [-3.0, 57.0]}, "properties": {"score": 0.2189510546025513}}, {"type": "Feature", "geometry": {"type": "Point", "coordinates": [-2.75, 57.0]}, "properties": {"score": 0.2197251396088733}}, {"type": "Feature", "geometry": {"type": "Point", "coordinates": [-2.5, 57.0]}, "properties": {"score": 0.2205011887199096}}, {"type": "Feature", "geometry": {"type": "Point", "coordinates": [-2.25, 57.0]}, "properties": {"score": 0.2212792014601524}}, {"type": "Feature", "geometry": {"type": "Point", "coordinates": [-2.0, 57.0]}, "properties": {"score": 0.2220591773114516}}, {"type": "Feature", "geometry": {"type": "Point", "coordinates": [-1.75, 57.0]}, "properties": {"score": 0.2228411157128177}}, {"type": "Feature", "geometry": {"type": "Point", "coordinates": [-1.5, 57.0]}, "properties": {"score": 0.2236250160602238}}, {"type": "Feature", "geometry": {"type": "Point", "coordinates": [-1.25, 57.0]}, "properties": {"score": 0.2244108777064114}}, {"type": "Feature", "geometry": {"type": "Point", "coordinates": [-1.0, 57.0]}, "properties": {"score": 0.2251986999606953}}, {"type": "Feature", "geometry": {"type": "Point", "coordinates": [-0.75, 57.0]}, "properties": {"score": 0.2259884820887703}}, {"type": "Feature", "geometry": {"type": "Point", "coordinates": [-0.5, 57.0]}, "properties": {"score": 0.2267802233125191}}, {"type": "Feature", "geometry": {"type": "Point", "coordinates": [-0.25, 57.0]}, "properties": {"score": 0.2275739228098219}}, {"type": "Feature", "geometry": {"type": "Point", "coordinates": [0.0, 57.0]}, "properties": {"score": 0.2283695797143659}}, {"type": "Feature", "geometry": {"type": "Point", "coordinates": [0.25, 57.0]}, "properties": {"score": 0.229167193115458}}, {"type": "Feature", "geometry": {"type": "Point", "coordinates": [0.5, 57.0]}, "properties": {"score": 0.2299667620578368}}, {"type": "Feature", "geometry": {"type": "Point", "coordinates": [0.75, 57.0]}, "properties": {"score": 0.2307682855414875}}, {"type": "Feature", "geometry": {"type": "Point", "coordinates": [1.0, 57.0]}, "properties": {"score": 0.2315717625214574}}, {"type": "Feature", "geometry": {"type": "Point", "coordinates": [1.25, 57.0]}, "properties": {"score": 0.2323771919076724}}, {"type": "Feature", "geometry": {"type": "Point", "coordinates": [1.5, 57.0]}, "properties": {"score": 0.2331845725647559}}, {"type": "Feature", "geometry": {"type": "Point", "coordinates": [1.75, 57.0]}, "properties": {"score": 0.2339939033118482}}, {"type": "Feature", "geometry": {"type": "Point", "coordinates": [2.0, 57.0]}, "properties": {"score": 0.2348051829224281}}, {"type": "Feature", "geometry": {"type": "Point", "coordinates": [2.25, 57.0]}, "properties": {"score": 0.2356184101241342}}, {"type": "Feature", "geometry": {"type": "Point", "coordinates": [-8.0, 57.25]}, "properties": {"score": 0.1963833954657062}}, {"type": "Feature", "geometry": {"type": "Point", "coordinates": [-7.75, 57.25]}, "properties": {"score": 0.1970978282849863}}, {"type": "Feature", "geometry": {"type": "Point", "coordinates": [-7.5, 57.25]}, "properties": {"score": 0.1978142204005075}}, {"type": "Feature", "geometry": {"type": "Point", "coordinates": [-7.25, 57.25]}, "properties": {"score": 0.1985325725325572}}, {"type": "Feature", "geometry": {"type": "Point", "coordinates": [-7.0, 57.25]}, "properties": {"score": 0.1992528853652023}}, {"type": "Feature", "geometry": {"type": "Point", "coordinates": [-6.75, 57.25]}, "properties": {"score": 0.1999751595460687}}, {"type": "Feature", "geometry": {"type": "Point", "coordinates": [-6.5, 57.25]}, "properties": {"score": 0.2006993956861202}}, {"type": "Feature", "geometry": {"type": "Point", "coordinates": [-6.25, 57.25]}, "properties": {"score": 0.2014255943594383}}, {"type": "Feature", "geometry": {"type": "Point", "coordinates": [-6.0, 57.25]}, "properties": {"score": 0.2021537561030026}}, {"type": "Feature", "geometry": {"type": "Point", "coordinates": [-5.75, 57.25]}, "properties": {"score": 0.2028838814164717}}, {"type": "Feature", "geometry": {"type": "Point", "coordinates": [-5.5, 57.25]}, "properties": {"score": 0.2036159707619645}}, {"type": "Feature", "geometry": {"type": "Point", "coordinates": [-5.25, 57.25]}, "properties": {"score": 0.2043500245638422}}, {"type": "Feature", "geometry": {"type": "Point", "coordinates": [-5.0, 57.25]}, "properties": {"score": 0.20508604320849}}, {"type": "Feature", "geometry": {"type": "Point", "coordinates": [-4.75, 57.25]}, "properties": {"score": 0.2058240270441018}}, {"type": "Feature", "geometry": {"type": "Point", "coordinates": [-4.5, 57.25]}, "properties": {"score": 0.2065639763804628}}, {"type": "Feature", "geometry": {"type": "Point", "coordinates": [-4.25, 57.25]}, "properties": {"score": 0.207305891488734}}, {"type": "Feature", "geometry": {"type": "Point", "coordinates": [-4.0, 57.25]}, "properties": {"score": 0.2080497726012377}}, {"type": "Feature", "geometry": {"type": "Point", "coordinates": [-3.75, 57.25]}, "properties": {"score": 0.2087956199112427}}, {"type": "Feature", "geometry": {"type": "Point", "coordinates": [-3.5, 57.25]}, "properties": {"score": 0.2095434335727513}}, {"type": "Feature", "geometry": {"type": "Point", "coordinates": [-3.25, 57.25]}, "properties": {"score": 0.2102932137002858}}, {"type": "Feature", "geometry": {"type": "Point", "coordinates": [-3.0, 57.25]}, "properties": {"score": 0.2110449603686772}}, {"type": "Feature", "geometry": {"type": "Point", "coordinates": [-2.75, 57.25]}, "properties": {"score": 0.2117986736128533}}, {"type": "Feature", "geometry": {"type": "Point", "coordinates": [-2.5, 57.25]}, "properties": {"score": 0.2125543534276285}}, {"type": "Feature", "geometry": {"type": "Point", "coordinates": [-2.25, 57.25]}, "properties": {"score": 0.213311999767494}}, {"type": "Feature", "geometry": {"type": "Point", "coordinates": [-2.0, 57.25]}, "properties": {"score": 0.2140716125464088}}, {"type": "Feature", "geometry": {"type": "Point", "coordinates": [-1.75, 57.25]}, "properties": {"score": 0.2148331916375925}}, {"type": "Feature", "geometry": {"type": "Point", "coordinates": [-1.5, 57.25]}, "properties": {"score": 0.2155967368733164}}, {"type": "Feature", "geometry": {"type": "Point", "coordinates": [-1.25, 57.25]}, "properties": {"score": 0.2163622480446991}}, {"type": "Feature", "geometry": {"type": "Point", "coordinates": [-1.0, 57.25]}, "properties": {"score": 0.2171297249015007}}, {"type": "Feature", "geometry": {"type": "Point", "coordinates": [-0.75, 57.25]}, "properties": {"score": 0.2178991671519178}}, {"type": "Feature", "geometry": {"type": "Point", "coordinates": [-0.5, 57.25]}, "properties": {"score": 0.2186705744623805}}, {"type": "Feature", "geometry": {"type": "Point", "coordinates": [-0.25, 57.25]}, "properties": {"score": 0.2194439464573505}}, {"type": "Feature", "geometry": {"type": "Point", "coordinates": [0.0, 57.25]}, "properties": {"score": 0.2202192827191187}}, {"type": "Feature", "geometry": {"type": "Point", "coordinates": [0.25, 57.25]}, "properties": {"score": 0.2209965827876057}}, {"type": "Feature", "geometry": {"type": "Point", "coordinates": [0.5, 57.25]}, "properties": {"score": 0.2217758461601622}}, {"type": "Feature", "geometry": {"type": "Point", "coordinates": [0.75, 57.25]}, "properties": {"score": 0.2225570722913702}}, {"type": "Feature", "geometry": {"type": "Point", "coordinates": [1.0, 57.25]}, "properties": {"score": 0.223340260592847}}, {"type": "Feature", "geometry": {"type": "Point", "coordinates": [1.25, 57.25]}, "properties": {"score": 0.2241254104330483}}, {"type": "Feature", "geometry": {"type": "Point", "coordinates": [1.5, 57.25]}, "properties": {"score": 0.2249125211370734}}, {"type": "Feature", "geometry": {"type": "Point", "coordinates": [1.75, 57.25]}, "properties": {"score": 0.2257015919864722}}, {"type": "Feature", "geometry": {"type": "Point", "coordinates": [2.0, 57.25]}, "properties": {"score": 0.2264926222190519}}, {"type": "Feature", "geometry": {"type": "Point", "coordinates": [2.25, 57.25]}, "properties": {"score": 0.2272856110286854}}, {"type": "Feature", "geometry": {"type": "Point", "coordinates": [-8.0, 57.5]}, "properties": {"score": 0.1890949067906213}}, {"type": "Feature", "geometry": {"type": "Point", "coordinates": [-7.75, 57.5]}, "properties": {"score": 0.1897890865070711}}, {"type": "Feature", "geometry": {"type": "Point", "coordinates": [-7.5, 57.5]}, "properties": {"score": 0.1904852159769067}}, {"type": "Feature", "geometry": {"type": "Point", "coordinates": [-7.25, 57.5]}, "properties": {"score": 0.1911832962826455}}, {"type": "Feature", "geometry": {"type": "Point", "coordinates": [-7.0, 57.5]}, "properties": {"score": 0.1918833284728992}}, {"type": "Feature", "geometry": {"type": "Point", "coordinates": [-6.75, 57.5]}, "properties": {"score": 0.192585313562149}}, {"type": "Feature", "geometry": {"type": "Point", "coordinates": [-6.5, 57.5]}, "properties": {"score": 0.1932892525305213}}, {"type": "Feature", "geometry": {"type": "Point", "coordinates": [-6.25, 57.5]}, "properties": {"score": 0.1939951463235628}}, {"type": "Feature", "geometry": {"type": "Point", "coordinates": [-6.0, 57.5]}, "properties": {"score": 0.1947029958520171}}, {"type": "Feature", "geometry": {"type": "Point", "coordinates": [-5.75, 57.5]}, "properties": {"score": 0.1954128019916008}}, {"type": "Feature", "geometry": {"type": "Point", "coordinates": [-5.5, 57.5]}, "properties": {"score": 0.1961245655827801}}, {"type": "Feature", "geometry": {"type": "Point", "coordinates": [-5.25, 57.5]}, "properties": {"score": 0.1968382874305483}}, {"type": "Feature", "geometry": {"type": "Point", "coordinates": [-5.0, 57.5]}, "properties": {"score": 0.197553968304202}}, {"type": "Feature", "geometry": {"type": "Point", "coordinates": [-4.75, 57.5]}, "properties": {"score": 0.1982716089371205}}, {"type": "Feature", "geometry": {"type": "Point", "coordinates": [-4.5, 57.5]}, "properties": {"score": 0.1989912100265433}}, {"type": "Feature", "geometry": {"type": "Point", "coordinates": [-4.25, 57.5]}, "properties": {"score": 0.1997127722333486}}, {"type": "Feature", "geometry": {"type": "Point", "coordinates": [-4.0, 57.5]}, "properties": {"score": 0.2004362961818326}}, {"type": "Feature", "geometry": {"type": "Point", "coordinates": [-3.75, 57.5]}, "properties": {"score": 0.2011617824594893}}, {"type": "Feature", "geometry": {"type": "Point", "coordinates": [-3.5, 57.5]}, "properties": {"score": 0.2018892316167906}}, {"type": "Feature", "geometry": {"type": "Point", "coordinates": [-3.25, 57.5]}, "properties": {"score": 0.2026186441669664}}, {"type": "Feature", "geometry": {"type": "Point", "coordinates": [-3.0, 57.5]}, "properties": {"score": 0.2033500205857864}}, {"type": "Feature", "geometry": {"type": "Point", "coordinates": [-2.75, 57.5]}, "properties": {"score": 0.2040833613113417}}, {"type": "Feature", "geometry": {"type": "Point", "coordinates": [-2.5, 57.5]}, "properties": {"score": 0.2048186667438268}}, {"type": "Feature", "geometry": {"type": "Point", "coordinates": [-2.25, 57.5]}, "properties": {"score": 0.2055559372453228}}, {"type": "Feature", "geometry": {"type": "Point", "coordinates": [-2.0, 57.5]}, "properties": {"score": 0.2062951731395807}}, {"type": "Feature", "geometry": {"type": "Point", "coordinates": [-1.75, 57.5]}, "properties": {"score": 0.2070363747118059}}, {"type": "Feature", "geometry": {"type": "Point", "coordinates": [-1.5, 57.5]}, "properties": {"score": 0.2077795422084421}}, {"type": "Feature", "geometry": {"type": "Point", "coordinates": [-1.25, 57.5]}, "properties": {"score": 0.2085246758369583}}, {"type": "Feature", "geometry": {"type": "Point", "coordinates": [-1.0, 57.5]}, "properties": {"score": 0.2092717757656335}}, {"type": "Feature", "geometry": {"type": "Point", "coordinates": [-0.75, 57.5]}, "properties": {"score": 0.2100208421233448}}, {"type": "Feature", "geometry": {"type": "Point", "coordinates": [-0.5, 57.5]}, "properties": {"score": 0.210771874999354}}, {"type": "Feature", "geometry": {"type": "Point", "coordinates": [-0.25, 57.5]}, "properties": {"score": 0.2115248744430969}}, {"type": "Feature", "geometry": {"type": "Point", "coordinates": [0.0, 57.5]}, "properties": {"score": 0.2122798404639717}}, {"type": "Feature", "geometry": {"type": "Point", "coordinates": [0.25, 57.5]}, "properties": {"score": 0.2130367730311301}}, {"type": "Feature", "geometry": {"type": "Point", "coordinates": [0.5, 57.5]}, "properties": {"score": 0.2137956720732668}}, {"type": "Feature", "geometry": {"type": "Point", "coordinates": [0.75, 57.5]}, "properties": {"score": 0.2145565374784121}}, {"type": "Feature", "geometry": {"type": "Point", "coordinates": [1.0, 57.5]}, "properties": {"score": 0.2153193690937244}}, {"type": "Feature", "geometry": {"type": "Point", "coordinates": [1.25, 57.5]}, "properties": {"score": 0.216084166725283}}, {"type": "Feature", "geometry": {"type": "Point", "coordinates": [1.5, 57.5]}, "properties": {"score": 0.2168509301378834}}, {"type": "Feature", "geometry": {"type": "Point", "coordinates": [1.75, 57.5]}, "properties": {"score": 0.2176196590548317}}, {"type": "Feature", "geometry": {"type": "Point", "coordinates": [2.0, 57.5]}, "properties": {"score": 0.2183903531577418}}, {"type": "Feature", "geometry": {"type": "Point", "coordinates": [2.25, 57.5]}, "properties": {"score": 0.2191630120863311}}, {"type": "Feature", "geometry": {"type": "Point", "coordinates": [-8.0, 57.75]}, "properties": {"score": 0.1820156524593005}}, {"type": "Feature", "geometry": {"type": "Point", "coordinates": [-7.75, 57.75]}, "properties": {"score": 0.1826896987280967}}, {"type": "Feature", "geometry": {"type": "Point", "coordinates": [-7.5, 57.75]}, "properties": {"score": 0.1833656815906594}}, {"type": "Feature", "geometry": {"type": "Point", "coordinates": [-7.25, 57.75]}, "properties": {"score": 0.1840436024675795}}, {"type": "Feature", "geometry": {"type": "Point", "coordinates": [-7.0, 57.75]}, "properties": {"score": 0.1847234627478838}}, {"type": "Feature", "geometry": {"type": "Point", "coordinates": [-6.75, 57.75]}, "properties": {"score": 0.1854052637888087}}, {"type": "Feature", "geometry": {"type": "Point", "coordinates": [-6.5, 57.75]}, "properties": {"score": 0.1860890069155733}}, {"type": "Feature", "geometry": {"type": "Point", "coordinates": [-6.25, 57.75]}, "properties": {"score": 0.1867746934211532}}, {"type": "Feature", "geometry": {"type": "Point", "coordinates": [-6.0, 57.75]}, "properties": {"score": 0.1874623245660544}}, {"type": "Feature", "geometry": {"type": "Point", "coordinates": [-5.75, 57.75]}, "properties": {"score": 0.1881519015780869}}, {"type": "Feature", "geometry": {"type": "Point", "coordinates": [-5.5, 57.75]}, "properties": {"score": 0.1888434256521387}}, {"type": "Feature", "geometry": {"type": "Point", "coordinates": [-5.25, 57.75]}, "properties": {"score": 0.1895368979499504}}, {"type": "Feature", "geometry": {"type": "Point", "coordinates": [-5.0, 57.75]}, "properties": {"score": 0.1902323195998885}}, {"type": "Feature", "geometry": {"type": "Point", "coordinates": [-4.75, 57.75]}, "properties": {"score": 0.1909296916967214}}, {"type": "Feature", "geometry": {"type": "Point", "coordinates": [-4.5, 57.75]}, "properties": {"score": 0.1916290153013936}}, {"type": "Feature", "geometry": {"type": "Point", "coordinates": [-4.25, 57.75]}, "properties": {"score": 0.1923302914408005}}, {"type": "Feature", "geometry": {"type": "Point", "coordinates": [-4.0, 57.75]}, "properties": {"score": 0.1930335211075637}}, {"type": "Feature", "geometry": {"type": "Point", "coordinates": [-3.75, 57.75]}, "properties": {"score": 0.1937387052598074}}, {"type": "Feature", "geometry": {"type": "Point", "coordinates": [-3.5, 57.75]}, "properties": {"score": 0.1944458448209333}}, {"type": "Feature", "geometry": {"type": "Point", "coordinates": [-3.25, 57.75]}, "properties": {"score": 0.1951549406793973}}, {"type": "Feature", "geometry": {"type": "Point", "coordinates": [-3.0, 57.75]}, "properties": {"score": 0.1958659936884862}}, {"type": "Feature", "geometry": {"type": "Point", "coordinates": [-2.75, 57.75]}, "properties": {"score": 0.1965790046660942}}, {"type": "Feature", "geometry": {"type": "Point", "coordinates": [-2.5, 57.75]}, "properties": {"score": 0.1972939743945006}}, {"type": "Feature", "geometry": {"type": "Point", "coordinates": [-2.25, 57.75]}, "properties": {"score": 0.1980109036201472}}, {"type": "Feature", "geometry": {"type": "Point", "coordinates": [-2.0, 57.75]}, "properties": {"score": 0.1987297930534164}}, {"type": "Feature", "geometry": {"type": "Point", "coordinates": [-1.75, 57.75]}, "properties": {"score": 0.1994506433684101}}, {"type": "Feature", "geometry": {"type": "Point", "coordinates": [-1.5, 57.75]}, "properties": {"score": 0.2001734552027275}}, {"type": "Feature", "geometry": {"type": "Point", "coordinates": [-1.25, 57.75]}, "properties": {"score": 0.2008982291572463}}, {"type": "Feature", "geometry": {"type": "Point", "coordinates": [-1.0, 57.75]}, "properties": {"score": 0.2016249657959014}}, {"type": "Feature", "geometry": {"type": "Point", "coordinates": [-0.75, 57.75]}, "properties": {"score": 0.2023536656454657}}, {"type": "Feature", "geometry": {"type": "Point", "coordinates": [-0.5, 57.75]}, "properties": {"score": 0.2030843291953309}}, {"type": "Feature", "geometry": {"type": "Point", "coordinates": [-0.25, 57.75]}, "properties": {"score": 0.2038169568972893}}, {"type": "Feature", "geometry": {"type": "Point", "coordinates": [0.0, 57.75]}, "properties": {"score": 0.2045515491653157}}, {"type": "Feature", "geometry": {"type": "Point", "coordinates": [0.25, 57.75]}, "properties": {"score": 0.2052881063753501}}, {"type": "Feature", "geometry": {"type": "Point", "coordinates": [0.5, 57.75]}, "properties": {"score": 0.206026628865081}}, {"type": "Feature", "geometry": {"type": "Point", "coordinates": [0.75, 57.75]}, "properties": {"score": 0.2067671169337292}}, {"type": "Feature", "geometry": {"type": "Point", "coordinates": [1.0, 57.75]}, "properties": {"score": 0.2075095708418328}}, {"type": "Feature", "geometry": {"type": "Point", "coordinates": [1.25, 57.75]}, "properties": {"score": 0.2082539908110318}}, {"type": "Feature", "geometry": {"type": "Point", "coordinates": [1.5, 57.75]}, "properties": {"score": 0.2090003770238546}}, {"type": "Feature", "geometry": {"type": "Point", "coordinates": [1.75, 57.75]}, "properties": {"score": 0.2097487296235042}}, {"type": "Feature", "geometry": {"type": "Point", "coordinates": [2.0, 57.75]}, "properties": {"score": 0.2104990487136464}}, {"type": "Feature", "geometry": {"type": "Point", "coordinates": [2.25, 57.75]}, "properties": {"score": 0.2112513343581962}}, {"type": "Feature", "geometry": {"type": "Point", "coordinates": [-8.0, 58.0]}, "properties": {"score": 0.1751441854236945}}, {"type": "Feature", "geometry": {"type": "Point", "coordinates": [-7.75, 58.0]}, "properties": {"score": 0.1757982539531209}}, {"type": "Feature", "geometry": {"type": "Point", "coordinates": [-7.5, 58.0]}, "properties": {"score": 0.1764542425513981}}, {"type": "Feature", "geometry": {"type": "Point", "coordinates": [-7.25, 58.0]}, "properties": {"score": 0.1771121529528642}}, {"type": "Feature", "geometry": {"type": "Point", "coordinates": [-7.0, 58.0]}, "properties": {"score": 0.1777719868626431}}, {"type": "Feature", "geometry": {"type": "Point", "coordinates": [-6.75, 58.0]}, "properties": {"score": 0.1784337459564171}}, {"type": "Feature", "geometry": {"type": "Point", "coordinates": [-6.5, 58.0]}, "properties": {"score": 0.179097431880201}}, {"type": "Feature", "geometry": {"type": "Point", "coordinates": [-6.25, 58.0]}, "properties": {"score": 0.179763046250115}}, {"type": "Feature", "geometry": {"type": "Point", "coordinates": [-6.0, 58.0]}, "properties": {"score": 0.1804305906521583}}, {"type": "Feature", "geometry": {"type": "Point", "coordinates": [-5.75, 58.0]}, "properties": {"score": 0.1811000666419819}}, {"type": "Feature", "geometry": {"type": "Point", "coordinates": [-5.5, 58.0]}, "properties": {"score": 0.1817714757446621}}, {"type": "Feature", "geometry": {"type": "Point", "coordinates": [-5.25, 58.0]}, "properties": {"score": 0.182444819454474}}, {"type": "Feature", "geometry": {"type": "Point", "coordinates": [-5.0, 58.0]}, "properties": {"score": 0.1831200992346635}}, {"type": "Feature", "geometry": {"type": "Point", "coordinates": [-4.75, 58.0]}, "properties": {"score": 0.1837973165172224}}, {"type": "Feature", "geometry": {"type": "Point", "coordinates": [-4.5, 58.0]}, "properties": {"score": 0.1844764727026602}}, {"type": "Feature", "geometry": {"type": "Point", "coordinates": [-4.25, 58.0]}, "properties": {"score": 0.1851575691597785}}, {"type": "Feature", "geometry": {"type": "Point", "coordinates": [-4.0, 58.0]}, "properties": {"score": 0.1858406072254435}}, {"type": "Feature", "geometry": {"type": "Point", "coordinates": [-3.75, 58.0]}, "properties": {"score": 0.1865255882043605}}, {"type": "Feature", "geometry": {"type": "Point", "coordinates": [-3.5, 58.0]}, "properties": {"score": 0.1872125133688469}}, {"type": "Feature", "geometry": {"type": "Point", "coordinates": [-3.25, 58.0]}, "properties": {"score": 0.1879013839586062}}, {"type": "Feature", "geometry": {"type": "Point", "coordinates": [-3.0, 58.0]}, "properties": {"score": 0.1885922011805023}}, {"type": "Feature", "geometry": {"type": "Point", "coordinates": [-2.75, 58.0]}, "properties": {"score": 0.189284966208333}}, {"type": "Feature", "geometry": {"type": "Point", "coordinates": [-2.5, 58.0]}, "properties": {"score": 0.1899796801826047}}, {"type": "Feature", "geometry": {"type": "Point", "coordinates": [-2.25, 58.0]}, "properties": {"score": 0.190676344210307}}, {"type": "Feature", "geometry": {"type": "Point", "coordinates": [-2.0, 58.0]}, "properties": {"score": 0.191374959364687}}, {"type": "Feature", "geometry": {"type": "Point", "coordinates": [-1.75, 58.0]}, "properties": {"score": 0.192075526685025}}, {"type": "Feature", "geometry": {"type": "Point", "coordinates": [-1.5, 58.0]}, "properties": {"score": 0.1927780471764084}}, {"type": "Feature", "geometry": {"type": "Point", "coordinates": [-1.25, 58.0]}, "properties": {"score": 0.1934825218095089}}, {"type": "Feature", "geometry": {"type": "Point", "coordinates": [-1.0, 58.0]}, "properties": {"score": 0.1941889515203571}}, {"type": "Feature", "geometry": {"type": "Point", "coordinates": [-0.75, 58.0]}, "properties": {"score": 0.1948973372101188}}, {"type": "Feature", "geometry": {"type": "Point", "coordinates": [-0.5, 58.0]}, "properties": {"score": 0.1956076797448719}}, {"type": "Feature", "geometry": {"type": "Point", "coordinates": [-0.25, 58.0]}, "properties": {"score": 0.1963199799553827}}, {"type": "Feature", "geometry": {"type": "Point", "coordinates": [0.0, 58.0]}, "properties": {"score": 0.1970342386368831}}, {"type": "Feature", "geometry": {"type": "Point", "coordinates": [0.25, 58.0]}, "properties": {"score": 0.1977504565488484}}, {"type": "Feature", "geometry": {"type": "Point", "coordinates": [0.5, 58.0]}, "properties": {"score": 0.1984686344147748}}, {"type": "Feature", "geometry": {"type": "Point", "coordinates": [0.75, 58.0]}, "properties": {"score": 0.1991887729219583}}, {"type": "Feature", "geometry": {"type": "Point", "coordinates": [1.0, 58.0]}, "properties": {"score": 0.1999108727212732}}, {"type": "Feature", "geometry": {"type": "Point", "coordinates": [1.25, 58.0]}, "properties": {"score": 0.2006349344269511}}, {"type": "Feature", "geometry": {"type": "Point", "coordinates": [1.5, 58.0]}, "properties": {"score": 0.2013609586163613}}, {"type": "Feature", "geometry": {"type": "Point", "coordinates": [1.75, 58.0]}, "properties": {"score": 0.2020889458297905}}, {"type": "Feature", "geometry": {"type": "Point", "coordinates": [2.0, 58.0]}, "properties": {"score": 0.2028188965702241}}, {"type": "Feature", "geometry": {"type": "Point", "coordinates": [2.25, 58.0]}, "properties": {"score": 0.2035508113031263}}, {"type": "Feature", "geometry": {"type": "Point", "coordinates": [-8.0, 58.25]}, "properties": {"score": 0.1684786998501378}}, {"type": "Feature", "geometry": {"type": "Point", "coordinates": [-7.75, 58.25]}, "properties": {"score": 0.1691129797902179}}, {"type": "Feature", "geometry": {"type": "Point", "coordinates": [-7.5, 58.25]}, "properties": {"score": 0.1697491601610607}}, {"type": "Feature", "geometry": {"type": "Point", "coordinates": [-7.25, 58.25]}, "properties": {"score": 0.1703872429864475}}, {"type": "Feature", "geometry": {"type": "Point", "coordinates": [-7.0, 58.25]}, "properties": {"score": 0.1710272302632841}}, {"type": "Feature", "geometry": {"type": "Point", "coordinates": [-6.75, 58.25]}, "properties": {"score": 0.1716691239613766}}, {"type": "Feature", "geometry": {"type": "Point", "coordinates": [-6.5, 58.25]}, "properties": {"score": 0.1723129260232057}}, {"type": "Feature", "geometry": {"type": "Point", "coordinates": [-6.25, 58.25]}, "properties": {"score": 0.1729586383637019}}, {"type": "Feature", "geometry": {"type": "Point", "coordinates": [-6.0, 58.25]}, "properties": {"score": 0.1736062628700196}}, {"type": "Feature", "geometry": {"type": "Point", "coordinates": [-5.75, 58.25]}, "properties": {"score": 0.1742558014013116}}, {"type": "Feature", "geometry": {"type": "Point", "coordinates": [-5.5, 58.25]}, "properties": {"score": 0.1749072557885034}}, {"type": "Feature", "geometry": {"type": "Point", "coordinates": [-5.25, 58.25]}, "properties": {"score": 0.175560627834067}}, {"type": "Feature", "geometry": {"type": "Point", "coordinates": [-5.0, 58.25]}, "properties": {"score": 0.1762159193117941}}, {"type": "Feature", "geometry": {"type": "Point", "coordinates": [-4.75, 58.25]}, "properties": {"score": 0.176873131966571}}, {"type": "Feature", "geometry": {"type": "Point", "coordinates": [-4.5, 58.25]}, "properties": {"score": 0.1775322675141515}}, {"type": "Feature", "geometry": {"type": "Point", "coordinates": [-4.25, 58.25]}, "properties": {"score": 0.1781933276409306}}, {"type": "Feature", "geometry": {"type": "Point", "coordinates": [-4.0, 58.25]}, "properties": {"score": 0.1788563140037173}}, {"type": "Feature", "geometry": {"type": "Point", "coordinates": [-3.75, 58.25]}, "properties": {"score": 0.179521228229509}}, {"type": "Feature", "geometry": {"type": "Point", "coordinates": [-3.5, 58.25]}, "properties": {"score": 0.1801880719152638}}, {"type": "Feature", "geometry": {"type": "Point", "coordinates": [-3.25, 58.25]}, "properties": {"score": 0.1808568466276743}}, {"type": "Feature", "geometry": {"type": "Point", "coordinates": [-3.0, 58.25]}, "properties": {"score": 0.1815275539029405}}, {"type": "Feature", "geometry": {"type": "Point", "coordinates": [-2.75, 58.25]}, "properties": {"score": 0.1822001952465435}}, {"type": "Feature", "geometry": {"type": "Point", "coordinates": [-2.5, 58.25]}, "properties": {"score": 0.1828747721330181}}, {"type": "Feature", "geometry": {"type": "Point", "coordinates": [-2.25, 58.25]}, "properties": {"score": 0.1835512860057263}}, {"type": "Feature", "geometry": {"type": "Point", "coordinates": [-2.0, 58.25]}, "properties": {"score": 0.184229738276631}}, {"type": "Feature", "geometry": {"type": "Point", "coordinates": [-1.75, 58.25]}, "properties": {"score": 0.184910130326069}}, {"type": "Feature", "geometry": {"type": "Point", "coordinates": [-1.5, 58.25]}, "properties": {"score": 0.1855924635025236}}, {"type": "Feature", "geometry": {"type": "Point", "coordinates": [-1.25, 58.25]}, "properties": {"score": 0.1862767391223998}}, {"type": "Feature", "geometry": {"type": "Point", "coordinates": [-1.0, 58.25]}, "properties": {"score": 0.1869629584697968}}, {"type": "Feature", "geometry": {"type": "Point", "coordinates": [-0.75, 58.25]}, "properties": {"score": 0.1876511227962822}}, {"type": "Feature", "geometry": {"type": "Point", "coordinates": [-0.5, 58.25]}, "properties": {"score": 0.1883412333206654}}, {"type": "Feature", "geometry": {"type": "Point", "coordinates": [-0.25, 58.25]}, "properties": {"score": 0.1890332912287722}}, {"type": "Feature", "geometry": {"type": "Point", "coordinates": [0.0, 58.25]}, "properties": {"score": 0.1897272976732188}}, {"type": "Feature", "geometry": {"type": "Point", "coordinates": [0.25, 58.25]}, "properties": {"score": 0.1904232537731862}}, {"type": "Feature", "geometry": {"type": "Point", "coordinates": [0.5, 58.25]}, "properties": {"score": 0.1911211606141949}}, {"type": "Feature", "geometry": {"type": "Point", "coordinates": [0.75, 58.25]}, "properties": {"score": 0.1918210192478799}}, {"type": "Feature", "geometry": {"type": "Point", "coordinates": [1.0, 58.25]}, "properties": {"score": 0.1925228306917656}}, {"type": "Feature", "geometry": {"type": "Point", "coordinates": [1.25, 58.25]}, "properties": {"score": 0.1932265959290413}}, {"type": "Feature", "geometry": {"type": "Point", "coordinates": [1.5, 58.25]}, "properties": {"score": 0.1939323159083369}}, {"type": "Feature", "geometry": {"type": "Point", "coordinates": [1.75, 58.25]}, "properties": {"score": 0.194639991543499}}, {"type": "Feature", "geometry": {"type": "Point", "coordinates": [2.0, 58.25]}, "properties": {"score": 0.1953496237133671}}, {"type": "Feature", "geometry": {"type": "Point", "coordinates": [2.25, 58.25]}, "properties": {"score": 0.1960612132615497}}, {"type": "Feature", "geometry": {"type": "Point", "coordinates": [-8.0, 58.5]}, "properties": {"score": 0.1620170581745268}}, {"type": "Feature", "geometry": {"type": "Point", "coordinates": [-7.75, 58.5]}, "properties": {"score": 0.1626317695096938}}, {"type": "Feature", "geometry": {"type": "Point", "coordinates": [-7.5, 58.5]}, "properties": {"score": 0.163248358775263}}, {"type": "Feature", "geometry": {"type": "Point", "coordinates": [-7.25, 58.5]}, "properties": {"score": 0.1638668282603489}}, {"type": "Feature", "geometry": {"type": "Point", "coordinates": [-7.0, 58.5]}, "properties": {"score": 0.1644871802295047}}, {"type": "Feature", "geometry": {"type": "Point", "coordinates": [-6.75, 58.5]}, "properties": {"score": 0.1651094169224999}}, {"type": "Feature", "geometry": {"type": "Point", "coordinates": [-6.5, 58.5]}, "properties": {"score": 0.1657335405540987}}, {"type": "Feature", "geometry": {"type": "Point", "coordinates": [-6.25, 58.5]}, "properties": {"score": 0.1663595533138376}}, {"type": "Feature", "geometry": {"type": "Point", "coordinates": [-6.0, 58.5]}, "properties": {"score": 0.1669874573658022}}, {"type": "Feature", "geometry": {"type": "Point", "coordinates": [-5.75, 58.5]}, "properties": {"score": 0.1676172548484048}}, {"type": "Feature", "geometry": {"type": "Point", "coordinates": [-5.5, 58.5]}, "properties": {"score": 0.1682489478741602}}, {"type": "Feature", "geometry": {"type": "Point", "coordinates": [-5.25, 58.5]}, "properties": {"score": 0.168882538529463}}, {"type": "Feature", "geometry": {"type": "Point", "coordinates": [-5.0, 58.5]}, "properties": {"score": 0.1695180288743619}}, {"type": "Feature", "geometry": {"type": "Point", "coordinates": [-4.75, 58.5]}, "properties": {"score": 0.1701554209423374}}, {"type": "Feature", "geometry": {"type": "Point", "coordinates": [-4.5, 58.5]}, "properties": {"score": 0.1707947167400764}}, {"type": "Feature", "geometry": {"type": "Point", "coordinates": [-4.25, 58.5]}, "properties": {"score": 0.171435918247247}}, {"type": "Feature", "geometry": {"type": "Point", "coordinates": [-4.0, 58.5]}, "properties": {"score": 0.1720790274162743}}, {"type": "Feature", "geometry": {"type": "Point", "coordinates": [-3.75, 58.5]}, "properties": {"score": 0.1727240461721146}}, {"type": "Feature", "geometry": {"type": "Point", "coordinates": [-3.5, 58.5]}, "properties": {"score": 0.1733709764120301}}, {"type": "Feature", "geometry": {"type": "Point", "coordinates": [-3.25, 58.5]}, "properties": {"score": 0.1740198200053633}}, {"type": "Feature", "geometry": {"type": "Point", "coordinates": [-3.0, 58.5]}, "properties": {"score": 0.1746705787933115}}, {"type": "Feature", "geometry": {"type": "Point", "coordinates": [-2.75, 58.5]}, "properties": {"score": 0.1753232545887001}}, {"type": "Feature", "geometry": {"type": "Point", "coordinates": [-2.5, 58.5]}, "properties": {"score": 0.1759778491757573}}, {"type": "Feature", "geometry": {"type": "Point", "coordinates": [-2.25, 58.5]}, "properties": {"score": 0.1766343643098872}}, {"type": "Feature", "geometry": {"type": "Point", "coordinates": [-2.0, 58.5]}, "properties": {"score": 0.1772928017174439}}, {"type": "Feature", "geometry": {"type": "Point", "coordinates": [-1.75, 58.5]}, "properties": {"score": 0.1779531630955048}}, {"type": "Feature", "geometry": {"type": "Point", "coordinates": [-1.5, 58.5]}, "properties": {"score": 0.1786154501116435}}, {"type": "Feature", "geometry": {"type": "Point", "coordinates": [-1.25, 58.5]}, "properties": {"score": 0.1792796644037044}}, {"type": "Feature", "geometry": {"type": "Point", "coordinates": [-1.0, 58.5]}, "properties": {"score": 0.1799458075795749}}, {"type": "Feature", "geometry": {"type": "Point", "coordinates": [-0.75, 58.5]}, "properties": {"score": 0.1806138812169594}}, {"type": "Feature", "geometry": {"type": "Point", "coordinates": [-0.5, 58.5]}, "properties": {"score": 0.1812838868631518}}, {"type": "Feature", "geometry": {"type": "Point", "coordinates": [-0.25, 58.5]}, "properties": {"score": 0.1819558260348091}}, {"type": "Feature", "geometry": {"type": "Point", "coordinates": [0.0, 58.5]}, "properties": {"score": 0.182629700217725}}, {"type": "Feature", "geometry": {"type": "Point", "coordinates": [0.25, 58.5]}, "properties": {"score": 0.1833055108666023}}, {"type": "Feature", "geometry": {"type": "Point", "coordinates": [0.5, 58.5]}, "properties": {"score": 0.1839832594048269}}, {"type": "Feature", "geometry": {"type": "Point", "coordinates": [0.75, 58.5]}, "properties": {"score": 0.1846629472242406}}, {"type": "Feature", "geometry": {"type": "Point", "coordinates": [1.0, 58.5]}, "properties": {"score": 0.1853445756849152}}, {"type": "Feature", "geometry": {"type": "Point", "coordinates": [1.25, 58.5]}, "properties": {"score": 0.1860281461149249}}, {"type": "Feature", "geometry": {"type": "Point", "coordinates": [1.5, 58.5]}, "properties": {"score": 0.1867136598101212}}, {"type": "Feature", "geometry": {"type": "Point", "coordinates": [1.75, 58.5]}, "properties": {"score": 0.1874011180339053}}, {"type": "Feature", "geometry": {"type": "Point", "coordinates": [2.0, 58.5]}, "properties": {"score": 0.1880905220170034}}, {"type": "Feature", "geometry": {"type": "Point", "coordinates": [2.25, 58.5]}, "properties": {"score": 0.1887818729572385}}, {"type": "Feature", "geometry": {"type": "Point", "coordinates": [-8.0, 58.75]}, "properties": {"score": 0.1557568180090789}}, {"type": "Feature", "geometry": {"type": "Point", "coordinates": [-7.75, 58.75]}, "properties": {"score": 0.1563522089733593}}, {"type": "Feature", "geometry": {"type": "Point", "coordinates": [-7.5, 58.75]}, "properties": {"score": 0.1569494527533825}}, {"type": "Feature", "geometry": {"type": "Point", "coordinates": [-7.25, 58.75]}, "properties": {"score": 0.1575485518798385}}, {"type": "Feature", "geometry": {"type": "Point", "coordinates": [-7.0, 58.75]}, "properties": {"score": 0.1581495088611292}}, {"type": "Feature", "geometry": {"type": "Point", "coordinates": [-6.75, 58.75]}, "properties": {"score": 0.1587523261831507}}, {"type": "Feature", "geometry": {"type": "Point", "coordinates": [-6.5, 58.75]}, "properties": {"score": 0.1593570063090761}}, {"type": "Feature", "geometry": {"type": "Point", "coordinates": [-6.25, 58.75]}, "properties": {"score": 0.1599635516791368}}, {"type": "Feature", "geometry": {"type": "Point", "coordinates": [-6.0, 58.75]}, "properties": {"score": 0.160571964710404}}, {"type": "Feature", "geometry": {"type": "Point", "coordinates": [-5.75, 58.75]}, "properties": {"score": 0.1611822477965695}}, {"type": "Feature", "geometry": {"type": "Point", "coordinates": [-5.5, 58.75]}, "properties": {"score": 0.1617944033077264}}, {"type": "Feature", "geometry": {"type": "Point", "coordinates": [-5.25, 58.75]}, "properties": {"score": 0.1624084335901492}}, {"type": "Feature", "geometry": {"type": "Point", "coordinates": [-5.0, 58.75]}, "properties": {"score": 0.1630243409660723}}, {"type": "Feature", "geometry": {"type": "Point", "coordinates": [-4.75, 58.75]}, "properties": {"score": 0.1636421277334708}}, {"type": "Feature", "geometry": {"type": "Point", "coordinates": [-4.5, 58.75]}, "properties": {"score": 0.1642617961658383}}, {"type": "Feature", "geometry": {"type": "Point", "coordinates": [-4.25, 58.75]}, "properties": {"score": 0.1648833485119656}}, {"type": "Feature", "geometry": {"type": "Point", "coordinates": [-4.0, 58.75]}, "properties": {"score": 0.1655067869957187}}, {"type": "Feature", "geometry": {"type": "Point", "coordinates": [-3.75, 58.75]}, "properties": {"score": 0.1661321138158167}}, {"type": "Feature", "geometry": {"type": "Point", "coordinates": [-3.5, 58.75]}, "properties": {"score": 0.1667593311456086}}, {"type": "Feature", "geometry": {"type": "Point", "coordinates": [-3.25, 58.75]}, "properties": {"score": 0.1673884411328512}}, {"type": "Feature", "geometry": {"type": "Point", "coordinates": [-3.0, 58.75]}, "properties": {"score": 0.1680194458994849}}, {"type": "Feature", "geometry": {"type": "Point", "coordinates": [-2.75, 58.75]}, "properties": {"score": 0.1686523475414108}}, {"type": "Feature", "geometry": {"type": "Point", "coordinates": [-2.5, 58.75]}, "properties": {"score": 0.1692871481282664}}, {"type": "Feature", "geometry": {"type": "Point", "coordinates": [-2.25, 58.75]}, "properties": {"score": 0.1699238497032016}}, {"type": "Feature", "geometry": {"type": "Point", "coordinates": [-2.0, 58.75]}, "properties": {"score": 0.1705624542826541}}, {"type": "Feature", "geometry": {"type": "Point", "coordinates": [-1.75, 58.75]}, "properties": {"score": 0.1712029638561254}}, {"type": "Feature", "geometry": {"type": "Point", "coordinates": [-1.5, 58.75]}, "properties": {"score": 0.1718453803859542}}, {"type": "Feature", "geometry": {"type": "Point", "coordinates": [-1.25, 58.75]}, "properties": {"score": 0.1724897058070934}}, {"type": "Feature", "geometry": {"type": "Point", "coordinates": [-1.0, 58.75]}, "properties": {"score": 0.1731359420268832}}, {"type": "Feature", "geometry": {"type": "Point", "coordinates": [-0.75, 58.75]}, "properties": {"score": 0.1737840909248263}}, {"type": "Feature", "geometry": {"type": "Point", "coordinates": [-0.5, 58.75]}, "properties": {"score": 0.1744341543523616}}, {"type": "Feature", "geometry": {"type": "Point", "coordinates": [-0.25, 58.75]}, "properties": {"score": 0.1750861341326388}}, {"type": "Feature", "geometry": {"type": "Point", "coordinates": [0.0, 58.75]}, "properties": {"score": 0.175740032060292}}, {"type": "Feature", "geometry": {"type": "Point", "coordinates": [0.25, 58.75]}, "properties": {"score": 0.1763958499012136}}, {"type": "Feature", "geometry": {"type": "Point", "coordinates": [0.5, 58.75]}, "properties": {"score": 0.177053589392328}}, {"type": "Feature", "geometry": {"type": "Point", "coordinates": [0.75, 58.75]}, "properties": {"score": 0.1777132522413651}}, {"type": "Feature", "geometry": {"type": "Point", "coordinates": [1.0, 58.75]}, "properties": {"score": 0.1783748401266338}}, {"type": "Feature", "geometry": {"type": "Point", "coordinates": [1.25, 58.75]}, "properties": {"score": 0.1790383546967954}}, {"type": "Feature", "geometry": {"type": "Point", "coordinates": [1.5, 58.75]}, "properties": {"score": 0.1797037975706368}}, {"type": "Feature", "geometry": {"type": "Point", "coordinates": [1.75, 58.75]}, "properties": {"score": 0.1803711703368438}}, {"type": "Feature", "geometry": {"type": "Point", "coordinates": [2.0, 58.75]}, "properties": {"score": 0.181040474553775}}, {"type": "Feature", "geometry": {"type": "Point", "coordinates": [2.25, 58.75]}, "properties": {"score": 0.1817117117492331}}, {"type": "Feature", "geometry": {"type": "Point", "coordinates": [-8.0, 59.0]}, "properties": {"score": 0.1496952587199574}}, {"type": "Feature", "geometry": {"type": "Point", "coordinates": [-7.75, 59.0]}, "properties": {"score": 0.1502716032512486}}, {"type": "Feature", "geometry": {"type": "Point", "coordinates": [-7.5, 59.0]}, "properties": {"score": 0.1508497731128553}}, {"type": "Feature", "geometry": {"type": "Point", "coordinates": [-7.25, 59.0]}, "properties": {"score": 0.1514297710537748}}, {"type": "Feature", "geometry": {"type": "Point", "coordinates": [-7.0, 59.0]}, "properties": {"score": 0.152011599802937}}, {"type": "Feature", "geometry": {"type": "Point", "coordinates": [-6.75, 59.0]}, "properties": {"score": 0.152595262068992}}, {"type": "Feature", "geometry": {"type": "Point", "coordinates": [-6.5, 59.0]}, "properties": {"score": 0.1531807605400983}}, {"type": "Feature", "geometry": {"type": "Point", "coordinates": [-6.25, 59.0]}, "properties": {"score": 0.1537680978837098}}, {"type": "Feature", "geometry": {"type": "Point", "coordinates": [-6.0, 59.0]}, "properties": {"score": 0.1543572767463625}}, {"type": "Feature", "geometry": {"type": "Point", "coordinates": [-5.75, 59.0]}, "properties": {"score": 0.1549482997534605}}, {"type": "Feature", "geometry": {"type": "Point", "coordinates": [-5.5, 59.0]}, "properties": {"score": 0.1555411695090617}}, {"type": "Feature", "geometry": {"type": "Point", "coordinates": [-5.25, 59.0]}, "properties": {"score": 0.1561358885956625}}, {"type": "Feature", "geometry": {"type": "Point", "coordinates": [-5.0, 59.0]}, "properties": {"score": 0.1567324595739819}}, {"type": "Feature", "geometry": {"type": "Point", "coordinates": [-4.75, 59.0]}, "properties": {"score": 0.1573308849827467}}, {"type": "Feature", "geometry": {"type": "Point", "coordinates": [-4.5, 59.0]}, "properties": {"score": 0.1579311673384735}}, {"type": "Feature", "geometry": {"type": "Point", "coordinates": [-4.25, 59.0]}, "properties": {"score": 0.1585333091352526}}, {"type": "Feature", "geometry": {"type": "Point", "coordinates": [-4.0, 59.0]}, "properties": {"score": 0.1591373128445299}}, {"type": "Feature", "geometry": {"type": "Point", "coordinates": [-3.75, 59.0]}, "properties": {"score": 0.159743180914889}}, {"type": "Feature", "geometry": {"type": "Point", "coordinates": [-3.5, 59.0]}, "properties": {"score": 0.1603509157718328}}, {"type": "Feature", "geometry": {"type": "Point", "coordinates": [-3.25, 59.0]}, "properties": {"score": 0.1609605198175644}}, {"type": "Feature", "geometry": {"type": "Point", "coordinates": [-3.0, 59.0]}, "properties": {"score": 0.1615719954307679}}, {"type": "Feature", "geometry": {"type": "Point", "coordinates": [-2.75, 59.0]}, "properties": {"score": 0.1621853449663883}}, {"type": "Feature", "geometry": {"type": "Point", "coordinates": [-2.5, 59.0]}, "properties": {"score": 0.1628005707554115}}, {"type": "Feature", "geometry": {"type": "Point", "coordinates": [-2.25, 59.0]}, "properties": {"score": 0.1634176751046434}}, {"type": "Feature", "geometry": {"type": "Point", "coordinates": [-2.0, 59.0]}, "properties": {"score": 0.1640366602964892}}, {"type": "Feature", "geometry": {"type": "Point", "coordinates": [-1.75, 59.0]}, "properties": {"score": 0.1646575285887317}}, {"type": "Feature", "geometry": {"type": "Point", "coordinates": [-1.5, 59.0]}, "properties": {"score": 0.165280282214309}}, {"type": "Feature", "geometry": {"type": "Point", "coordinates": [-1.25, 59.0]}, "properties": {"score": 0.1659049233810935}}, {"type": "Feature", "geometry": {"type": "Point", "coordinates": [-1.0, 59.0]}, "properties": {"score": 0.1665314542716687}}, {"type": "Feature", "geometry": {"type": "Point", "coordinates": [-0.75, 59.0]}, "properties": {"score": 0.1671598770431061}}, {"type": "Feature", "geometry": {"type": "Point", "coordinates": [-0.5, 59.0]}, "properties": {"score": 0.1677901938267423}}, {"type": "Feature", "geometry": {"type": "Point", "coordinates": [-0.25, 59.0]}, "properties": {"score": 0.1684224067279558}}, {"type": "Feature", "geometry": {"type": "Point", "coordinates": [0.0, 59.0]}, "properties": {"score": 0.1690565178259427}}, {"type": "Feature", "geometry": {"type": "Point", "coordinates": [0.25, 59.0]}, "properties": {"score": 0.1696925291734929}}, {"type": "Feature", "geometry": {"type": "Point", "coordinates": [0.5, 59.0]}, "properties": {"score": 0.1703304427967658}}, {"type": "Feature", "geometry": {"type": "Point", "coordinates": [0.75, 59.0]}, "properties": {"score": 0.1709702606950654}}, {"type": "Feature", "geometry": {"type": "Point", "coordinates": [1.0, 59.0]}, "properties": {"score": 0.1716119848406161}}, {"type": "Feature", "geometry": {"type": "Point", "coordinates": [1.25, 59.0]}, "properties": {"score": 0.1722556171783367}}, {"type": "Feature", "geometry": {"type": "Point", "coordinates": [1.5, 59.0]}, "properties": {"score": 0.172901159625616}}, {"type": "Feature", "geometry": {"type": "Point", "coordinates": [1.75, 59.0]}, "properties": {"score": 0.1735486140720868}}, {"type": "Feature", "geometry": {"type": "Point", "coordinates": [2.0, 59.0]}, "properties": {"score": 0.1741979823794004}}, {"type": "Feature", "geometry": {"type": "Point", "coordinates": [2.25, 59.0]}, "properties": {"score": 0.1748492663810003}}, {"type": "Feature", "geometry": {"type": "Point", "coordinates": [-8.0, 59.25]}, "properties": {"score": 0.1438294075147356}}, {"type": "Feature", "geometry": {"type": "Point", "coordinates": [-7.75, 59.25]}, "properties": {"score": 0.1443870027628582}}, {"type": "Feature", "geometry": {"type": "Point", "coordinates": [-7.5, 59.25]}, "properties": {"score": 0.1449463937228554}}, {"type": "Feature", "geometry": {"type": "Point", "coordinates": [-7.25, 59.25]}, "properties": {"score": 0.1455075833393745}}, {"type": "Feature", "geometry": {"type": "Point", "coordinates": [-7.0, 59.25]}, "properties": {"score": 0.1460705745391518}}, {"type": "Feature", "geometry": {"type": "Point", "coordinates": [-6.75, 59.25]}, "properties": {"score": 0.1466353702308074}}, {"type": "Feature", "geometry": {"type": "Point", "coordinates": [-6.5, 59.25]}, "properties": {"score": 0.1472019733046395}}, {"type": "Feature", "geometry": {"type": "Point", "coordinates": [-6.25, 59.25]}, "properties": {"score": 0.1477703866324183}}, {"type": "Feature", "geometry": {"type": "Point", "coordinates": [-6.0, 59.25]}, "properties": {"score": 0.1483406130671781}}, {"type": "Feature", "geometry": {"type": "Point", "coordinates": [-5.75, 59.25]}, "properties": {"score": 0.1489126554430105}}, {"type": "Feature", "geometry": {"type": "Point", "coordinates": [-5.5, 59.25]}, "properties": {"score": 0.1494865165748556}}, {"type": "Feature", "geometry": {"type": "Point", "coordinates": [-5.25, 59.25]}, "properties": {"score": 0.1500621992582932}}, {"type": "Feature", "geometry": {"type": "Point", "coordinates": [-5.0, 59.25]}, "properties": {"score": 0.1506397062693324}}, {"type": "Feature", "geometry": {"type": "Point", "coordinates": [-4.75, 59.25]}, "properties": {"score": 0.1512190403642025}}, {"type": "Feature", "geometry": {"type": "Point", "coordinates": [-4.5, 59.25]}, "properties": {"score": 0.1518002042791417}}, {"type": "Feature", "geometry": {"type": "Point", "coordinates": [-4.25, 59.25]}, "properties": {"score": 0.1523832007301853}}, {"type": "Feature", "geometry": {"type": "Point", "coordinates": [-4.0, 59.25]}, "properties": {"score": 0.1529680324129543}}, {"type": "Feature", "geometry": {"type": "Point", "coordinates": [-3.75, 59.25]}, "properties": {"score": 0.1535547020024422}}, {"type": "Feature", "geometry": {"type": "Point", "coordinates": [-3.5, 59.25]}, "properties": {"score": 0.1541432121528022}}, {"type": "Feature", "geometry": {"type": "Point", "coordinates": [-3.25, 59.25]}, "properties": {"score": 0.1547335654971332}}, {"type": "Feature", "geometry": {"type": "Point", "coordinates": [-3.0, 59.25]}, "properties": {"score": 0.155325764647266}}, {"type": "Feature", "geometry": {"type": "Point", "coordinates": [-2.75, 59.25]}, "properties": {"score": 0.1559198121935478}}, {"type": "Feature", "geometry": {"type": "Point", "coordinates": [-2.5, 59.25]}, "properties": {"score": 0.1565157107046272}}, {"type": "Feature", "geometry": {"type": "Point", "coordinates": [-2.25, 59.25]}, "properties": {"score": 0.1571134627272385}}, {"type": "Feature", "geometry": {"type": "Point", "coordinates": [-2.0, 59.25]}, "properties": {"score": 0.1577130707859847}}, {"type": "Feature", "geometry": {"type": "Point", "coordinates": [-1.75, 59.25]}, "properties": {"score": 0.1583145373831215}}, {"type": "Feature", "geometry": {"type": "Point", "coordinates": [-1.5, 59.25]}, "properties": {"score": 0.1589178649983386}}, {"type": "Feature", "geometry": {"type": "Point", "coordinates": [-1.25, 59.25]}, "properties": {"score": 0.1595230560885433}}, {"type": "Feature", "geometry": {"type": "Point", "coordinates": [-1.0, 59.25]}, "properties": {"score": 0.1601301130876414}}, {"type": "Feature", "geometry": {"type": "Point", "coordinates": [-0.75, 59.25]}, "properties": {"score": 0.1607390384063182}}, {"type": "Feature", "geometry": {"type": "Point", "coordinates": [-0.5, 59.25]}, "properties": {"score": 0.1613498344318199}}, {"type": "Feature", "geometry": {"type": "Point", "coordinates": [-0.25, 59.25]}, "properties": {"score": 0.1619625035277334}}, {"type": "Feature", "geometry": {"type": "Point", "coordinates": [0.0, 59.25]}, "properties": {"score": 0.1625770480337663}}, {"type": "Feature", "geometry": {"type": "Point", "coordinates": [0.25, 59.25]}, "properties": {"score": 0.1631934702655267}}, {"type": "Feature", "geometry": {"type": "Point", "coordinates": [0.5, 59.25]}, "properties": {"score": 0.1638117725143018}}, {"type": "Feature", "geometry": {"type": "Point", "coordinates": [0.75, 59.25]}, "properties": {"score": 0.1644319570468371}}, {"type": "Feature", "geometry": {"type": "Point", "coordinates": [1.0, 59.25]}, "properties": {"score": 0.1650540261051143}}, {"type": "Feature", "geometry": {"type": "Point", "coordinates": [1.25, 59.25]}, "properties": {"score": 0.1656779819061296}}, {"type": "Feature", "geometry": {"type": "Point", "coordinates": [1.5, 59.25]}, "properties": {"score": 0.166303826641671}}, {"type": "Feature", "geometry": {"type": "Point", "coordinates": [1.75, 59.25]}, "properties": {"score": 0.1669315624780958}}, {"type": "Feature", "geometry": {"type": "Point", "coordinates": [2.0, 59.25]}, "properties": {"score": 0.1675611915561076}}, {"type": "Feature", "geometry": {"type": "Point", "coordinates": [2.25, 59.25]}, "properties": {"score": 0.1681927159905322}}]}